{"type":"FeatureCollection","features":[{"type":"Feature","properties":{"codigo":"P28","nombre_asp":"Los Quetzales","cat_manejo":"Parque Nacional","estatus":"Estatal","siglas_cat":"PN","nombre_ac":"Area de Conservacion Central","siglas_ac":"ACC","descripcio":"Area terrestre protegida","a_creacion":"2006","n_creacion":"DE_32981_MINAE","version":"2019-11-19-001","area_hecta":4102.8235102348635,"area_km2":41.02823510234863},"geometry":{"type":"MultiPolygon","coordinates":[[[[-83.842528,9.633289],[-83.842248,9.633116],[-83.841718,9.633308],[-83.841274,9.633489],[-83.840927,9.633613],[-83.840618,9.633757],[-83.840189,9.633841],[-83.839837,9.633766],[-83.839577,9.633527],[-83.839481,9.633086],[-83.839755,9.63251],[-83.840031,9.632101],[-83.84018,9.631614],[-83.840185,9.631223],[-83.840131,9.630882],[-83.839927,9.630626],[-83.839713,9.630558],[-83.839318,9.630369],[-83.838248,9.630119],[-83.837833,9.630052],[-83.837555,9.630011],[-83.837443,9.629927],[-83.837129,9.629602],[-83.837149,9.629162],[-83.837313,9.628961],[-83.837448,9.628798],[-83.837648,9.628682],[-83.837829,9.628436],[-83.838033,9.628223],[-83.838214,9.628055],[-83.838596,9.627871],[-83.838876,9.627574],[-83.83902,9.627392],[-83.839107,9.627239],[-83.839198,9.627076],[-83.839155,9.626893],[-83.839188,9.626823],[-83.839215,9.626693],[-83.839203,9.626562],[-83.839067,9.626342],[-83.838876,9.626066],[-83.838457,9.625894],[-83.838182,9.625894],[-83.837543,9.625869],[-83.837176,9.625752],[-83.836932,9.625472],[-83.836325,9.624847],[-83.835887,9.624601],[-83.834971,9.624445],[-83.834357,9.624356],[-83.83388,9.62408],[-83.833424,9.623537],[-83.833129,9.623171],[-83.832644,9.622791],[-83.832181,9.622302],[-83.831658,9.621857],[-83.831343,9.621469],[-83.831343,9.620802],[-83.831578,9.620269],[-83.831773,9.619813],[-83.831906,9.619477],[-83.831966,9.619024],[-83.831923,9.618484],[-83.831518,9.617996],[-83.83107,9.617838],[-83.830665,9.617766],[-83.830086,9.617837],[-83.829319,9.618196],[-83.828176,9.618554],[-83.827815,9.618712],[-83.827453,9.618798],[-83.827149,9.618869],[-83.826947,9.618869],[-83.826691,9.618881],[-83.826441,9.618783],[-83.826282,9.618682],[-83.825998,9.618486],[-83.825846,9.618406],[-83.825733,9.618109],[-83.825564,9.617882],[-83.825355,9.617695],[-83.825069,9.617375],[-83.82459,9.616959],[-83.82413,9.616948],[-83.823883,9.61693],[-83.823419,9.616901],[-83.822768,9.616929],[-83.822392,9.616886],[-83.822102,9.616814],[-83.821784,9.616814],[-83.821394,9.616742],[-83.821104,9.616598],[-83.8207,9.616454],[-83.820396,9.616382],[-83.82002,9.616224],[-83.819514,9.616009],[-83.818704,9.615664],[-83.817807,9.615548],[-83.817258,9.615491],[-83.816722,9.615491],[-83.816245,9.615677],[-83.815768,9.615748],[-83.815319,9.615806],[-83.814885,9.615877],[-83.814307,9.615877],[-83.813743,9.615977],[-83.813135,9.615962],[-83.812745,9.615948],[-83.812152,9.61589],[-83.81124,9.615746],[-83.810416,9.61543],[-83.809606,9.615113],[-83.809129,9.614884],[-83.808262,9.614467],[-83.807611,9.614208],[-83.806641,9.613889],[-83.805699,9.613542],[-83.805215,9.613345],[-83.804708,9.61323],[-83.804301,9.613161],[-83.803792,9.613172],[-83.803245,9.613244],[-83.802824,9.61333],[-83.802491,9.613387],[-83.801842,9.613487],[-83.801307,9.613515],[-83.800844,9.613446],[-83.800497,9.613336],[-83.800036,9.613226],[-83.799692,9.612968],[-83.799472,9.612724],[-83.799292,9.612556],[-83.799047,9.612152],[-83.798849,9.611933],[-83.79865,9.611771],[-83.798395,9.611566],[-83.79804,9.611284],[-83.797842,9.611171],[-83.797523,9.610994],[-83.797096,9.610815],[-83.796522,9.610428],[-83.796359,9.610322],[-83.796099,9.610108],[-83.795792,9.609737],[-83.795629,9.609483],[-83.795509,9.609313],[-83.795374,9.609151],[-83.79497,9.608883],[-83.794706,9.608849],[-83.794556,9.60884],[-83.794475,9.608835],[-83.794104,9.608875],[-83.793976,9.608937],[-83.793855,9.608972],[-83.793557,9.60904],[-83.793337,9.609063],[-83.793138,9.609063],[-83.792889,9.609034],[-83.792598,9.608956],[-83.792286,9.608779],[-83.792038,9.608539],[-83.791854,9.608271],[-83.791656,9.607834],[-83.791543,9.607531],[-83.79143,9.607263],[-83.791319,9.60695],[-83.791104,9.606459],[-83.79102,9.606269],[-83.790949,9.606092],[-83.790841,9.605839],[-83.790708,9.605531],[-83.790667,9.605326],[-83.790605,9.604977],[-83.790556,9.604557],[-83.79053,9.604448],[-83.79049,9.604335],[-83.790576,9.603673],[-83.790688,9.602809],[-83.790998,9.602239],[-83.791554,9.602158],[-83.792317,9.601584],[-83.793476,9.600614],[-83.801035,9.602126],[-83.805108,9.593365],[-83.804703,9.59255],[-83.804721,9.591646],[-83.804056,9.591159],[-83.804213,9.590635],[-83.804105,9.590187],[-83.803645,9.589687],[-83.809964,9.588381],[-83.81015,9.577378],[-83.809643,9.569239],[-83.81209,9.567738],[-83.812501,9.568339],[-83.813211,9.571464],[-83.818786,9.564051],[-83.817941,9.562339],[-83.819284,9.561227],[-83.81769,9.55798],[-83.817995,9.557587],[-83.818726,9.557362],[-83.820386,9.553353],[-83.825064,9.548269],[-83.824689,9.546311],[-83.823685,9.545185],[-83.822011,9.543295],[-83.817245,9.543305],[-83.817066,9.541791],[-83.817656,9.539601],[-83.818462,9.537994],[-83.818079,9.537009],[-83.817639,9.536507],[-83.818289,9.535834],[-83.819317,9.53566],[-83.820493,9.536553],[-83.821194,9.536625],[-83.823033,9.535528],[-83.824161,9.533992],[-83.824389,9.531916],[-83.824671,9.531301],[-83.825317,9.53092],[-83.826083,9.531119],[-83.826945,9.530783],[-83.82774,9.530767],[-83.82833,9.531104],[-83.829253,9.530966],[-83.830252,9.531047],[-83.830877,9.531567],[-83.831758,9.531684],[-83.832725,9.531206],[-83.835527,9.531342],[-83.836418,9.531696],[-83.8384,9.534291],[-83.839389,9.534625],[-83.841436,9.534114],[-83.841641,9.534461],[-83.841879,9.541199],[-83.842693,9.545732],[-83.842672,9.548676],[-83.845472,9.550037],[-83.845833,9.549729],[-83.846711,9.549255],[-83.846944,9.548867],[-83.847376,9.550167],[-83.84806,9.551141],[-83.847895,9.552286],[-83.848076,9.553573],[-83.848499,9.554434],[-83.849304,9.554721],[-83.848553,9.555276],[-83.847108,9.555471],[-83.846116,9.556189],[-83.845344,9.557187],[-83.845266,9.559809],[-83.844806,9.561344],[-83.844557,9.562679],[-83.84617,9.563451],[-83.84771,9.563901],[-83.846242,9.56528],[-83.846735,9.566224],[-83.846763,9.567257],[-83.848624,9.568078],[-83.848452,9.570808],[-83.849163,9.573479],[-83.847858,9.573239],[-83.845341,9.574979],[-83.837079,9.578078],[-83.835811,9.577391],[-83.834566,9.580564],[-83.834335,9.584552],[-83.834534,9.585311],[-83.833011,9.585313],[-83.830645,9.586388],[-83.829102,9.586397],[-83.828519,9.587459],[-83.828697,9.588222],[-83.830506,9.588804],[-83.832789,9.590292],[-83.83394,9.590824],[-83.834423,9.591301],[-83.834987,9.591752],[-83.835856,9.593589],[-83.835903,9.594274],[-83.836094,9.594218],[-83.83669,9.592221],[-83.837169,9.59157],[-83.837337,9.591026],[-83.837101,9.590536],[-83.83698,9.58997],[-83.838165,9.588811],[-83.838533,9.588851],[-83.83854,9.589363],[-83.838652,9.589628],[-83.838803,9.591159],[-83.838966,9.591247],[-83.839228,9.590794],[-83.839384,9.589591],[-83.8398,9.589277],[-83.840212,9.589304],[-83.840913,9.589588],[-83.841054,9.589403],[-83.841568,9.589793],[-83.842183,9.591004],[-83.843094,9.591074],[-83.843434,9.591566],[-83.843434,9.592451],[-83.844142,9.593109],[-83.845209,9.592481],[-83.846807,9.594163],[-83.848155,9.59381],[-83.848525,9.59246],[-83.848266,9.591571],[-83.848577,9.590354],[-83.849839,9.589498],[-83.856998,9.58798],[-83.859614,9.589496],[-83.859826,9.587837],[-83.859685,9.587633],[-83.859787,9.583769],[-83.859914,9.580799],[-83.860333,9.579978],[-83.861353,9.579034],[-83.862202,9.578404],[-83.862405,9.577687],[-83.862966,9.578134],[-83.864366,9.579036],[-83.865384,9.579221],[-83.865583,9.579539],[-83.865858,9.580911],[-83.86655,9.581439],[-83.866866,9.582155],[-83.867132,9.58352],[-83.867335,9.58575],[-83.867632,9.586998],[-83.867726,9.588538],[-83.867958,9.590524],[-83.869031,9.591561],[-83.869494,9.591967],[-83.870142,9.594869],[-83.870412,9.597814],[-83.870239,9.600411],[-83.870314,9.603138],[-83.871235,9.606117],[-83.870769,9.607886],[-83.870999,9.608624],[-83.871,9.608627],[-83.869522,9.609457],[-83.868429,9.609006],[-83.8677,9.60991],[-83.866059,9.60756],[-83.863874,9.609008],[-83.862234,9.60919],[-83.860138,9.607202],[-83.857314,9.607113],[-83.84984,9.599794],[-83.84647,9.600428],[-83.84474,9.602237],[-83.846472,9.604949],[-83.845654,9.608113],[-83.845655,9.611639],[-83.844198,9.612182],[-83.845658,9.616069],[-83.839192,9.621497],[-83.846026,9.624387],[-83.845845,9.626105],[-83.84712,9.626104],[-83.84785,9.627279],[-83.850583,9.628634],[-83.851213,9.630335],[-83.851213,9.630335],[-83.851211,9.630339],[-83.849406,9.634368],[-83.848591,9.634959],[-83.84675,9.637066],[-83.844433,9.638776],[-83.844363,9.638816],[-83.843005,9.639596],[-83.842589,9.638515],[-83.842472,9.637777],[-83.842459,9.63711],[-83.842476,9.636742],[-83.842494,9.636339],[-83.842524,9.635857],[-83.842529,9.635836],[-83.842525,9.635764],[-83.842513,9.635215],[-83.842508,9.634981],[-83.84252,9.634857],[-83.842543,9.634701],[-83.842565,9.634566],[-83.8426,9.63442],[-83.842634,9.634263],[-83.842668,9.634028],[-83.842735,9.633729],[-83.842717,9.633607],[-83.842629,9.633528],[-83.842528,9.633289]]]]}},{"type":"Feature","properties":{"codigo":"B08","nombre_asp":"Cerro Las Vueltas","cat_manejo":"Reserva Biologica","estatus":"Estatal","siglas_cat":"RB","nombre_ac":"Area de Conservacion Central","siglas_ac":"ACC","descripcio":"Area terrestre protegida","a_creacion":"1994","n_creacion":"DE_23260_MIRENEM","version":"2019-11-19-001","area_hecta":793.425892943339,"area_km2":7.93425892943339},"geometry":{"type":"MultiPolygon","coordinates":[[[[-83.868429,9.609006],[-83.868429,9.609006],[-83.869522,9.609457],[-83.871,9.608627],[-83.871,9.608627],[-83.879358,9.603937],[-83.879268,9.606739],[-83.880271,9.608637],[-83.879727,9.613068],[-83.878273,9.617679],[-83.876361,9.619669],[-83.87627,9.621206],[-83.869435,9.61678],[-83.869442,9.627991],[-83.861513,9.623565],[-83.85878,9.624199],[-83.855775,9.626913],[-83.85286,9.626915],[-83.854047,9.630892],[-83.851587,9.631345],[-83.851213,9.630335],[-83.851213,9.630335],[-83.850583,9.628634],[-83.84785,9.627279],[-83.84712,9.626104],[-83.845845,9.626105],[-83.846026,9.624387],[-83.839192,9.621497],[-83.845658,9.616069],[-83.844198,9.612182],[-83.845655,9.611639],[-83.845654,9.608113],[-83.846472,9.604949],[-83.84474,9.602237],[-83.84647,9.600428],[-83.84984,9.599794],[-83.857314,9.607113],[-83.860138,9.607202],[-83.862234,9.60919],[-83.863874,9.609008],[-83.866059,9.60756],[-83.8677,9.60991],[-83.868429,9.609006]]]]}},{"type":"Feature","properties":{"codigo":"P24","nombre_asp":"Tapanti-Macizo de la Muerte","cat_manejo":"Parque Nacional","estatus":"Estatal","siglas_cat":"PN","nombre_ac":"Area de Conservacion Central","siglas_ac":"ACC","descripcio":"Area terrestre protegida","a_creacion":"2000","n_creacion":"DE_ 28307_MINAE","version":"2019-11-19-001","area_hecta":58327.72212156073,"area_km2":583.2772212156073},"geometry":{"type":"MultiPolygon","coordinates":[[[[-83.926768,9.717967],[-83.920588,9.717621],[-83.91999,9.727006],[-83.91982,9.727129],[-83.919623,9.727111],[-83.919427,9.727138],[-83.919141,9.726996],[-83.918847,9.726836],[-83.918579,9.726844],[-83.918249,9.726946],[-83.917898,9.727371],[-83.917265,9.727853],[-83.916961,9.727953],[-83.916754,9.727891],[-83.916481,9.727844],[-83.916287,9.727911],[-83.916097,9.728044],[-83.916156,9.728316],[-83.91615,9.728571],[-83.916014,9.72881],[-83.915616,9.728872],[-83.915223,9.72885],[-83.914972,9.728798],[-83.914752,9.728735],[-83.914479,9.728688],[-83.914249,9.728703],[-83.914003,9.728814],[-83.913467,9.729345],[-83.91319,9.729341],[-83.912991,9.729242],[-83.912667,9.729044],[-83.912436,9.72894],[-83.912154,9.72895],[-83.911782,9.72909],[-83.911609,9.729185],[-83.911457,9.729157],[-83.911326,9.729048],[-83.911132,9.72885],[-83.910965,9.728647],[-83.910651,9.728564],[-83.910378,9.728678],[-83.910148,9.728804],[-83.909428,9.729243],[-83.909145,9.729341],[-83.908864,9.729448],[-83.908578,9.729625],[-83.908851,9.729764],[-83.909203,9.729846],[-83.909373,9.729847],[-83.90971,9.729917],[-83.909997,9.729993],[-83.910219,9.730151],[-83.910378,9.730316],[-83.910314,9.730555],[-83.910168,9.730707],[-83.910034,9.730877],[-83.910002,9.731168],[-83.910199,9.73137],[-83.910319,9.731421],[-83.91051,9.731427],[-83.91065,9.73144],[-83.911204,9.731895],[-83.911382,9.731997],[-83.911662,9.732117],[-83.911884,9.732402],[-83.912093,9.732976],[-83.912169,9.733482],[-83.912223,9.733741],[-83.912284,9.733938],[-83.91219,9.73404],[-83.912102,9.734118],[-83.911976,9.734222],[-83.9119,9.734327],[-83.911832,9.734408],[-83.911738,9.734507],[-83.911598,9.734675],[-83.91153,9.734803],[-83.91146,9.734968],[-83.911415,9.735225],[-83.911251,9.735558],[-83.911136,9.735884],[-83.911064,9.736238],[-83.910949,9.736515],[-83.910827,9.736763],[-83.910742,9.736904],[-83.910714,9.736995],[-83.910719,9.737216],[-83.910794,9.737358],[-83.910868,9.737472],[-83.910922,9.737553],[-83.910983,9.73762],[-83.911029,9.737694],[-83.910751,9.737831],[-83.910482,9.738001],[-83.910138,9.73811],[-83.909734,9.738133],[-83.909477,9.73817],[-83.909073,9.738157],[-83.908472,9.738108],[-83.908105,9.738022],[-83.907787,9.737912],[-83.90742,9.737685],[-83.906826,9.737397],[-83.90645,9.737051],[-83.905828,9.73672],[-83.904569,9.736115],[-83.904106,9.735971],[-83.903645,9.736006],[-83.903527,9.736016],[-83.903181,9.736224],[-83.902812,9.736547],[-83.902582,9.73686],[-83.902447,9.737091],[-83.902116,9.73737],[-83.901822,9.737552],[-83.901503,9.737551],[-83.90105,9.737648],[-83.900866,9.737635],[-83.900474,9.737623],[-83.90018,9.73761],[-83.89969,9.737561],[-83.899396,9.7375],[-83.899004,9.737463],[-83.898698,9.73745],[-83.898416,9.737474],[-83.898208,9.737437],[-83.897625,9.736701],[-83.897114,9.736417],[-83.896812,9.736212],[-83.896254,9.73586],[-83.895836,9.735632],[-83.895384,9.735532],[-83.895112,9.735551],[-83.894863,9.735569],[-83.894425,9.735743],[-83.89407,9.735876],[-83.893421,9.73579],[-83.893277,9.735794],[-83.892955,9.73579],[-83.892281,9.735934],[-83.891571,9.736019],[-83.891118,9.735994],[-83.890652,9.73592],[-83.890432,9.735908],[-83.890125,9.735956],[-83.88999,9.736235],[-83.889965,9.736673],[-83.890187,9.73742],[-83.890093,9.737865],[-83.889968,9.738267],[-83.889751,9.738739],[-83.889279,9.739303],[-83.888968,9.7395],[-83.888739,9.739849],[-83.888317,9.74019],[-83.887978,9.740606],[-83.887819,9.740778],[-83.887972,9.741158],[-83.88845,9.741406],[-83.888966,9.741539],[-83.889464,9.741749],[-83.889731,9.741996],[-83.889903,9.742433],[-83.889912,9.742764],[-83.889579,9.743247],[-83.888991,9.743732],[-83.888704,9.744192],[-83.888579,9.744767],[-83.888655,9.745318],[-83.888827,9.745641],[-83.888979,9.746002],[-83.889036,9.746533],[-83.888786,9.746989],[-83.888327,9.747197],[-83.887963,9.747386],[-83.887522,9.747557],[-83.887158,9.747784],[-83.886852,9.748049],[-83.886689,9.748321],[-83.886645,9.748745],[-83.886291,9.74955],[-83.885796,9.75023],[-83.885358,9.750599],[-83.884932,9.750911],[-83.884574,9.751199],[-83.884206,9.751603],[-83.883849,9.752018],[-83.883379,9.752556],[-83.882877,9.753101],[-83.882657,9.753428],[-83.882449,9.75361],[-83.882277,9.753791],[-83.881959,9.754046],[-83.881623,9.75412],[-83.88122,9.754116],[-83.880727,9.75411],[-83.880439,9.754021],[-83.880209,9.753914],[-83.880021,9.753759],[-83.879823,9.753689],[-83.879601,9.753718],[-83.879289,9.753872],[-83.878895,9.754091],[-83.878899,9.754059],[-83.879179,9.752842],[-83.879159,9.752367],[-83.879117,9.751813],[-83.878994,9.751314],[-83.878683,9.750736],[-83.878313,9.750042],[-83.877949,9.749283],[-83.877624,9.749001],[-83.877312,9.748835],[-83.87669,9.748824],[-83.875996,9.748479],[-83.875232,9.747997],[-83.874354,9.747489],[-83.873844,9.747419],[-83.873497,9.747373],[-83.872778,9.747487],[-83.872216,9.747672],[-83.871758,9.747836],[-83.871238,9.747877],[-83.870718,9.747732],[-83.870156,9.747731],[-83.869615,9.747648],[-83.869116,9.747585],[-83.868679,9.747584],[-83.868201,9.747542],[-83.867701,9.74748],[-83.867057,9.747437],[-83.866599,9.747395],[-83.864787,9.747295],[-83.864738,9.747281],[-83.864858,9.746908],[-83.864936,9.746707],[-83.864978,9.746524],[-83.864999,9.746436],[-83.86497,9.746255],[-83.864941,9.746075],[-83.864918,9.746011],[-83.864834,9.745776],[-83.864616,9.745476],[-83.86451,9.745399],[-83.864411,9.745367],[-83.864124,9.745218],[-83.863848,9.745076],[-83.863709,9.745014],[-83.863484,9.744953],[-83.863262,9.744924],[-83.863113,9.744917],[-83.863023,9.744913],[-83.862826,9.744967],[-83.862709,9.745066],[-83.86261,9.745151],[-83.862439,9.745326],[-83.862112,9.745714],[-83.862006,9.745847],[-83.861921,9.745905],[-83.861787,9.745917],[-83.861633,9.74587],[-83.8614,9.745695],[-83.861105,9.745447],[-83.860916,9.74528],[-83.860815,9.745161],[-83.860688,9.744966],[-83.860524,9.744692],[-83.86041,9.744437],[-83.860305,9.744166],[-83.860228,9.743968],[-83.860191,9.74378],[-83.860202,9.743631],[-83.860318,9.743466],[-83.860397,9.743424],[-83.860488,9.743402],[-83.860715,9.743369],[-83.860931,9.743312],[-83.861008,9.743292],[-83.861093,9.743227],[-83.861193,9.743125],[-83.861293,9.742977],[-83.861475,9.74285],[-83.861617,9.742766],[-83.861818,9.742568],[-83.862088,9.742304],[-83.862355,9.742151],[-83.862517,9.742116],[-83.862682,9.742185],[-83.862853,9.742284],[-83.863154,9.742445],[-83.863273,9.742471],[-83.8635,9.742458],[-83.863775,9.742449],[-83.863959,9.742444],[-83.864098,9.74244],[-83.864277,9.742427],[-83.864473,9.742382],[-83.864651,9.742319],[-83.864863,9.742184],[-83.864962,9.7421],[-83.865054,9.741984],[-83.865033,9.741912],[-83.865123,9.741744],[-83.865213,9.741573],[-83.865229,9.741473],[-83.865206,9.741273],[-83.865102,9.741132],[-83.864776,9.740826],[-83.864639,9.740658],[-83.864498,9.740471],[-83.86442,9.740338],[-83.86433,9.740176],[-83.86428,9.740073],[-83.864227,9.739893],[-83.864238,9.739626],[-83.864266,9.739468],[-83.86434,9.739294],[-83.864298,9.739149],[-83.864231,9.738918],[-83.864208,9.73884],[-83.864171,9.738509],[-83.864128,9.738231],[-83.863998,9.737819],[-83.863937,9.737624],[-83.863919,9.737567],[-83.863644,9.737053],[-83.863539,9.736857],[-83.863481,9.736748],[-83.863429,9.736679],[-83.863168,9.736331],[-83.863058,9.736185],[-83.862941,9.736028],[-83.862744,9.735647],[-83.862549,9.735273],[-83.86238,9.734947],[-83.862269,9.734718],[-83.861868,9.734172],[-83.861787,9.734016],[-83.861748,9.733933],[-83.861743,9.733871],[-83.861762,9.733812],[-83.861815,9.733752],[-83.862034,9.733563],[-83.862318,9.733362],[-83.862403,9.733303],[-83.862711,9.733163],[-83.863092,9.732992],[-83.863237,9.732915],[-83.863381,9.73284],[-83.863539,9.732758],[-83.863699,9.732568],[-83.863729,9.732436],[-83.863718,9.732298],[-83.863652,9.732121],[-83.863584,9.731919],[-83.86351,9.731679],[-83.863469,9.731467],[-83.85797,9.73145],[-83.85753,9.730226],[-83.857191,9.729539],[-83.856801,9.728633],[-83.85628,9.728274],[-83.855789,9.728015],[-83.854616,9.727794],[-83.854195,9.727465],[-83.853825,9.726997],[-83.853425,9.726201],[-83.853025,9.725772],[-83.852569,9.725668],[-83.851899,9.725427],[-83.851068,9.72532],[-83.850317,9.725451],[-83.849861,9.725664],[-83.849592,9.725746],[-83.849382,9.72582],[-83.849173,9.725716],[-83.848963,9.725537],[-83.848934,9.725225],[-83.849138,9.724545],[-83.849434,9.72396],[-83.849625,9.723636],[-83.849569,9.723402],[-83.849221,9.723321],[-83.848684,9.723294],[-83.848085,9.722979],[-83.847715,9.722641],[-83.846513,9.721514],[-83.845451,9.720976],[-83.845076,9.720836],[-83.844431,9.720765],[-83.843999,9.720723],[-83.843623,9.720722],[-83.843246,9.720722],[-83.842883,9.720638],[-83.842575,9.720265],[-83.842299,9.719904],[-83.84202,9.719557],[-83.841588,9.719363],[-83.841142,9.719044],[-83.840906,9.718739],[-83.840641,9.718545],[-83.840351,9.718302],[-83.839789,9.718214],[-83.839413,9.718279],[-83.839086,9.718415],[-83.838734,9.718552],[-83.838232,9.718787],[-83.837579,9.719011],[-83.837181,9.719053],[-83.836825,9.719047],[-83.836619,9.718817],[-83.836649,9.71848],[-83.836753,9.718114],[-83.837168,9.717557],[-83.837316,9.717234],[-83.837524,9.716736],[-83.837643,9.716487],[-83.837632,9.716256],[-83.837745,9.715769],[-83.838035,9.715438],[-83.838214,9.714996],[-83.838237,9.714642],[-83.838104,9.714487],[-83.838015,9.714155],[-83.83777,9.713911],[-83.837592,9.713623],[-83.837414,9.713357],[-83.837169,9.71318],[-83.836924,9.712936],[-83.836679,9.712715],[-83.836389,9.712714],[-83.836037,9.712748],[-83.83592,9.713289],[-83.836209,9.713931],[-83.836253,9.714373],[-83.83594,9.714815],[-83.835631,9.715217],[-83.835188,9.715505],[-83.834429,9.716124],[-83.833945,9.71652],[-83.833372,9.716899],[-83.83241,9.717737],[-83.83225,9.718192],[-83.832135,9.718524],[-83.832128,9.719407],[-83.832202,9.719821],[-83.832065,9.720056],[-83.831775,9.720342],[-83.831485,9.720658],[-83.831114,9.720747],[-83.830744,9.720827],[-83.830585,9.721054],[-83.830454,9.721308],[-83.83039,9.721711],[-83.83014,9.721964],[-83.829861,9.722247],[-83.829643,9.722297],[-83.82927,9.722377],[-83.829079,9.722408],[-83.828873,9.722589],[-83.828673,9.723132],[-83.828658,9.723537],[-83.828524,9.723831],[-83.82844,9.723984],[-83.828292,9.72418],[-83.828054,9.724381],[-83.827948,9.724453],[-83.827723,9.724545],[-83.827447,9.724658],[-83.827275,9.724737],[-83.826955,9.724927],[-83.826367,9.725288],[-83.825863,9.725594],[-83.825156,9.72593],[-83.82482,9.72586],[-83.824432,9.725743],[-83.824202,9.725811],[-83.824126,9.726162],[-83.824278,9.726751],[-83.82437,9.727104],[-83.824358,9.727191],[-83.824346,9.727279],[-83.823981,9.727889],[-83.823731,9.728236],[-83.823536,9.728427],[-83.82331,9.728648],[-83.823133,9.728694],[-83.822892,9.728758],[-83.822669,9.728816],[-83.822277,9.728629],[-83.821974,9.728375],[-83.821865,9.728383],[-83.821637,9.728518],[-83.821487,9.728634],[-83.821278,9.728899],[-83.820972,9.729211],[-83.820732,9.729324],[-83.820448,9.729281],[-83.820238,9.729238],[-83.819974,9.729152],[-83.819836,9.729081],[-83.819765,9.729093],[-83.819494,9.729643],[-83.819229,9.72993],[-83.818961,9.730178],[-83.818345,9.730691],[-83.817971,9.731046],[-83.817696,9.731353],[-83.817609,9.731563],[-83.817552,9.731701],[-83.817336,9.731924],[-83.817026,9.732251],[-83.816842,9.732473],[-83.816673,9.732631],[-83.816202,9.733041],[-83.816018,9.733186],[-83.815559,9.733354],[-83.815077,9.733613],[-83.81446,9.734023],[-83.814099,9.73428],[-83.813584,9.734705],[-83.813362,9.73494],[-83.813123,9.735194],[-83.812953,9.735518],[-83.812816,9.736099],[-83.812757,9.736401],[-83.812697,9.736787],[-83.812669,9.736888],[-83.81261,9.73704],[-83.812565,9.737113],[-83.812381,9.737312],[-83.812257,9.737495],[-83.812257,9.73759],[-83.81224,9.737719],[-83.812185,9.737812],[-83.81211,9.737881],[-83.811903,9.738126],[-83.811754,9.738304],[-83.811549,9.738517],[-83.811518,9.738548],[-83.811325,9.738661],[-83.811116,9.738781],[-83.810692,9.738977],[-83.810499,9.739078],[-83.810368,9.739203],[-83.810188,9.739439],[-83.810055,9.739653],[-83.809977,9.739794],[-83.809886,9.740018],[-83.809817,9.740211],[-83.809716,9.74049],[-83.809685,9.740569],[-83.809515,9.740756],[-83.809361,9.740985],[-83.809255,9.741201],[-83.809067,9.741346],[-83.808959,9.741467],[-83.808916,9.74153],[-83.800076,9.748071],[-83.805532,9.75578],[-83.804,9.765869],[-83.80377,9.765812],[-83.803656,9.76577],[-83.803535,9.765752],[-83.803291,9.765704],[-83.803065,9.765667],[-83.802953,9.765677],[-83.802688,9.765692],[-83.802471,9.76571],[-83.802315,9.765771],[-83.802227,9.765853],[-83.80213,9.765925],[-83.802084,9.766001],[-83.80201,9.766155],[-83.801957,9.766311],[-83.801934,9.766484],[-83.801888,9.766747],[-83.801831,9.767001],[-83.801795,9.7671],[-83.800793,9.76672],[-83.800384,9.766572],[-83.800096,9.7665],[-83.8,9.766491],[-83.799676,9.766386],[-83.79947,9.766368],[-83.799107,9.766451],[-83.798939,9.766442],[-83.798465,9.76636],[-83.798225,9.766486],[-83.797704,9.766667],[-83.797019,9.766709],[-83.796637,9.766708],[-83.796203,9.766659],[-83.795806,9.766485],[-83.795636,9.766353],[-83.795351,9.765996],[-83.795083,9.76565],[-83.79496,9.765302],[-83.794567,9.764702],[-83.794374,9.764239],[-83.794208,9.763997],[-83.793945,9.763787],[-83.793703,9.763545],[-83.793606,9.763445],[-83.793266,9.763203],[-83.792977,9.762981],[-83.792716,9.762814],[-83.791924,9.762435],[-83.791468,9.762175],[-83.790918,9.761944],[-83.790611,9.761824],[-83.790201,9.761694],[-83.789716,9.76161],[-83.789213,9.761536],[-83.788886,9.761476],[-83.788693,9.761333],[-83.788509,9.761038],[-83.788328,9.760685],[-83.788011,9.760491],[-83.787778,9.760343],[-83.787598,9.760185],[-83.787359,9.760093],[-83.787061,9.759982],[-83.786856,9.759871],[-83.78672,9.759752],[-83.786258,9.760193],[-83.786112,9.760256],[-83.786042,9.760291],[-83.78621,9.760635],[-83.78776,9.765693],[-83.785922,9.767046],[-83.779084,9.765679],[-83.777278,9.769292],[-83.776772,9.768897],[-83.77648,9.768671],[-83.775795,9.768574],[-83.77465,9.768501],[-83.773972,9.76835],[-83.773227,9.768261],[-83.772737,9.767736],[-83.77214,9.76728],[-83.7717,9.767082],[-83.771144,9.767005],[-83.770809,9.76713],[-83.770555,9.767255],[-83.770272,9.767361],[-83.770017,9.767468],[-83.768884,9.767677],[-83.768394,9.767872],[-83.768152,9.768059],[-83.767859,9.768215],[-83.767715,9.768291],[-83.767444,9.768552],[-83.76717,9.768898],[-83.766906,9.769171],[-83.766592,9.76941],[-83.766188,9.769746],[-83.765905,9.769874],[-83.765437,9.769828],[-83.765099,9.769753],[-83.764814,9.769566],[-83.764409,9.769289],[-83.763919,9.769069],[-83.763502,9.768947],[-83.76314,9.768902],[-83.762693,9.768829],[-83.76239,9.768797],[-83.762156,9.768822],[-83.761896,9.768803],[-83.761699,9.768858],[-83.76144,9.768928],[-83.761348,9.768948],[-83.76116,9.769012],[-83.760854,9.769013],[-83.760541,9.769037],[-83.76032,9.769038],[-83.760173,9.769091],[-83.759919,9.769193],[-83.759679,9.769174],[-83.759459,9.769167],[-83.759364,9.769121],[-83.759156,9.768918],[-83.759031,9.768822],[-83.758881,9.768755],[-83.758756,9.768724],[-83.758624,9.76874],[-83.758446,9.768787],[-83.758212,9.768876],[-83.75803,9.769022],[-83.757931,9.76917],[-83.75781,9.769256],[-83.757465,9.76934],[-83.757331,9.769422],[-83.757101,9.769672],[-83.75691,9.769847],[-83.756739,9.769973],[-83.756474,9.770077],[-83.756216,9.770211],[-83.755962,9.770403],[-83.755802,9.770564],[-83.755773,9.770613],[-83.755784,9.770716],[-83.755877,9.770843],[-83.755756,9.77096],[-83.755674,9.771002],[-83.755616,9.770987],[-83.755565,9.770943],[-83.755481,9.77091],[-83.755356,9.770916],[-83.75511,9.771003],[-83.754989,9.771095],[-83.754895,9.771273],[-83.754872,9.771372],[-83.754862,9.771565],[-83.754795,9.771699],[-83.754601,9.771905],[-83.754412,9.772077],[-83.754273,9.772199],[-83.753973,9.772325],[-83.75379,9.772407],[-83.753645,9.772459],[-83.753502,9.772482],[-83.75335,9.772548],[-83.753259,9.772623],[-83.753201,9.772702],[-83.753192,9.772779],[-83.753259,9.772864],[-83.753328,9.772923],[-83.753374,9.773007],[-83.753373,9.773174],[-83.753299,9.773349],[-83.753205,9.773421],[-83.75305,9.773473],[-83.752877,9.773478],[-83.752651,9.773391],[-83.752513,9.773355],[-83.752392,9.773369],[-83.752313,9.773431],[-83.752252,9.77359],[-83.752282,9.773655],[-83.752383,9.773771],[-83.752538,9.774154],[-83.752556,9.774215],[-83.752536,9.774333],[-83.752452,9.774439],[-83.75244,9.774533],[-83.752452,9.774741],[-83.752437,9.774925],[-83.752396,9.77507],[-83.752317,9.775187],[-83.752213,9.775262],[-83.752079,9.775335],[-83.752016,9.775393],[-83.751984,9.775499],[-83.751983,9.775627],[-83.751741,9.775941],[-83.751589,9.776079],[-83.751436,9.776177],[-83.751246,9.776295],[-83.751122,9.776433],[-83.750998,9.776674],[-83.750849,9.776955],[-83.750718,9.777189],[-83.750563,9.777404],[-83.750402,9.777569],[-83.750356,9.777691],[-83.750306,9.777819],[-83.750206,9.777971],[-83.750055,9.778117],[-83.749961,9.778164],[-83.749839,9.778247],[-83.749704,9.778401],[-83.749538,9.778603],[-83.749408,9.778741],[-83.749173,9.778867],[-83.749,9.778976],[-83.748828,9.779189],[-83.74875,9.779323],[-83.748636,9.779598],[-83.748556,9.779727],[-83.748486,9.779824],[-83.748312,9.779999],[-83.748154,9.780169],[-83.748109,9.780234],[-83.748048,9.780275],[-83.747913,9.780324],[-83.747762,9.780393],[-83.747621,9.780459],[-83.747527,9.780562],[-83.747408,9.780695],[-83.747337,9.780808],[-83.747279,9.780979],[-83.747254,9.781259],[-83.747236,9.781302],[-83.747111,9.781391],[-83.747039,9.781567],[-83.746995,9.781695],[-83.746937,9.781774],[-83.746866,9.781834],[-83.746787,9.78188],[-83.746688,9.781899],[-83.746557,9.781919],[-83.746488,9.781944],[-83.746445,9.781978],[-83.746407,9.782052],[-83.746359,9.782217],[-83.746304,9.782379],[-83.746281,9.782399],[-83.746216,9.782395],[-83.746121,9.782315],[-83.746016,9.782213],[-83.745919,9.782152],[-83.745812,9.782131],[-83.745702,9.782154],[-83.745613,9.782209],[-83.745489,9.782291],[-83.74541,9.782423],[-83.745378,9.78251],[-83.745334,9.782621],[-83.745247,9.782753],[-83.745005,9.782987],[-83.744751,9.783202],[-83.744592,9.783333],[-83.744326,9.783524],[-83.744234,9.783523],[-83.744065,9.783455],[-83.743948,9.783395],[-83.745345,9.775111],[-83.743978,9.774657],[-83.743979,9.774205],[-83.725853,9.770576],[-83.725926,9.770878],[-83.725916,9.771066],[-83.725862,9.771262],[-83.725827,9.771328],[-83.725747,9.771425],[-83.725724,9.771457],[-83.725656,9.771515],[-83.725533,9.771604],[-83.725415,9.771646],[-83.725324,9.771654],[-83.725256,9.771636],[-83.72519,9.771595],[-83.725144,9.771459],[-83.724981,9.771039],[-83.724783,9.770781],[-83.72468,9.770694],[-83.724565,9.770619],[-83.724487,9.770569],[-83.724359,9.770502],[-83.724129,9.770362],[-83.723917,9.770281],[-83.723801,9.770236],[-83.723669,9.770225],[-83.723527,9.770298],[-83.723384,9.77049],[-83.723306,9.770613],[-83.723303,9.770756],[-83.723299,9.770986],[-83.723222,9.772043],[-83.72315,9.772511],[-83.723063,9.772916],[-83.722989,9.773104],[-83.722843,9.773433],[-83.722613,9.773947],[-83.722507,9.774138],[-83.722376,9.774349],[-83.722287,9.774433],[-83.722111,9.774496],[-83.721859,9.774564],[-83.721574,9.774616],[-83.721214,9.774659],[-83.720832,9.774678],[-83.720529,9.774746],[-83.720158,9.774848],[-83.719956,9.774906],[-83.719853,9.774988],[-83.719728,9.775064],[-83.719591,9.775209],[-83.719516,9.775278],[-83.719433,9.775409],[-83.719351,9.7756],[-83.719263,9.775839],[-83.719303,9.776323],[-83.719436,9.776544],[-83.719505,9.77663],[-83.71958,9.776702],[-83.719664,9.776911],[-83.719721,9.777202],[-83.719746,9.777376],[-83.719829,9.77754],[-83.719913,9.777839],[-83.719956,9.77799],[-83.719946,9.778101],[-83.719754,9.778428],[-83.719671,9.778657],[-83.719695,9.778793],[-83.719716,9.778848],[-83.71969,9.779016],[-83.719684,9.779188],[-83.719624,9.779505],[-83.718899,9.779496],[-83.718801,9.779417],[-83.718724,9.77934],[-83.718616,9.779371],[-83.718203,9.77946],[-83.717752,9.779541],[-83.717559,9.779573],[-83.717301,9.779651],[-83.716805,9.779925],[-83.716452,9.780354],[-83.716243,9.780759],[-83.716144,9.781045],[-83.716214,9.781263],[-83.716335,9.781458],[-83.716573,9.781885],[-83.716801,9.782204],[-83.716946,9.782363],[-83.716946,9.782617],[-83.717015,9.783019],[-83.716933,9.783333],[-83.716825,9.783583],[-83.716745,9.783694],[-83.712692,9.782737],[-83.711146,9.784991],[-83.703248,9.783177],[-83.694164,9.781356],[-83.689628,9.781777],[-83.689556,9.781662],[-83.689431,9.781566],[-83.689423,9.781458],[-83.68936,9.781308],[-83.689328,9.78122],[-83.689327,9.781095],[-83.689386,9.780961],[-83.689466,9.780828],[-83.689495,9.780702],[-83.689596,9.780551],[-83.689591,9.780308],[-83.689673,9.780059],[-83.689666,9.779842],[-83.689683,9.779785],[-83.689814,9.779664],[-83.689904,9.779584],[-83.690002,9.779453],[-83.690033,9.779248],[-83.690044,9.779152],[-83.690093,9.779005],[-83.689966,9.778738],[-83.689923,9.778608],[-83.689798,9.7784],[-83.689734,9.778314],[-83.689533,9.778232],[-83.689004,9.778195],[-83.688691,9.778118],[-83.688509,9.778044],[-83.688456,9.777796],[-83.688467,9.777355],[-83.688533,9.777133],[-83.68865,9.77692],[-83.688759,9.776705],[-83.688701,9.776511],[-83.688593,9.776327],[-83.688501,9.776225],[-83.68839,9.77615],[-83.688258,9.77592],[-83.688072,9.7757],[-83.68792,9.77558],[-83.687735,9.775467],[-83.687288,9.775276],[-83.686925,9.775295],[-83.686777,9.775293],[-83.686663,9.775219],[-83.686492,9.775014],[-83.686405,9.774745],[-83.686359,9.774564],[-83.686362,9.774364],[-83.686326,9.774215],[-83.686267,9.7741],[-83.686227,9.77396],[-83.686102,9.773668],[-83.685921,9.773476],[-83.685856,9.773405],[-83.685781,9.773257],[-83.685668,9.773037],[-83.685567,9.77283],[-83.68551,9.772608],[-83.685486,9.772411],[-83.68537,9.772166],[-83.685291,9.772073],[-83.685206,9.771973],[-83.684907,9.771694],[-83.684551,9.771399],[-83.684362,9.771216],[-83.684221,9.771044],[-83.684146,9.770937],[-83.684093,9.770791],[-83.68396,9.770574],[-83.684001,9.770446],[-83.684035,9.770301],[-83.684072,9.770141],[-83.684146,9.769945],[-83.684146,9.769734],[-83.683962,9.769383],[-83.684002,9.769038],[-83.684042,9.768849],[-83.684153,9.768563],[-83.684174,9.768192],[-83.684301,9.768025],[-83.684328,9.767872],[-83.684168,9.767742],[-83.68385,9.767605],[-83.683852,9.767436],[-83.683923,9.767151],[-83.683982,9.767065],[-83.684051,9.767016],[-83.684155,9.766839],[-83.684324,9.766812],[-83.684511,9.766667],[-83.684584,9.766561],[-83.684614,9.766443],[-83.684563,9.766268],[-83.684501,9.766151],[-83.684376,9.766034],[-83.684285,9.765852],[-83.684192,9.765679],[-83.68399,9.765365],[-83.683709,9.765143],[-83.683596,9.764972],[-83.683407,9.764818],[-83.683182,9.764737],[-83.68304,9.764638],[-83.682963,9.764489],[-83.68269,9.764145],[-83.682678,9.763983],[-83.68271,9.763677],[-83.682781,9.763469],[-83.682934,9.763274],[-83.682923,9.763141],[-83.682799,9.76305],[-83.682503,9.762943],[-83.682173,9.762811],[-83.681991,9.762643],[-83.682043,9.762451],[-83.68214,9.762357],[-83.68222,9.762196],[-83.682325,9.762066],[-83.68247,9.761989],[-83.682568,9.761829],[-83.682638,9.761727],[-83.682763,9.761156],[-83.682783,9.76068],[-83.682764,9.760063],[-83.682827,9.759647],[-83.682813,9.75946],[-83.682831,9.759218],[-83.682867,9.759026],[-83.682824,9.75879],[-83.68274,9.758631],[-83.682482,9.758482],[-83.682201,9.758403],[-83.682016,9.758349],[-83.681881,9.758225],[-83.681767,9.758075],[-83.681744,9.757904],[-83.68196,9.757231],[-83.682057,9.756953],[-83.682094,9.756781],[-83.682093,9.75654],[-83.682037,9.756382],[-83.681892,9.756192],[-83.681733,9.755772],[-83.681614,9.755633],[-83.681451,9.75554],[-83.681391,9.75509],[-83.681237,9.754905],[-83.681048,9.754758],[-83.680949,9.754636],[-83.680918,9.754455],[-83.681318,9.753695],[-83.681332,9.753575],[-83.681208,9.753382],[-83.681229,9.75327],[-83.681314,9.753129],[-83.681331,9.752885],[-83.68117,9.75244],[-83.681141,9.752188],[-83.681181,9.752033],[-83.681434,9.751716],[-83.681494,9.751504],[-83.681396,9.751296],[-83.681069,9.751132],[-83.680933,9.751037],[-83.680781,9.750717],[-83.680712,9.75033],[-83.680869,9.750057],[-83.680917,9.749932],[-83.680898,9.749777],[-83.68091,9.749462],[-83.680955,9.749215],[-83.681103,9.748991],[-83.681239,9.74888],[-83.68155,9.748744],[-83.681868,9.748701],[-83.682035,9.748651],[-83.682317,9.74845],[-83.682534,9.748235],[-83.682707,9.747859],[-83.682731,9.747344],[-83.682647,9.747114],[-83.682434,9.746914],[-83.682251,9.746807],[-83.681872,9.746708],[-83.681704,9.746693],[-83.681572,9.746607],[-83.681334,9.746536],[-83.681137,9.746469],[-83.681036,9.746375],[-83.680925,9.746164],[-83.680805,9.745812],[-83.680669,9.745257],[-83.680591,9.745101],[-83.680298,9.744964],[-83.679781,9.74491],[-83.679639,9.744939],[-83.679376,9.744879],[-83.679317,9.74478],[-83.679308,9.744658],[-83.679301,9.744568],[-83.679385,9.744171],[-83.679507,9.743847],[-83.679541,9.743561],[-83.679446,9.74348],[-83.679314,9.743328],[-83.679287,9.74313],[-83.679378,9.742778],[-83.679335,9.742363],[-83.679219,9.742053],[-83.67915,9.7419],[-83.679101,9.741747],[-83.678887,9.741507],[-83.678442,9.741116],[-83.678408,9.740595],[-83.678371,9.740463],[-83.678077,9.740261],[-83.677945,9.740097],[-83.677974,9.739925],[-83.67798,9.739742],[-83.677898,9.73959],[-83.677697,9.739482],[-83.677384,9.739439],[-83.677132,9.739472],[-83.677073,9.7395],[-83.676856,9.739496],[-83.67661,9.739424],[-83.676147,9.739301],[-83.675877,9.739118],[-83.675707,9.738784],[-83.675607,9.738554],[-83.675402,9.738366],[-83.675324,9.738109],[-83.675259,9.737959],[-83.675169,9.737835],[-83.675034,9.737725],[-83.674872,9.737682],[-83.674761,9.7377],[-83.674275,9.737921],[-83.673956,9.737934],[-83.673523,9.737748],[-83.673326,9.737659],[-83.673183,9.737519],[-83.673052,9.737486],[-83.672621,9.737601],[-83.672502,9.737577],[-83.672427,9.737446],[-83.672304,9.737357],[-83.672141,9.737315],[-83.671859,9.737324],[-83.671753,9.737381],[-83.671711,9.737508],[-83.671632,9.737578],[-83.671494,9.73755],[-83.671208,9.737282],[-83.670977,9.736978],[-83.670796,9.736562],[-83.670522,9.736037],[-83.670248,9.735708],[-83.670067,9.73542],[-83.669858,9.735159],[-83.669749,9.734831],[-83.669646,9.734629],[-83.669537,9.734535],[-83.669234,9.734405],[-83.669026,9.734177],[-83.668873,9.733988],[-83.668764,9.733933],[-83.668501,9.733933],[-83.668253,9.733918],[-83.667652,9.733609],[-83.666698,9.733371],[-83.666247,9.732645],[-83.665852,9.732268],[-83.665422,9.731806],[-83.664873,9.73066],[-83.664599,9.730044],[-83.664307,9.729428],[-83.663809,9.728675],[-83.663096,9.728111],[-83.662047,9.727925],[-83.661398,9.728276],[-83.661086,9.728874],[-83.660632,9.729264],[-83.659965,9.729692],[-83.659551,9.729965],[-83.658654,9.730356],[-83.657981,9.730577],[-83.657636,9.730832],[-83.657102,9.731156],[-83.655895,9.731547],[-83.654963,9.732006],[-83.653979,9.732739],[-83.652582,9.73371],[-83.651994,9.734358],[-83.650632,9.735176],[-83.650324,9.735344],[-83.650297,9.735359],[-83.649988,9.735443],[-83.649761,9.735504],[-83.649182,9.735695],[-83.648695,9.735772],[-83.648139,9.735952],[-83.647583,9.736132],[-83.646876,9.736231],[-83.646217,9.736214],[-83.645592,9.736267],[-83.644873,9.736515],[-83.644482,9.736882],[-83.644349,9.737006],[-83.643999,9.73744],[-83.643498,9.737965],[-83.64295,9.738548],[-83.642518,9.739119],[-83.642121,9.739599],[-83.641492,9.740204],[-83.641061,9.740638],[-83.64062,9.741036],[-83.640086,9.741479],[-83.63996,9.741657],[-83.627054,9.738729],[-83.626061,9.742754],[-83.625919,9.742667],[-83.62562,9.742469],[-83.625343,9.742318],[-83.625067,9.742155],[-83.624734,9.741911],[-83.624493,9.741726],[-83.624206,9.741448],[-83.623895,9.741216],[-83.62348,9.741006],[-83.62295,9.740818],[-83.622569,9.740631],[-83.622121,9.740318],[-83.621707,9.73997],[-83.621407,9.739875],[-83.620957,9.73978],[-83.620482,9.739823],[-83.620065,9.739923],[-83.619684,9.739944],[-83.619314,9.739918],[-83.618864,9.7398],[-83.61846,9.739647],[-83.61816,9.739507],[-83.617377,9.73918],[-83.616744,9.738819],[-83.616272,9.738539],[-83.615706,9.738409],[-83.61529,9.73836],[-83.614968,9.73822],[-83.614495,9.73809],[-83.614218,9.737915],[-83.614023,9.737718],[-83.613899,9.737373],[-83.61367,9.737015],[-83.61336,9.736771],[-83.61298,9.736515],[-83.612705,9.736203],[-83.61251,9.735983],[-83.612199,9.73582],[-83.611738,9.73569],[-83.610953,9.735535],[-83.610375,9.735427],[-83.609763,9.735251],[-83.609406,9.735145],[-83.609152,9.735074],[-83.608598,9.734943],[-83.608055,9.734836],[-83.607639,9.734775],[-83.607166,9.734749],[-83.606657,9.734745],[-83.606195,9.734673],[-83.605583,9.734484],[-83.604407,9.734051],[-83.603773,9.733736],[-83.60278,9.733682],[-83.602259,9.733736],[-83.601356,9.733879],[-83.600695,9.734001],[-83.600162,9.734135],[-83.599549,9.734268],[-83.599284,9.734493],[-83.59903,9.734708],[-83.598894,9.734824],[-83.59611,9.736969],[-83.59611,9.736968],[-83.596156,9.736914],[-83.596216,9.736738],[-83.596409,9.736324],[-83.598256,9.73234],[-83.599209,9.731273],[-83.599784,9.730783],[-83.600065,9.730504],[-83.600496,9.730072],[-83.600767,9.729942],[-83.60109,9.729787],[-83.601541,9.729528],[-83.601982,9.729252],[-83.602767,9.728725],[-83.602903,9.728548],[-83.602996,9.728235],[-83.60302,9.728072],[-83.60302,9.727727],[-83.60301,9.727588],[-83.603104,9.727285],[-83.603272,9.726918],[-83.603549,9.726584],[-83.603803,9.726316],[-83.603989,9.726163],[-83.60426,9.725948],[-83.604555,9.72582],[-83.604755,9.725706],[-83.605198,9.725219],[-83.60548,9.724842],[-83.605507,9.724713],[-83.605465,9.724507],[-83.605036,9.723579],[-83.604974,9.723374],[-83.604998,9.722811],[-83.604983,9.722412],[-83.605146,9.721952],[-83.605207,9.721822],[-83.605213,9.721809],[-83.605399,9.721397],[-83.605431,9.721192],[-83.605457,9.720779],[-83.605496,9.72054],[-83.605477,9.720403],[-83.605375,9.720117],[-83.60527,9.719881],[-83.605307,9.719493],[-83.60516,9.719212],[-83.604997,9.719008],[-83.604865,9.718977],[-83.604497,9.718912],[-83.604307,9.718863],[-83.604152,9.718791],[-83.604093,9.718726],[-83.603862,9.718643],[-83.603593,9.718678],[-83.603382,9.718743],[-83.603204,9.718821],[-83.603095,9.718825],[-83.602653,9.718557],[-83.602442,9.718383],[-83.602165,9.718365],[-83.601983,9.718404],[-83.601828,9.718312],[-83.601689,9.718185],[-83.601592,9.718065],[-83.601262,9.7178],[-83.601037,9.717628],[-83.60086,9.717509],[-83.600717,9.717362],[-83.600663,9.71733],[-83.600558,9.717298],[-83.600159,9.71731],[-83.599751,9.717322],[-83.599586,9.717277],[-83.599538,9.717231],[-83.599478,9.717103],[-83.599469,9.716989],[-83.599435,9.716904],[-83.599417,9.716804],[-83.599246,9.71649],[-83.599115,9.716309],[-83.598997,9.71608],[-83.598883,9.715824],[-83.598668,9.715673],[-83.598622,9.715618],[-83.598556,9.715502],[-83.598545,9.715282],[-83.5986,9.714871],[-83.598655,9.71468],[-83.598735,9.714567],[-83.598852,9.714543],[-83.598964,9.714593],[-83.599061,9.714667],[-83.599137,9.714707],[-83.59923,9.714716],[-83.599553,9.714696],[-83.599698,9.714661],[-83.599821,9.714557],[-83.599971,9.714347],[-83.600083,9.714182],[-83.600139,9.713939],[-83.600136,9.713704],[-83.600106,9.713482],[-83.600027,9.71332],[-83.599871,9.713219],[-83.599871,9.712992],[-83.599871,9.712987],[-83.600181,9.691186],[-83.60006,9.69122],[-83.599933,9.691111],[-83.599691,9.690884],[-83.59942,9.690725],[-83.599064,9.69058],[-83.598735,9.690437],[-83.598593,9.690321],[-83.598546,9.690218],[-83.598539,9.690043],[-83.59847,9.689899],[-83.598337,9.689792],[-83.597998,9.68962],[-83.597821,9.689547],[-83.597731,9.689407],[-83.597744,9.688886],[-83.59772,9.688541],[-83.597639,9.68836],[-83.597546,9.688218],[-83.597319,9.688039],[-83.597121,9.687791],[-83.597027,9.687703],[-83.596747,9.687674],[-83.596347,9.687802],[-83.595937,9.687855],[-83.595694,9.687818],[-83.595471,9.68772],[-83.595177,9.687535],[-83.594966,9.687249],[-83.594818,9.68686],[-83.594713,9.686681],[-83.594695,9.686564],[-83.594588,9.686352],[-83.594417,9.686177],[-83.59426,9.68611],[-83.594064,9.686167],[-83.593836,9.686279],[-83.593745,9.686285],[-83.593691,9.686261],[-83.593597,9.686139],[-83.593543,9.686016],[-83.593522,9.685956],[-83.59352,9.685847],[-83.593597,9.685743],[-83.593675,9.685671],[-83.593801,9.685636],[-83.59418,9.685631],[-83.594377,9.685659],[-83.594513,9.685603],[-83.594747,9.685396],[-83.595021,9.685013],[-83.595104,9.684823],[-83.594922,9.684659],[-83.594755,9.684472],[-83.594701,9.684287],[-83.594649,9.684182],[-83.594605,9.684186],[-83.594425,9.684337],[-83.594257,9.684389],[-83.594139,9.684403],[-83.59403,9.684389],[-83.593932,9.684327],[-83.593944,9.684168],[-83.593897,9.683944],[-83.593818,9.683839],[-83.59371,9.683827],[-83.593564,9.683841],[-83.593473,9.683791],[-83.593384,9.6836],[-83.593309,9.683446],[-83.593298,9.683241],[-83.593202,9.68315],[-83.59307,9.683143],[-83.592839,9.683326],[-83.592717,9.683334],[-83.592604,9.683269],[-83.592499,9.683096],[-83.592435,9.682839],[-83.592424,9.682646],[-83.592431,9.682294],[-83.592425,9.682012],[-83.592168,9.68173],[-83.592075,9.681585],[-83.591988,9.68136],[-83.591948,9.681288],[-83.591676,9.681033],[-83.591519,9.680872],[-83.59125,9.680593],[-83.591076,9.680412],[-83.591013,9.680245],[-83.591078,9.679866],[-83.591023,9.679833],[-83.588821,9.678506],[-83.578814,9.678038],[-83.578713,9.678025],[-83.578627,9.678381],[-83.578404,9.678355],[-83.578106,9.678254],[-83.57786,9.678172],[-83.577759,9.67816],[-83.577578,9.678167],[-83.577382,9.678229],[-83.577009,9.678273],[-83.576635,9.678227],[-83.576288,9.677979],[-83.575883,9.677797],[-83.575748,9.677641],[-83.575671,9.677419],[-83.575546,9.677332],[-83.57505,9.677054],[-83.574694,9.6769],[-83.574476,9.676857],[-83.574325,9.676781],[-83.574275,9.676653],[-83.574217,9.676138],[-83.574141,9.675543],[-83.57411,9.675207],[-83.573996,9.67478],[-83.57392,9.67398],[-83.573878,9.673708],[-83.573803,9.67293],[-83.573785,9.672793],[-83.573928,9.672198],[-83.573988,9.671788],[-83.574253,9.671627],[-83.57493,9.671309],[-83.575095,9.671146],[-83.575126,9.671032],[-83.57521,9.670896],[-83.575291,9.670759],[-83.575319,9.670648],[-83.575338,9.670519],[-83.575243,9.670358],[-83.5752,9.670261],[-83.575185,9.669696],[-83.565598,9.670319],[-83.564704,9.670247],[-83.564002,9.669882],[-83.563821,9.669633],[-83.563527,9.66925],[-83.56321,9.668956],[-83.562757,9.668347],[-83.562486,9.667828],[-83.562124,9.667557],[-83.561624,9.667413],[-83.56102,9.667728],[-83.560878,9.668009],[-83.560416,9.668149],[-83.559742,9.668359],[-83.558983,9.668714],[-83.558235,9.669346],[-83.557318,9.669852],[-83.555655,9.670186],[-83.555188,9.670238],[-83.554695,9.670293],[-83.554073,9.669956],[-83.553373,9.669441],[-83.552806,9.669091],[-83.552323,9.668958],[-83.551839,9.668857],[-83.551204,9.668938],[-83.550694,9.669139],[-83.550469,9.669367],[-83.550211,9.669414],[-83.550093,9.669475],[-83.54989,9.669445],[-83.549692,9.669399],[-83.549345,9.669356],[-83.549135,9.669467],[-83.549001,9.669634],[-83.548823,9.670079],[-83.548762,9.670194],[-83.548631,9.670372],[-83.548529,9.670485],[-83.548348,9.670549],[-83.548147,9.670501],[-83.548012,9.670394],[-83.547847,9.670334],[-83.54777,9.670322],[-83.547324,9.670542],[-83.547055,9.670695],[-83.546759,9.670828],[-83.546567,9.670906],[-83.546201,9.671176],[-83.54595,9.671414],[-83.545807,9.671442],[-83.545512,9.671226],[-83.545263,9.670929],[-83.544977,9.67071],[-83.544788,9.670605],[-83.544265,9.670315],[-83.544139,9.670782],[-83.529619,9.678338],[-83.525973,9.685806],[-83.519762,9.686046],[-83.518617,9.686096],[-83.517483,9.686011],[-83.516349,9.685624],[-83.515908,9.685128],[-83.515272,9.684797],[-83.514581,9.684384],[-83.513946,9.683997],[-83.512504,9.683868],[-83.51201,9.683416],[-83.511308,9.682447],[-83.510671,9.680991],[-83.510691,9.67976],[-83.510362,9.678634],[-83.509672,9.677918],[-83.508643,9.675855],[-83.506999,9.675649],[-83.50611,9.675163],[-83.50553,9.674612],[-83.505088,9.674144],[-83.504231,9.673813],[-83.503347,9.673399],[-83.502573,9.673177],[-83.501798,9.673038],[-83.501271,9.672559],[-83.500977,9.672384],[-83.500585,9.67208],[-83.500018,9.671667],[-83.499538,9.671362],[-83.49895,9.670992],[-83.498514,9.670558],[-83.497272,9.669775],[-83.495002,9.669253],[-83.495482,9.668679],[-83.495616,9.668109],[-83.49575,9.667496],[-83.495906,9.667037],[-83.496326,9.666644],[-83.496747,9.666272],[-83.497145,9.665901],[-83.497632,9.665442],[-83.498305,9.665069],[-83.498646,9.664564],[-83.499046,9.663385],[-83.499218,9.662486],[-83.499434,9.661491],[-83.499732,9.660355],[-83.503024,9.659498],[-83.5027,9.658493],[-83.503823,9.657382],[-83.504185,9.656737],[-83.504498,9.656644],[-83.504838,9.656442],[-83.50511,9.655954],[-83.505331,9.655533],[-83.505807,9.655315],[-83.505808,9.654944],[-83.50569,9.654153],[-83.505793,9.653361],[-83.506099,9.652974],[-83.506507,9.65257],[-83.506729,9.651863],[-83.506798,9.651274],[-83.506951,9.650634],[-83.506918,9.650246],[-83.507189,9.64974],[-83.5075,9.649157],[-83.507555,9.649018],[-83.510319,9.644315],[-83.50986,9.635289],[-83.500805,9.613887],[-83.504213,9.613758],[-83.50804,9.613767],[-83.514204,9.61382],[-83.519988,9.613791],[-83.564473,9.613566],[-83.564517,9.613566],[-83.628288,9.613578],[-83.628288,9.613578],[-83.628288,9.613578],[-83.628288,9.613564],[-83.628561,9.591349],[-83.650974,9.583549],[-83.651064,9.583518],[-83.651107,9.583486],[-83.651187,9.583428],[-83.651321,9.58333],[-83.652917,9.582157],[-83.65307,9.582046],[-83.65334,9.581846],[-83.655994,9.579898],[-83.656533,9.579502],[-83.656894,9.579236],[-83.657806,9.578567],[-83.658069,9.578374],[-83.658705,9.577907],[-83.65899,9.577697],[-83.659575,9.577267],[-83.659608,9.577243],[-83.659633,9.577225],[-83.660552,9.57655],[-83.660683,9.576454],[-83.661129,9.576126],[-83.661172,9.576094],[-83.661599,9.575781],[-83.661641,9.57575],[-83.662012,9.575478],[-83.662449,9.575162],[-83.663265,9.573964],[-83.664924,9.574818],[-83.665472,9.575121],[-83.665997,9.575267],[-83.666396,9.575266],[-83.666624,9.575253],[-83.66704,9.575263],[-83.667291,9.575141],[-83.667603,9.574869],[-83.667828,9.574817],[-83.668415,9.574527],[-83.668544,9.574401],[-83.668866,9.574239],[-83.669021,9.574197],[-83.66927,9.574205],[-83.66957,9.574263],[-83.669953,9.574146],[-83.670776,9.573944],[-83.671169,9.57381],[-83.671465,9.573761],[-83.672078,9.573945],[-83.672403,9.574042],[-83.672566,9.574003],[-83.672853,9.573839],[-83.673021,9.573919],[-83.673085,9.5744],[-83.673191,9.574723],[-83.67342,9.574936],[-83.674132,9.57528],[-83.674535,9.575416],[-83.675,9.575622],[-83.675861,9.575827],[-83.676395,9.576035],[-83.676776,9.57634],[-83.676968,9.576738],[-83.677193,9.577141],[-83.677318,9.577443],[-83.677548,9.577666],[-83.677874,9.577777],[-83.678496,9.577844],[-83.679083,9.578001],[-83.679285,9.578122],[-83.679521,9.578351],[-83.679623,9.578698],[-83.679629,9.579051],[-83.679743,9.579318],[-83.67995,9.579461],[-83.680335,9.579492],[-83.680875,9.579496],[-83.681403,9.579416],[-83.681922,9.579195],[-83.682182,9.579199],[-83.682454,9.57917],[-83.68298,9.579155],[-83.683254,9.579166],[-83.683731,9.579396],[-83.684157,9.5796],[-83.684311,9.5796],[-83.684683,9.579472],[-83.685005,9.579542],[-83.685207,9.579602],[-83.685382,9.579607],[-83.685621,9.579574],[-83.686122,9.579256],[-83.686287,9.578714],[-83.686394,9.578336],[-83.68683,9.578325],[-83.686979,9.578341],[-83.687253,9.578402],[-83.687708,9.578551],[-83.688215,9.578936],[-83.688626,9.57913],[-83.689016,9.579252],[-83.689409,9.579288],[-83.689851,9.579267],[-83.690956,9.579385],[-83.691424,9.579446],[-83.691705,9.579453],[-83.691871,9.579407],[-83.692974,9.579439],[-83.693069,9.579685],[-83.693198,9.579905],[-83.693438,9.580272],[-83.693587,9.580585],[-83.693592,9.580854],[-83.693458,9.581911],[-83.693487,9.582214],[-83.693613,9.5825],[-83.693934,9.582821],[-83.694154,9.583077],[-83.694412,9.583255],[-83.694767,9.583498],[-83.695012,9.583715],[-83.695142,9.583937],[-83.695163,9.584387],[-83.695124,9.584758],[-83.695163,9.584973],[-83.695246,9.585121],[-83.695671,9.585448],[-83.696009,9.585744],[-83.696281,9.586064],[-83.696543,9.586607],[-83.696687,9.586903],[-83.696699,9.587282],[-83.696325,9.588283],[-83.69637,9.588734],[-83.696645,9.58933],[-83.696881,9.589644],[-83.697092,9.590027],[-83.697468,9.590506],[-83.697672,9.59073],[-83.698181,9.591454],[-83.698498,9.591923],[-83.69879,9.59211],[-83.699335,9.592502],[-83.699467,9.59267],[-83.699484,9.592753],[-83.699479,9.592839],[-83.6993,9.593341],[-83.699173,9.593634],[-83.699064,9.594005],[-83.699082,9.594356],[-83.699202,9.594782],[-83.699313,9.595072],[-83.699379,9.595125],[-83.699618,9.595219],[-83.699971,9.595362],[-83.700628,9.595533],[-83.701257,9.594633],[-83.701445,9.594358],[-83.701567,9.594077],[-83.701653,9.59391],[-83.701922,9.593568],[-83.702605,9.59306],[-83.702899,9.592845],[-83.703029,9.592706],[-83.703136,9.592534],[-83.703203,9.592364],[-83.703281,9.592118],[-83.703287,9.592008],[-83.703365,9.591762],[-83.703478,9.591408],[-83.70373,9.591046],[-83.703831,9.590936],[-83.704107,9.590634],[-83.704294,9.590463],[-83.704333,9.590386],[-83.704439,9.590066],[-83.704539,9.58979],[-83.704753,9.589444],[-83.704824,9.589344],[-83.704955,9.589224],[-83.705143,9.589104],[-83.705385,9.589086],[-83.705761,9.589019],[-83.706023,9.588979],[-83.706174,9.588954],[-83.7064,9.588846],[-83.70657,9.588717],[-83.706771,9.58845],[-83.7069,9.588221],[-83.719385,9.590589],[-83.719282,9.57573],[-83.719379,9.575689],[-83.719542,9.575627],[-83.719813,9.575429],[-83.720021,9.5753],[-83.720362,9.575255],[-83.720639,9.575241],[-83.720869,9.575221],[-83.721126,9.575152],[-83.721279,9.575103],[-83.72144,9.574986],[-83.721524,9.574856],[-83.721551,9.574544],[-83.721616,9.574276],[-83.721997,9.573675],[-83.722178,9.573401],[-83.722568,9.572998],[-83.722675,9.57287],[-83.722763,9.572764],[-83.723334,9.572364],[-83.723703,9.572122],[-83.723832,9.57206],[-83.724141,9.571991],[-83.724518,9.571897],[-83.725,9.571519],[-83.72529,9.571295],[-83.725355,9.571245],[-83.725499,9.571194],[-83.725833,9.571171],[-83.72612,9.571082],[-83.726286,9.570969],[-83.726414,9.570822],[-83.726605,9.57079],[-83.726881,9.570819],[-83.727101,9.570845],[-83.727332,9.570938],[-83.727738,9.571015],[-83.72814,9.570989],[-83.72833,9.571016],[-83.728507,9.571096],[-83.728656,9.571135],[-83.728922,9.571104],[-83.729056,9.571087],[-83.72948,9.571158],[-83.729678,9.571143],[-83.729804,9.571053],[-83.729851,9.570983],[-83.730383,9.571085],[-83.730557,9.571105],[-83.730708,9.571168],[-83.731031,9.571317],[-83.731499,9.57145],[-83.731785,9.571565],[-83.732049,9.571703],[-83.732251,9.571748],[-83.73247,9.571846],[-83.732699,9.571952],[-83.732953,9.572019],[-83.733183,9.572015],[-83.73359,9.571868],[-83.733949,9.571761],[-83.734334,9.571539],[-83.734616,9.571298],[-83.734781,9.571144],[-83.734927,9.57104],[-83.735115,9.570881],[-83.73531,9.570771],[-83.735442,9.570681],[-83.735679,9.570601],[-83.735848,9.570532],[-83.736035,9.570518],[-83.736256,9.570471],[-83.736479,9.57035],[-83.736924,9.570164],[-83.737257,9.570051],[-83.737659,9.570047],[-83.738045,9.569986],[-83.738112,9.570056],[-83.73822,9.570151],[-83.738491,9.570382],[-83.738641,9.570509],[-83.738949,9.570738],[-83.739232,9.570923],[-83.739471,9.571075],[-83.739773,9.571249],[-83.739997,9.571378],[-83.740424,9.571576],[-83.740732,9.571708],[-83.741156,9.571837],[-83.741551,9.57196],[-83.741719,9.571981],[-83.742116,9.571986],[-83.74234,9.571931],[-83.742566,9.571838],[-83.742714,9.571751],[-83.742836,9.571647],[-83.7431,9.571389],[-83.7433,9.571173],[-83.743534,9.57095],[-83.743804,9.570765],[-83.743992,9.57067],[-83.744276,9.570545],[-83.744928,9.570334],[-83.745531,9.570115],[-83.746233,9.569777],[-83.746893,9.569398],[-83.747143,9.569285],[-83.747426,9.569249],[-83.747649,9.569307],[-83.747816,9.569401],[-83.748108,9.569695],[-83.748267,9.569871],[-83.748406,9.570021],[-83.748544,9.570123],[-83.748766,9.570187],[-83.748946,9.570177],[-83.749062,9.570138],[-83.749242,9.570023],[-83.749365,9.569861],[-83.749397,9.569801],[-83.749462,9.569635],[-83.749529,9.569433],[-83.749601,9.569261],[-83.749681,9.56914],[-83.749832,9.568982],[-83.74996,9.568877],[-83.750132,9.568745],[-83.750459,9.5685],[-83.750803,9.568252],[-83.750999,9.5681],[-83.751162,9.567995],[-83.751274,9.567966],[-83.751382,9.567894],[-83.751561,9.56785],[-83.751765,9.567853],[-83.751894,9.567873],[-83.752144,9.567955],[-83.752276,9.568042],[-83.752447,9.568204],[-83.752552,9.568359],[-83.752598,9.568457],[-83.752645,9.568566],[-83.752696,9.568703],[-83.752713,9.568828],[-83.752755,9.568966],[-83.752791,9.569091],[-83.752832,9.569233],[-83.752919,9.569547],[-83.75311,9.56988],[-83.753248,9.570096],[-83.753473,9.570298],[-83.753687,9.570456],[-83.754202,9.570807],[-83.754601,9.571066],[-83.755372,9.571581],[-83.756091,9.572057],[-83.756748,9.572503],[-83.757082,9.572766],[-83.757519,9.57317],[-83.757675,9.573356],[-83.757802,9.573517],[-83.757922,9.573682],[-83.758026,9.573833],[-83.758136,9.573992],[-83.758328,9.574328],[-83.758473,9.574645],[-83.758564,9.574858],[-83.758656,9.57513],[-83.758826,9.57564],[-83.758963,9.576081],[-83.759014,9.576234],[-83.759056,9.576344],[-83.759148,9.576568],[-83.759272,9.576794],[-83.759409,9.576989],[-83.759573,9.577177],[-83.759688,9.57729],[-83.760007,9.577517],[-83.760305,9.577715],[-83.760579,9.577894],[-83.760823,9.578071],[-83.760953,9.578215],[-83.761034,9.578313],[-83.761121,9.578427],[-83.761247,9.578656],[-83.761315,9.57883],[-83.761353,9.578969],[-83.761488,9.579471],[-83.761617,9.580009],[-83.761658,9.580182],[-83.76177,9.580568],[-83.761888,9.580814],[-83.762053,9.581048],[-83.762159,9.581167],[-83.762361,9.58132],[-83.762629,9.581451],[-83.762927,9.581544],[-83.763409,9.581628],[-83.763587,9.581647],[-83.763747,9.581677],[-83.764012,9.581719],[-83.764289,9.581785],[-83.764628,9.581877],[-83.7649,9.581967],[-83.765135,9.582046],[-83.765476,9.582183],[-83.765783,9.582324],[-83.766048,9.58246],[-83.766099,9.582489],[-83.766397,9.582659],[-83.766994,9.583057],[-83.767171,9.58321],[-83.767336,9.583347],[-83.76756,9.583545],[-83.767698,9.583668],[-83.767837,9.583823],[-83.767999,9.584036],[-83.768149,9.584316],[-83.768198,9.584461],[-83.768256,9.584658],[-83.768294,9.584975],[-83.768287,9.585183],[-83.768299,9.5853],[-83.768276,9.585436],[-83.768248,9.585723],[-83.768197,9.585947],[-83.76813,9.586195],[-83.768041,9.586407],[-83.76799,9.586499],[-83.767912,9.586598],[-83.767844,9.586686],[-83.767723,9.586804],[-83.767634,9.586875],[-83.767541,9.586932],[-83.767471,9.586973],[-83.767388,9.587009],[-83.767255,9.587046],[-83.767123,9.58709],[-83.766933,9.587138],[-83.766722,9.587192],[-83.766532,9.587237],[-83.766334,9.587297],[-83.766225,9.58733],[-83.766002,9.587437],[-83.765884,9.587502],[-83.765628,9.587691],[-83.765444,9.58786],[-83.765236,9.588061],[-83.765015,9.588276],[-83.764768,9.588515],[-83.76456,9.588731],[-83.764337,9.588946],[-83.764114,9.589166],[-83.763954,9.589304],[-83.763779,9.589436],[-83.763511,9.58963],[-83.763308,9.589767],[-83.763155,9.589878],[-83.763009,9.589993],[-83.762909,9.590101],[-83.762801,9.590277],[-83.762763,9.590362],[-83.762734,9.590515],[-83.762721,9.590664],[-83.762745,9.59082],[-83.762796,9.591005],[-83.76288,9.591209],[-83.763064,9.591574],[-83.763289,9.592052],[-83.763328,9.592241],[-83.763337,9.592369],[-83.763325,9.592512],[-83.763298,9.592626],[-83.763177,9.592827],[-83.763096,9.592907],[-83.762981,9.593006],[-83.762867,9.59307],[-83.762687,9.59317],[-83.762475,9.593284],[-83.762222,9.593403],[-83.762026,9.593517],[-83.761792,9.593688],[-83.761696,9.593783],[-83.761577,9.593926],[-83.761462,9.594087],[-83.761376,9.594277],[-83.761308,9.594425],[-83.761259,9.594669],[-83.761235,9.594856],[-83.761238,9.595037],[-83.761295,9.595379],[-83.761377,9.595615],[-83.761482,9.595816],[-83.761632,9.596022],[-83.761966,9.596424],[-83.762487,9.597046],[-83.762975,9.597629],[-83.763113,9.597807],[-83.763258,9.598019],[-83.763405,9.598276],[-83.763484,9.598461],[-83.763574,9.598748],[-83.763643,9.598993],[-83.763661,9.599158],[-83.763691,9.599331],[-83.763691,9.599552],[-83.763682,9.599759],[-83.76364,9.6],[-83.763615,9.600139],[-83.763548,9.600381],[-83.763516,9.600512],[-83.763479,9.600599],[-83.763443,9.60065],[-83.763331,9.600892],[-83.763123,9.601284],[-83.762843,9.60178],[-83.762538,9.602327],[-83.762158,9.60297],[-83.762001,9.603274],[-83.761876,9.603574],[-83.761812,9.603837],[-83.76178,9.604303],[-83.761783,9.604518],[-83.761782,9.604702],[-83.761771,9.604895],[-83.761727,9.605064],[-83.761695,9.60519],[-83.761614,9.605379],[-83.761497,9.605617],[-83.761382,9.605843],[-83.761299,9.606087],[-83.761279,9.606258],[-83.761281,9.606425],[-83.761315,9.606574],[-83.761396,9.606761],[-83.761527,9.606917],[-83.761661,9.607036],[-83.761813,9.60712],[-83.762001,9.607192],[-83.762296,9.607267],[-83.762447,9.607321],[-83.762553,9.607384],[-83.762688,9.607725],[-83.763476,9.607857],[-83.764524,9.60838],[-83.765377,9.608316],[-83.765946,9.607986],[-83.766594,9.607146],[-83.767256,9.606832],[-83.768431,9.607084],[-83.768689,9.607033],[-83.768924,9.60689],[-83.770321,9.605562],[-83.770705,9.605214],[-83.77112,9.604945],[-83.7716,9.604692],[-83.771935,9.604677],[-83.772287,9.604725],[-83.772606,9.604884],[-83.773149,9.604996],[-83.773612,9.60514],[-83.774577,9.605179],[-83.775545,9.604858],[-83.776136,9.604605],[-83.7768,9.604346],[-83.777308,9.604096],[-83.777651,9.60391],[-83.778747,9.60379],[-83.779459,9.603767],[-83.78013,9.603735],[-83.78071,9.60372],[-83.781524,9.603511],[-83.781954,9.603292],[-83.782289,9.603204],[-83.782567,9.603172],[-83.782935,9.603197],[-83.783221,9.60327],[-83.783532,9.603376],[-83.783842,9.603563],[-83.784128,9.603759],[-83.784357,9.603913],[-83.784692,9.603938],[-83.784926,9.603961],[-83.78515,9.603923],[-83.785437,9.603842],[-83.785641,9.603745],[-83.785854,9.603648],[-83.786062,9.60353],[-83.786206,9.603388],[-83.786403,9.603194],[-83.786599,9.602911],[-83.786853,9.602733],[-83.78705,9.602676],[-83.787319,9.602677],[-83.787516,9.602709],[-83.787712,9.602799],[-83.787851,9.602905],[-83.787981,9.603059],[-83.788299,9.603392],[-83.788504,9.603482],[-83.7887,9.603555],[-83.788904,9.603613],[-83.78917,9.603653],[-83.789436,9.603657],[-83.789621,9.603648],[-83.789831,9.603615],[-83.789901,9.603618],[-83.790071,9.603727],[-83.790217,9.603893],[-83.790311,9.604012],[-83.790372,9.604112],[-83.790442,9.604224],[-83.79049,9.604335],[-83.79053,9.604448],[-83.790556,9.604557],[-83.790605,9.604977],[-83.790667,9.605326],[-83.790708,9.605531],[-83.790841,9.605839],[-83.790949,9.606092],[-83.79102,9.606269],[-83.791104,9.606459],[-83.791319,9.60695],[-83.79143,9.607263],[-83.791543,9.607531],[-83.791656,9.607834],[-83.791854,9.608271],[-83.792038,9.608539],[-83.792286,9.608779],[-83.792598,9.608956],[-83.792889,9.609034],[-83.793138,9.609063],[-83.793337,9.609063],[-83.793557,9.60904],[-83.793855,9.608972],[-83.793976,9.608937],[-83.794104,9.608875],[-83.794475,9.608835],[-83.794556,9.60884],[-83.794706,9.608849],[-83.79497,9.608883],[-83.795374,9.609151],[-83.795509,9.609313],[-83.795629,9.609483],[-83.795792,9.609737],[-83.796099,9.610108],[-83.796359,9.610322],[-83.796522,9.610428],[-83.797096,9.610815],[-83.797523,9.610994],[-83.797842,9.611171],[-83.79804,9.611284],[-83.798395,9.611566],[-83.79865,9.611771],[-83.798849,9.611933],[-83.799047,9.612152],[-83.799292,9.612556],[-83.799472,9.612724],[-83.799692,9.612968],[-83.800036,9.613226],[-83.800541,9.613392],[-83.800864,9.613514],[-83.801143,9.613569],[-83.801464,9.613592],[-83.801918,9.613564],[-83.802273,9.613519],[-83.802478,9.613466],[-83.802733,9.613426],[-83.802936,9.613386],[-83.803184,9.613345],[-83.803594,9.613288],[-83.803948,9.613257],[-83.804276,9.613269],[-83.80457,9.613295],[-83.804985,9.613377],[-83.805585,9.613571],[-83.806053,9.613763],[-83.806604,9.613971],[-83.80704,9.614148],[-83.80763,9.614381],[-83.808286,9.614642],[-83.808646,9.614793],[-83.808865,9.614867],[-83.809137,9.61498],[-83.809513,9.615128],[-83.809927,9.615291],[-83.810545,9.615528],[-83.810882,9.615643],[-83.811309,9.615777],[-83.811557,9.615835],[-83.812084,9.615945],[-83.812497,9.616005],[-83.812912,9.616049],[-83.813242,9.616066],[-83.813586,9.616077],[-83.814026,9.616066],[-83.814343,9.616039],[-83.814628,9.616009],[-83.814778,9.615985],[-83.815009,9.615954],[-83.815306,9.615906],[-83.815795,9.615809],[-83.816147,9.615739],[-83.816374,9.615693],[-83.816556,9.615663],[-83.81671,9.615639],[-83.816907,9.615618],[-83.817238,9.615602],[-83.817613,9.615621],[-83.817854,9.615652],[-83.818129,9.615712],[-83.818452,9.6158],[-83.818647,9.615848],[-83.818878,9.615916],[-83.819777,9.616242],[-83.82027,9.616421],[-83.820798,9.616605],[-83.821126,9.616716],[-83.821376,9.616788],[-83.821663,9.616855],[-83.822304,9.61696],[-83.822509,9.616975],[-83.822827,9.616994],[-83.823331,9.617011],[-83.823594,9.617021],[-83.823953,9.617033],[-83.824317,9.617066],[-83.82452,9.617112],[-83.824621,9.617151],[-83.824752,9.617227],[-83.82494,9.617355],[-83.825159,9.617547],[-83.825297,9.617701],[-83.82544,9.617877],[-83.82552,9.617994],[-83.825512,9.617968],[-83.825642,9.618173],[-83.825727,9.618309],[-83.825829,9.618431],[-83.825978,9.618583],[-83.826061,9.618661],[-83.826251,9.618794],[-83.826478,9.618869],[-83.826802,9.618984],[-83.826947,9.618989],[-83.827122,9.618983],[-83.827228,9.618975],[-83.827472,9.618927],[-83.827697,9.618851],[-83.828545,9.618554],[-83.829256,9.618283],[-83.829593,9.618153],[-83.829915,9.618008],[-83.830269,9.617911],[-83.83065,9.61785],[-83.830858,9.617867],[-83.831009,9.617908],[-83.831229,9.618003],[-83.831373,9.618096],[-83.83153,9.618231],[-83.831652,9.618386],[-83.831784,9.618627],[-83.831846,9.618776],[-83.831863,9.618981],[-83.83184,9.619215],[-83.831757,9.619576],[-83.831631,9.619898],[-83.831297,9.620812],[-83.831247,9.621042],[-83.831248,9.621244],[-83.831287,9.621499],[-83.831342,9.621665],[-83.831425,9.621825],[-83.831603,9.622055],[-83.831862,9.622275],[-83.832222,9.622564],[-83.832559,9.622836],[-83.832888,9.623133],[-83.833069,9.623332],[-83.833253,9.623534],[-83.83354,9.623879],[-83.83378,9.624115],[-83.834039,9.6243],[-83.834229,9.624381],[-83.834422,9.624451],[-83.835027,9.624535],[-83.835751,9.624658],[-83.835957,9.624738],[-83.836083,9.624806],[-83.836463,9.625198],[-83.836912,9.62566],[-83.837031,9.625775],[-83.837197,9.625885],[-83.8374,9.625956],[-83.837862,9.625994],[-83.838218,9.625991],[-83.838421,9.626014],[-83.83855,9.626045],[-83.838711,9.626105],[-83.838845,9.626205],[-83.838961,9.626321],[-83.839041,9.626433],[-83.839108,9.626601],[-83.839147,9.626757],[-83.83915,9.626918],[-83.839086,9.627118],[-83.839056,9.62719],[-83.839017,9.627257],[-83.838961,9.627331],[-83.838818,9.627469],[-83.838696,9.627567],[-83.838516,9.627734],[-83.838121,9.628065],[-83.837953,9.628207],[-83.83766,9.628493],[-83.83741,9.628719],[-83.837315,9.628809],[-83.837223,9.628913],[-83.837131,9.629051],[-83.837067,9.629217],[-83.837052,9.629297],[-83.837048,9.629408],[-83.837062,9.629508],[-83.837088,9.629594],[-83.837163,9.62974],[-83.837273,9.62987],[-83.83737,9.629947],[-83.837498,9.630021],[-83.837628,9.630075],[-83.837789,9.630116],[-83.838059,9.630177],[-83.838441,9.630265],[-83.839161,9.630436],[-83.839471,9.630522],[-83.839588,9.630572],[-83.839752,9.630675],[-83.839886,9.630795],[-83.840023,9.630995],[-83.84009,9.631169],[-83.840122,9.631423],[-83.840109,9.631568],[-83.840031,9.631824],[-83.839795,9.632296],[-83.839632,9.632601],[-83.839532,9.632789],[-83.839472,9.632946],[-83.839441,9.633065],[-83.839428,9.633205],[-83.839447,9.633334],[-83.839487,9.633487],[-83.839596,9.633646],[-83.839661,9.63372],[-83.839749,9.633783],[-83.839834,9.633828],[-83.839946,9.63387],[-83.840158,9.633898],[-83.840273,9.633899],[-83.840373,9.633885],[-83.840521,9.633861],[-83.84071,9.63382],[-83.840912,9.633766],[-83.841112,9.633692],[-83.841264,9.633624],[-83.841411,9.633563],[-83.841495,9.633517],[-83.84172,9.6334],[-83.841864,9.633334],[-83.841994,9.633287],[-83.842125,9.633263],[-83.842205,9.633265],[-83.842289,9.633285],[-83.842345,9.633311],[-83.842336,9.633341],[-83.842224,9.633512],[-83.842175,9.633591],[-83.842146,9.633695],[-83.842064,9.633851],[-83.841987,9.63393],[-83.84193,9.634128],[-83.841862,9.634259],[-83.841712,9.634354],[-83.841615,9.63446],[-83.841572,9.634556],[-83.841555,9.634712],[-83.841564,9.634826],[-83.841481,9.634945],[-83.841351,9.635033],[-83.841264,9.635154],[-83.841182,9.635367],[-83.841106,9.635535],[-83.840987,9.635687],[-83.840965,9.635738],[-83.840964,9.635796],[-83.841,9.635864],[-83.841072,9.63593],[-83.841217,9.636092],[-83.841248,9.636148],[-83.841246,9.636202],[-83.841182,9.636267],[-83.841111,9.636302],[-83.841023,9.636325],[-83.840927,9.636378],[-83.84088,9.63642],[-83.840832,9.636502],[-83.840752,9.636654],[-83.840703,9.636715],[-83.840604,9.636813],[-83.840534,9.636854],[-83.840404,9.636887],[-83.840326,9.636883],[-83.84012,9.636824],[-83.839984,9.636816],[-83.839817,9.636874],[-83.839714,9.636904],[-83.839634,9.636911],[-83.839547,9.636913],[-83.839433,9.636973],[-83.839261,9.637229],[-83.839089,9.637536],[-83.838948,9.63788],[-83.838927,9.637912],[-83.838912,9.637952],[-83.838954,9.638046],[-83.839051,9.638119],[-83.839067,9.638144],[-83.839068,9.638178],[-83.839059,9.638207],[-83.838982,9.638417],[-83.838994,9.638481],[-83.839022,9.638549],[-83.839073,9.638665],[-83.83907,9.638719],[-83.83905,9.638793],[-83.839024,9.638823],[-83.838959,9.638867],[-83.838728,9.63895],[-83.838565,9.639018],[-83.838477,9.639065],[-83.838407,9.639154],[-83.838387,9.639197],[-83.838355,9.639288],[-83.838325,9.63933],[-83.83828,9.63937],[-83.83823,9.639393],[-83.83811,9.639435],[-83.837981,9.63948],[-83.837902,9.639519],[-83.837869,9.639553],[-83.837858,9.639611],[-83.837852,9.639769],[-83.83787,9.639965],[-83.837878,9.640049],[-83.837871,9.640113],[-83.837762,9.64029],[-83.837715,9.640357],[-83.837696,9.640414],[-83.837678,9.640476],[-83.837711,9.640518],[-83.837745,9.640543],[-83.837908,9.640591],[-83.837993,9.640624],[-83.838041,9.640654],[-83.83812,9.640748],[-83.838119,9.640791],[-83.838086,9.640918],[-83.838031,9.641065],[-83.837993,9.64117],[-83.837915,9.64132],[-83.837797,9.641486],[-83.837657,9.64166],[-83.837516,9.641822],[-83.83746,9.641868],[-83.837401,9.641917],[-83.837338,9.641939],[-83.837262,9.641967],[-83.837093,9.641984],[-83.837023,9.642008],[-83.83676,9.642245],[-83.836368,9.642663],[-83.836266,9.642697],[-83.836209,9.642708],[-83.835996,9.642639],[-83.836016,9.647043],[-83.845243,9.644281],[-83.845261,9.64469],[-83.845288,9.645364],[-83.84534,9.646485],[-83.845357,9.64693],[-83.845395,9.647332],[-83.845426,9.647504],[-83.845484,9.647728],[-83.845552,9.647931],[-83.845621,9.648108],[-83.845711,9.648287],[-83.845802,9.648435],[-83.845915,9.648608],[-83.846026,9.648753],[-83.846174,9.648912],[-83.846332,9.649054],[-83.846523,9.649198],[-83.8467,9.649315],[-83.846946,9.649444],[-83.847196,9.649548],[-83.847392,9.649616],[-83.847819,9.649757],[-83.848032,9.649833],[-83.848151,9.649876],[-83.848261,9.649939],[-83.836927,9.653373],[-83.836279,9.653829],[-83.836113,9.654806],[-83.835948,9.655294],[-83.835521,9.65575],[-83.835062,9.655619],[-83.835082,9.655635],[-83.83784,9.657894],[-83.84103,9.656986],[-83.842398,9.656084],[-83.848751,9.656079],[-83.849097,9.656416],[-83.849245,9.656559],[-83.849411,9.656719],[-83.849821,9.657142],[-83.85,9.65738],[-83.850203,9.657676],[-83.850485,9.658266],[-83.850596,9.65861],[-83.850656,9.658901],[-83.850696,9.659206],[-83.850706,9.659623],[-83.850649,9.660333],[-83.850633,9.660534],[-83.850582,9.661035],[-83.850547,9.661374],[-83.850486,9.662023],[-83.85042,9.662685],[-83.850355,9.663352],[-83.850325,9.663624],[-83.850309,9.663869],[-83.850307,9.664145],[-83.850313,9.66453],[-83.850342,9.664868],[-83.850431,9.665352],[-83.850533,9.66572],[-83.850634,9.666005],[-83.851132,9.667079],[-83.851868,9.667719],[-83.852501,9.668443],[-83.853091,9.6689],[-83.853517,9.669389],[-83.853818,9.670385],[-83.85598,9.671581],[-83.856532,9.671934],[-83.857281,9.672344],[-83.857784,9.672512],[-83.858471,9.672628],[-83.858923,9.67261],[-83.859755,9.672115],[-83.860435,9.671649],[-83.86109,9.671157],[-83.861621,9.670845],[-83.86199,9.670659],[-83.862432,9.670487],[-83.862887,9.67034],[-83.864144,9.67113],[-83.865108,9.671558],[-83.865359,9.671697],[-83.865788,9.671839],[-83.866237,9.671961],[-83.86672,9.672216],[-83.866931,9.672781],[-83.867208,9.673004],[-83.867472,9.67307],[-83.867656,9.673253],[-83.867917,9.673937],[-83.867982,9.674491],[-83.867949,9.674881],[-83.868013,9.675793],[-83.868025,9.676035],[-83.868045,9.67677],[-83.867606,9.688079],[-83.876731,9.689944],[-83.883532,9.699855],[-83.883539,9.711141],[-83.889921,9.711617],[-83.895645,9.704814],[-83.895811,9.70489],[-83.896003,9.70503],[-83.896439,9.705257],[-83.896668,9.705297],[-83.897179,9.705247],[-83.897481,9.70532],[-83.897683,9.705536],[-83.897815,9.705776],[-83.897885,9.705945],[-83.898017,9.706139],[-83.898214,9.706302],[-83.89847,9.706417],[-83.898675,9.706519],[-83.898854,9.706659],[-83.899027,9.706734],[-83.899167,9.70665],[-83.899251,9.706431],[-83.899276,9.706291],[-83.899366,9.706152],[-83.899464,9.706171],[-83.899541,9.70628],[-83.899767,9.706473],[-83.900133,9.706622],[-83.900466,9.706788],[-83.90076,9.707017],[-83.90113,9.707271],[-83.901412,9.707386],[-83.901706,9.707538],[-83.902013,9.707717],[-83.902332,9.707857],[-83.902856,9.708213],[-83.903155,9.708708],[-83.903334,9.709102],[-83.903482,9.709293],[-83.903878,9.709623],[-83.9043,9.709802],[-83.904645,9.71003],[-83.905067,9.71031],[-83.905361,9.710552],[-83.905412,9.710768],[-83.905351,9.71089],[-83.90517,9.711035],[-83.904896,9.711171],[-83.904818,9.711353],[-83.904924,9.711522],[-83.905116,9.711678],[-83.905359,9.711783],[-83.905653,9.711898],[-83.90599,9.712209],[-83.906228,9.712698],[-83.906285,9.713152],[-83.906252,9.713562],[-83.912269,9.713535],[-83.915008,9.71353],[-83.921372,9.713518],[-83.9218,9.709385],[-83.928174,9.710302],[-83.92816,9.710359],[-83.927726,9.712728],[-83.926768,9.717967]]]]}},{"type":"Feature","properties":{"codigo":"R07","nombre_asp":"Rio Macho","cat_manejo":"Reserva Forestal","estatus":"Estatal","siglas_cat":"RF","nombre_ac":"Area de Conservacion Central","siglas_ac":"ACC","descripcio":"Area terrestre protegida","a_creacion":"1964","n_creacion":"DE_3417","version":"2019-11-19-001","area_hecta":22712.789616157956,"area_km2":227.12789616157954},"geometry":{"type":"MultiPolygon","coordinates":[[[[-83.696325,9.588283],[-83.696699,9.587282],[-83.696687,9.586903],[-83.696543,9.586607],[-83.696281,9.586064],[-83.696009,9.585744],[-83.695671,9.585448],[-83.695246,9.585121],[-83.695163,9.584973],[-83.695124,9.584758],[-83.695163,9.584387],[-83.695142,9.583937],[-83.695012,9.583715],[-83.694767,9.583498],[-83.694412,9.583255],[-83.694154,9.583077],[-83.693934,9.582821],[-83.693613,9.5825],[-83.693487,9.582214],[-83.693458,9.581911],[-83.693592,9.580854],[-83.693587,9.580585],[-83.693438,9.580272],[-83.693198,9.579905],[-83.693069,9.579685],[-83.692974,9.579439],[-83.691871,9.579407],[-83.691705,9.579453],[-83.691424,9.579446],[-83.690956,9.579385],[-83.69063,9.57935],[-83.689851,9.579267],[-83.689409,9.579288],[-83.689016,9.579252],[-83.688626,9.57913],[-83.688215,9.578936],[-83.687708,9.578551],[-83.687253,9.578402],[-83.686979,9.578341],[-83.68683,9.578325],[-83.686394,9.578336],[-83.686287,9.578714],[-83.686122,9.579256],[-83.685621,9.579574],[-83.685382,9.579607],[-83.685207,9.579602],[-83.685005,9.579542],[-83.684683,9.579472],[-83.684311,9.5796],[-83.684157,9.5796],[-83.683731,9.579396],[-83.683254,9.579166],[-83.68298,9.579155],[-83.682454,9.57917],[-83.682182,9.579199],[-83.681922,9.579195],[-83.681403,9.579416],[-83.680875,9.579496],[-83.680335,9.579492],[-83.67995,9.579461],[-83.679743,9.579318],[-83.679629,9.579051],[-83.679623,9.578698],[-83.679521,9.578351],[-83.679285,9.578122],[-83.679083,9.578001],[-83.678496,9.577844],[-83.677874,9.577777],[-83.677548,9.577666],[-83.677318,9.577443],[-83.677193,9.577141],[-83.676968,9.576738],[-83.676776,9.57634],[-83.676395,9.576035],[-83.675861,9.575827],[-83.675,9.575622],[-83.674535,9.575416],[-83.674132,9.57528],[-83.67342,9.574936],[-83.673191,9.574723],[-83.673085,9.5744],[-83.673021,9.573919],[-83.672853,9.573839],[-83.672566,9.574003],[-83.672403,9.574042],[-83.672078,9.573945],[-83.671465,9.573761],[-83.671169,9.57381],[-83.670776,9.573944],[-83.669953,9.574146],[-83.66957,9.574263],[-83.66927,9.574205],[-83.669021,9.574197],[-83.668866,9.574239],[-83.668544,9.574401],[-83.668415,9.574527],[-83.667828,9.574817],[-83.667603,9.574869],[-83.667291,9.575141],[-83.66704,9.575263],[-83.666624,9.575253],[-83.666396,9.575266],[-83.665997,9.575267],[-83.665472,9.575121],[-83.664924,9.574818],[-83.663265,9.573964],[-83.663811,9.572182],[-83.663886,9.571783],[-83.663987,9.571402],[-83.664347,9.57026],[-83.664559,9.569383],[-83.664704,9.568794],[-83.66508,9.5681],[-83.665466,9.567337],[-83.665819,9.566678],[-83.666264,9.566007],[-83.666641,9.565485],[-83.667224,9.564698],[-83.667705,9.564083],[-83.668299,9.563341],[-83.668723,9.562889],[-83.669169,9.56231],[-83.66966,9.561626],[-83.669934,9.561209],[-83.67077,9.560281],[-83.671434,9.559539],[-83.672101,9.559107],[-83.67263,9.558746],[-83.673148,9.558511],[-83.673562,9.558278],[-83.674125,9.55787],[-83.674722,9.557439],[-83.675492,9.55696],[-83.676332,9.556447],[-83.676896,9.556108],[-83.677607,9.55555],[-83.678112,9.555154],[-83.678697,9.554539],[-83.679282,9.554039],[-83.679776,9.553655],[-83.680245,9.553167],[-83.68059,9.552854],[-83.681107,9.552435],[-83.682176,9.551873],[-83.682995,9.551579],[-83.683687,9.551434],[-83.684461,9.551451],[-83.684866,9.55154],[-83.685295,9.551697],[-83.685667,9.551844],[-83.686421,9.552206],[-83.686874,9.552455],[-83.687315,9.552728],[-83.687756,9.552966],[-83.688325,9.553169],[-83.688985,9.553301],[-83.689563,9.553388],[-83.690269,9.553417],[-83.690684,9.553333],[-83.691296,9.553293],[-83.692151,9.55324],[-83.692716,9.553097],[-83.693119,9.552956],[-83.693649,9.55279],[-83.694179,9.552555],[-83.694767,9.552354],[-83.695852,9.552161],[-83.696638,9.552189],[-83.697355,9.552218],[-83.698107,9.552349],[-83.698906,9.552481],[-83.699381,9.552649],[-83.699925,9.552725],[-83.700389,9.55286],[-83.701049,9.553142],[-83.701572,9.553483],[-83.70191,9.553722],[-83.702211,9.553939],[-83.702305,9.554006],[-83.702585,9.55428],[-83.702979,9.554977],[-83.702937,9.555205],[-83.702873,9.555744],[-83.702789,9.556282],[-83.702746,9.556655],[-83.702495,9.557028],[-83.702118,9.557441],[-83.701992,9.557856],[-83.701992,9.558208],[-83.702033,9.558436],[-83.70222,9.558851],[-83.702699,9.559183],[-83.703221,9.559412],[-83.703617,9.559496],[-83.704245,9.559615],[-83.70464,9.559726],[-83.705098,9.559975],[-83.705515,9.560225],[-83.706016,9.560453],[-83.7066,9.560496],[-83.70754,9.560456],[-83.708104,9.560167],[-83.708404,9.559974],[-83.708989,9.55953],[-83.709574,9.558862],[-83.710069,9.558373],[-83.711013,9.557751],[-83.711553,9.55744],[-83.712272,9.557068],[-83.714562,9.557044],[-83.71573,9.557002],[-83.716314,9.556691],[-83.716765,9.556202],[-83.717287,9.555462],[-83.717938,9.555041],[-83.718584,9.554819],[-83.719173,9.554793],[-83.719552,9.554766],[-83.719951,9.554759],[-83.720357,9.554806],[-83.720455,9.554806],[-83.720645,9.554807],[-83.721003,9.554949],[-83.721277,9.555065],[-83.721449,9.555153],[-83.721564,9.555333],[-83.721649,9.555579],[-83.721763,9.556036],[-83.721762,9.556492],[-83.721848,9.556863],[-83.721975,9.557228],[-83.722182,9.557478],[-83.722388,9.557685],[-83.722729,9.557803],[-83.723024,9.557877],[-83.723498,9.557922],[-83.723809,9.557922],[-83.724031,9.557893],[-83.724297,9.557923],[-83.724629,9.558022],[-83.724829,9.558189],[-83.72508,9.558512],[-83.725243,9.558718],[-83.725464,9.559027],[-83.7257,9.559351],[-83.725863,9.559616],[-83.726114,9.559925],[-83.726675,9.560234],[-83.727001,9.560293],[-83.727253,9.560309],[-83.727637,9.560265],[-83.728159,9.560179],[-83.728368,9.560156],[-83.728657,9.560155],[-83.729201,9.5602],[-83.729473,9.560283],[-83.730331,9.56052],[-83.730641,9.560565],[-83.731011,9.560654],[-83.73147,9.560743],[-83.732095,9.560816],[-83.732446,9.560877],[-83.732801,9.56098],[-83.733278,9.560911],[-83.733654,9.560825],[-83.733836,9.560797],[-83.734959,9.560553],[-83.735889,9.560324],[-83.73678,9.560111],[-83.73747,9.560089],[-83.737996,9.560136],[-83.738863,9.560399],[-83.739467,9.560723],[-83.739637,9.560808],[-83.739923,9.561047],[-83.739962,9.561231],[-83.739923,9.5615],[-83.739721,9.561738],[-83.739178,9.561976],[-83.738581,9.562067],[-83.73831,9.562236],[-83.738193,9.562451],[-83.738139,9.562673],[-83.738165,9.56277],[-83.738304,9.562996],[-83.738391,9.563203],[-83.7386,9.563549],[-83.738825,9.563896],[-83.738947,9.564052],[-83.739225,9.564502],[-83.739468,9.564853],[-83.739561,9.565232],[-83.739585,9.565485],[-83.739643,9.565773],[-83.739588,9.566059],[-83.739561,9.566256],[-83.739365,9.566418],[-83.739087,9.566614],[-83.738785,9.56668],[-83.738541,9.566662],[-83.738176,9.566627],[-83.737792,9.566626],[-83.737356,9.566712],[-83.737047,9.566768],[-83.736752,9.566971],[-83.736598,9.567086],[-83.736633,9.568613],[-83.738045,9.569986],[-83.737659,9.570047],[-83.737257,9.570051],[-83.736924,9.570164],[-83.736479,9.57035],[-83.736256,9.570471],[-83.736035,9.570518],[-83.735848,9.570532],[-83.735679,9.570601],[-83.735442,9.570681],[-83.73531,9.570771],[-83.735115,9.570881],[-83.734927,9.57104],[-83.734781,9.571144],[-83.734616,9.571298],[-83.734334,9.571539],[-83.733949,9.571761],[-83.73359,9.571868],[-83.733183,9.572015],[-83.732953,9.572019],[-83.732699,9.571952],[-83.73247,9.571846],[-83.732251,9.571748],[-83.732049,9.571703],[-83.731785,9.571565],[-83.731499,9.57145],[-83.731031,9.571317],[-83.730708,9.571168],[-83.730557,9.571105],[-83.730383,9.571085],[-83.729851,9.570983],[-83.729804,9.571053],[-83.729678,9.571143],[-83.72948,9.571158],[-83.729056,9.571087],[-83.728922,9.571104],[-83.728656,9.571135],[-83.728507,9.571096],[-83.72833,9.571016],[-83.72814,9.570989],[-83.727738,9.571015],[-83.727332,9.570938],[-83.727101,9.570845],[-83.726881,9.570819],[-83.726605,9.57079],[-83.726414,9.570822],[-83.726286,9.570969],[-83.72612,9.571082],[-83.725833,9.571171],[-83.725499,9.571194],[-83.725355,9.571245],[-83.72529,9.571295],[-83.725,9.571519],[-83.724518,9.571897],[-83.724141,9.571991],[-83.723832,9.57206],[-83.723703,9.572122],[-83.723334,9.572364],[-83.722763,9.572764],[-83.722675,9.57287],[-83.722568,9.572998],[-83.722178,9.573401],[-83.721997,9.573675],[-83.721616,9.574276],[-83.721551,9.574544],[-83.721524,9.574856],[-83.72144,9.574986],[-83.721279,9.575103],[-83.721126,9.575152],[-83.720869,9.575221],[-83.720639,9.575241],[-83.720362,9.575255],[-83.720021,9.5753],[-83.719813,9.575429],[-83.719542,9.575627],[-83.719379,9.575689],[-83.719282,9.57573],[-83.719385,9.590589],[-83.7069,9.588221],[-83.706771,9.58845],[-83.70657,9.588717],[-83.7064,9.588846],[-83.706174,9.588954],[-83.706023,9.588979],[-83.705761,9.589019],[-83.705385,9.589086],[-83.705143,9.589104],[-83.704955,9.589224],[-83.704824,9.589344],[-83.704753,9.589444],[-83.704539,9.58979],[-83.704439,9.590066],[-83.704333,9.590386],[-83.704294,9.590463],[-83.704107,9.590634],[-83.703831,9.590936],[-83.70373,9.591046],[-83.703478,9.591408],[-83.703365,9.591762],[-83.703287,9.592008],[-83.703281,9.592118],[-83.703203,9.592364],[-83.703136,9.592534],[-83.703029,9.592706],[-83.702899,9.592845],[-83.702605,9.59306],[-83.702009,9.593503],[-83.701922,9.593568],[-83.701653,9.59391],[-83.701567,9.594077],[-83.701445,9.594358],[-83.701257,9.594633],[-83.700628,9.595533],[-83.699971,9.595362],[-83.699618,9.595219],[-83.699379,9.595125],[-83.699313,9.595072],[-83.699202,9.594782],[-83.699082,9.594356],[-83.699064,9.594005],[-83.699173,9.593634],[-83.699231,9.593501],[-83.6993,9.593341],[-83.699479,9.592839],[-83.699484,9.592753],[-83.699467,9.59267],[-83.699335,9.592502],[-83.69879,9.59211],[-83.698498,9.591923],[-83.698181,9.591454],[-83.697672,9.59073],[-83.697468,9.590506],[-83.697092,9.590027],[-83.696881,9.589644],[-83.696645,9.58933],[-83.69637,9.588734],[-83.696325,9.588283]]],[[[-83.836009,9.645382],[-83.835996,9.642639],[-83.836209,9.642708],[-83.836266,9.642697],[-83.836368,9.642663],[-83.83668,9.64233],[-83.83676,9.642245],[-83.837023,9.642008],[-83.837093,9.641984],[-83.837262,9.641967],[-83.837338,9.641939],[-83.837401,9.641917],[-83.83746,9.641868],[-83.837516,9.641822],[-83.837657,9.64166],[-83.837797,9.641486],[-83.837915,9.64132],[-83.837993,9.64117],[-83.838031,9.641065],[-83.838086,9.640918],[-83.838119,9.640791],[-83.83812,9.640748],[-83.838041,9.640654],[-83.837993,9.640624],[-83.837908,9.640591],[-83.837745,9.640543],[-83.837711,9.640518],[-83.837678,9.640476],[-83.837696,9.640414],[-83.837715,9.640357],[-83.837762,9.64029],[-83.837871,9.640113],[-83.837878,9.640049],[-83.83787,9.639965],[-83.837852,9.639769],[-83.837858,9.639611],[-83.837869,9.639553],[-83.837902,9.639519],[-83.837981,9.63948],[-83.83811,9.639435],[-83.83823,9.639393],[-83.83828,9.63937],[-83.838325,9.63933],[-83.838355,9.639288],[-83.838387,9.639197],[-83.838407,9.639154],[-83.838477,9.639065],[-83.838565,9.639018],[-83.838728,9.63895],[-83.838959,9.638867],[-83.839024,9.638823],[-83.83905,9.638793],[-83.83907,9.638719],[-83.839073,9.638665],[-83.839022,9.638549],[-83.838994,9.638481],[-83.838982,9.638417],[-83.839059,9.638207],[-83.839068,9.638178],[-83.839067,9.638144],[-83.839051,9.638119],[-83.838954,9.638046],[-83.838912,9.637952],[-83.838927,9.637912],[-83.838948,9.63788],[-83.839089,9.637536],[-83.839261,9.637229],[-83.839433,9.636973],[-83.839495,9.636941],[-83.839547,9.636913],[-83.839634,9.636911],[-83.839714,9.636904],[-83.839817,9.636874],[-83.839917,9.636839],[-83.839984,9.636816],[-83.84012,9.636824],[-83.840326,9.636883],[-83.840404,9.636887],[-83.840534,9.636854],[-83.840604,9.636813],[-83.840703,9.636715],[-83.840752,9.636654],[-83.840832,9.636502],[-83.84088,9.63642],[-83.840927,9.636378],[-83.841023,9.636325],[-83.841111,9.636302],[-83.841182,9.636267],[-83.841246,9.636202],[-83.841248,9.636148],[-83.841217,9.636092],[-83.841072,9.63593],[-83.841,9.635864],[-83.840964,9.635796],[-83.840965,9.635738],[-83.840987,9.635687],[-83.841106,9.635535],[-83.841182,9.635367],[-83.841264,9.635154],[-83.841351,9.635033],[-83.841481,9.634945],[-83.841564,9.634826],[-83.841555,9.634712],[-83.841572,9.634556],[-83.841615,9.63446],[-83.841712,9.634354],[-83.841862,9.634259],[-83.84193,9.634128],[-83.841987,9.63393],[-83.842064,9.633851],[-83.842146,9.633695],[-83.842175,9.633591],[-83.842336,9.633341],[-83.842345,9.633311],[-83.842455,9.633388],[-83.842501,9.633436],[-83.842548,9.633511],[-83.842582,9.633588],[-83.842603,9.633668],[-83.842608,9.63372],[-83.842605,9.633781],[-83.842598,9.633825],[-83.842549,9.634072],[-83.842499,9.634278],[-83.842396,9.634748],[-83.842333,9.634996],[-83.842301,9.635218],[-83.84228,9.635403],[-83.842267,9.635573],[-83.842257,9.635745],[-83.842255,9.635872],[-83.842252,9.636039],[-83.842254,9.636161],[-83.842263,9.636321],[-83.842286,9.63655],[-83.842311,9.636796],[-83.842349,9.6371],[-83.842369,9.637276],[-83.842379,9.637428],[-83.842393,9.637593],[-83.842396,9.637823],[-83.842393,9.63812],[-83.842394,9.638338],[-83.842395,9.638541],[-83.842397,9.638704],[-83.842409,9.638857],[-83.842423,9.638971],[-83.842447,9.6391],[-83.842472,9.639206],[-83.842512,9.639348],[-83.842566,9.639492],[-83.842644,9.639659],[-83.842742,9.639831],[-83.842835,9.639965],[-83.842941,9.640101],[-83.843079,9.64024],[-83.843246,9.640409],[-83.843393,9.640553],[-83.843509,9.640671],[-83.843704,9.640864],[-83.843964,9.641128],[-83.844141,9.641308],[-83.844307,9.64148],[-83.844441,9.641626],[-83.84454,9.641744],[-83.84462,9.641848],[-83.844675,9.641926],[-83.844727,9.642005],[-83.84477,9.642078],[-83.844829,9.642186],[-83.844896,9.642314],[-83.844981,9.6425],[-83.845033,9.642649],[-83.845088,9.642809],[-83.845129,9.642988],[-83.845163,9.643179],[-83.845179,9.643285],[-83.845205,9.643522],[-83.845222,9.64384],[-83.845231,9.643966],[-83.845243,9.644281],[-83.843047,9.644938],[-83.843038,9.644941],[-83.842244,9.645179],[-83.838081,9.646425],[-83.836016,9.647043],[-83.836009,9.645382]]],[[[-83.836949,9.657165],[-83.835105,9.655654],[-83.835082,9.655635],[-83.835062,9.655619],[-83.835164,9.655648],[-83.835521,9.65575],[-83.835948,9.655294],[-83.835992,9.655165],[-83.836113,9.654806],[-83.836192,9.654342],[-83.836236,9.654083],[-83.836279,9.653829],[-83.836337,9.653789],[-83.836927,9.653373],[-83.844799,9.650988],[-83.848261,9.649939],[-83.84835,9.65],[-83.848402,9.650044],[-83.848455,9.650094],[-83.84851,9.650161],[-83.848552,9.650226],[-83.848594,9.650311],[-83.848636,9.650434],[-83.848657,9.650529],[-83.848663,9.650611],[-83.848658,9.650698],[-83.848642,9.650795],[-83.848616,9.650892],[-83.848574,9.651015],[-83.848505,9.651167],[-83.848407,9.651366],[-83.848302,9.651578],[-83.848103,9.651987],[-83.847949,9.652306],[-83.84787,9.652508],[-83.847861,9.652533],[-83.847802,9.652696],[-83.847766,9.652822],[-83.847743,9.652924],[-83.847715,9.653077],[-83.847688,9.653232],[-83.847664,9.653397],[-83.847646,9.653594],[-83.847645,9.653788],[-83.84766,9.65396],[-83.847677,9.654142],[-83.847703,9.654279],[-83.847726,9.654402],[-83.847777,9.654595],[-83.847843,9.654766],[-83.847914,9.654937],[-83.847986,9.655081],[-83.848085,9.655264],[-83.848172,9.655406],[-83.848244,9.655521],[-83.848293,9.65559],[-83.848382,9.655708],[-83.84843,9.655762],[-83.848587,9.655937],[-83.848751,9.656079],[-83.847634,9.65608],[-83.842398,9.656084],[-83.84103,9.656986],[-83.839287,9.657482],[-83.8389,9.657592],[-83.838053,9.657834],[-83.83784,9.657894],[-83.836949,9.657165]]],[[[-83.867867,9.681347],[-83.868027,9.676064],[-83.868251,9.676332],[-83.868421,9.676556],[-83.868817,9.67695],[-83.869098,9.677153],[-83.869328,9.677281],[-83.869597,9.67737],[-83.869955,9.677447],[-83.87039,9.677485],[-83.870646,9.677486],[-83.870991,9.677575],[-83.871439,9.677715],[-83.871733,9.677779],[-83.872091,9.677957],[-83.87241,9.678136],[-83.872743,9.6782],[-83.87305,9.678213],[-83.873485,9.678366],[-83.873791,9.678556],[-83.874098,9.678595],[-83.874469,9.678735],[-83.874738,9.678799],[-83.87507,9.678863],[-83.875326,9.678813],[-83.875569,9.678813],[-83.8758,9.678902],[-83.876106,9.679004],[-83.87635,9.678954],[-83.876618,9.678979],[-83.8769,9.678954],[-83.877258,9.678968],[-83.877667,9.679032],[-83.878013,9.679108],[-83.878396,9.679122],[-83.878729,9.679059],[-83.879011,9.678894],[-83.879331,9.678844],[-83.879599,9.678806],[-83.879881,9.678806],[-83.880252,9.678832],[-83.880584,9.678871],[-83.880853,9.679049],[-83.881133,9.679633],[-83.881427,9.6799],[-83.881824,9.680002],[-83.882297,9.680308],[-83.882859,9.680461],[-83.883103,9.68036],[-83.883308,9.680182],[-83.883525,9.680043],[-83.883935,9.679891],[-83.884306,9.679866],[-83.884741,9.679943],[-83.885239,9.680172],[-83.885713,9.680325],[-83.88616,9.680402],[-83.886296,9.680462],[-83.886718,9.680646],[-83.887158,9.680784],[-83.887541,9.680975],[-83.887861,9.681128],[-83.888283,9.681332],[-83.888666,9.681586],[-83.8891,9.682183],[-83.88947,9.682857],[-83.889825,9.683395],[-83.890151,9.683761],[-83.890443,9.684195],[-83.890665,9.684561],[-83.890875,9.684938],[-83.891121,9.685407],[-83.891263,9.685808],[-83.891206,9.686236],[-83.891166,9.686743],[-83.891204,9.687277],[-83.891305,9.688051],[-83.891305,9.688483],[-83.891149,9.688838],[-83.890972,9.689395],[-83.890955,9.689889],[-83.891018,9.690591],[-83.891114,9.691085],[-83.891096,9.691618],[-83.891044,9.691999],[-83.891094,9.692507],[-83.891222,9.693149],[-83.891318,9.693665],[-83.89139,9.69418],[-83.891501,9.694437],[-83.891693,9.694526],[-83.891795,9.69478],[-83.891667,9.695034],[-83.891577,9.695275],[-83.89164,9.695567],[-83.891947,9.696113],[-83.892202,9.696443],[-83.892412,9.696859],[-83.892774,9.697316],[-83.892878,9.697739],[-83.89298,9.698145],[-83.892864,9.698615],[-83.89289,9.698805],[-83.892863,9.699135],[-83.892837,9.69944],[-83.89285,9.699732],[-83.892811,9.700151],[-83.892823,9.700392],[-83.892823,9.700709],[-83.89305,9.701203],[-83.893388,9.701694],[-83.893856,9.702472],[-83.894171,9.702917],[-83.894569,9.703592],[-83.894737,9.704],[-83.895013,9.7042],[-83.895153,9.704291],[-83.895415,9.704445],[-83.895645,9.704814],[-83.889921,9.711617],[-83.883539,9.711141],[-83.883532,9.699855],[-83.883139,9.699283],[-83.882742,9.698703],[-83.876731,9.689944],[-83.867606,9.688079],[-83.867867,9.681347]]],[[[-83.653482,9.735887],[-83.652929,9.735527],[-83.652676,9.735433],[-83.652273,9.735281],[-83.651579,9.735195],[-83.650954,9.735225],[-83.650324,9.735344],[-83.650632,9.735176],[-83.651145,9.734868],[-83.651994,9.734358],[-83.652457,9.733847],[-83.652582,9.73371],[-83.653836,9.732838],[-83.653979,9.732739],[-83.654963,9.732006],[-83.655895,9.731547],[-83.657102,9.731156],[-83.657636,9.730832],[-83.657981,9.730577],[-83.658654,9.730356],[-83.659551,9.729965],[-83.659965,9.729692],[-83.660632,9.729264],[-83.661086,9.728874],[-83.661398,9.728276],[-83.662047,9.727925],[-83.663096,9.728111],[-83.663809,9.728675],[-83.664307,9.729428],[-83.664599,9.730044],[-83.664873,9.73066],[-83.665422,9.731806],[-83.665852,9.732268],[-83.666247,9.732645],[-83.666698,9.733371],[-83.667573,9.733589],[-83.667652,9.733609],[-83.66769,9.733628],[-83.667967,9.733771],[-83.668042,9.733809],[-83.668207,9.733895],[-83.668253,9.733918],[-83.668581,9.73419],[-83.668158,9.734175],[-83.668098,9.734174],[-83.667719,9.734172],[-83.667186,9.734237],[-83.666515,9.734301],[-83.665992,9.734377],[-83.665832,9.7344],[-83.665021,9.734578],[-83.664164,9.734698],[-83.6634,9.734819],[-83.66296,9.734874],[-83.662439,9.735008],[-83.661998,9.735212],[-83.661488,9.735369],[-83.660516,9.735466],[-83.659822,9.735507],[-83.658931,9.735615],[-83.658097,9.735713],[-83.657589,9.735709],[-83.657131,9.735754],[-83.657045,9.735763],[-83.656247,9.73578],[-83.655252,9.735785],[-83.654685,9.735815],[-83.654048,9.735983],[-83.653482,9.735887]]],[[[-83.917826,9.741979],[-83.917363,9.741763],[-83.917,9.74195],[-83.91671,9.742079],[-83.916378,9.741978],[-83.916219,9.741661],[-83.916031,9.741302],[-83.915756,9.7409],[-83.915453,9.740353],[-83.915208,9.739792],[-83.914976,9.739562],[-83.914614,9.739289],[-83.914238,9.739159],[-83.913876,9.739245],[-83.913543,9.739273],[-83.913282,9.739086],[-83.913124,9.738626],[-83.913066,9.738253],[-83.912937,9.737893],[-83.912531,9.737648],[-83.912155,9.737504],[-83.911806,9.737345],[-83.911029,9.737694],[-83.910983,9.73762],[-83.910922,9.737553],[-83.910868,9.737472],[-83.910794,9.737358],[-83.910719,9.737216],[-83.910714,9.736995],[-83.910742,9.736904],[-83.910827,9.736763],[-83.910949,9.736515],[-83.911064,9.736238],[-83.911136,9.735884],[-83.911251,9.735558],[-83.911415,9.735225],[-83.91146,9.734968],[-83.91153,9.734803],[-83.911598,9.734675],[-83.911738,9.734507],[-83.911832,9.734408],[-83.9119,9.734327],[-83.911976,9.734222],[-83.912102,9.734118],[-83.91219,9.73404],[-83.912284,9.733938],[-83.912223,9.733741],[-83.912169,9.733482],[-83.912093,9.732976],[-83.911884,9.732402],[-83.911662,9.732117],[-83.911382,9.731997],[-83.911204,9.731895],[-83.91065,9.73144],[-83.91051,9.731427],[-83.910319,9.731421],[-83.910199,9.73137],[-83.910002,9.731168],[-83.910034,9.730877],[-83.910168,9.730707],[-83.910314,9.730555],[-83.910378,9.730316],[-83.910219,9.730151],[-83.909997,9.729993],[-83.90971,9.729917],[-83.909373,9.729847],[-83.909203,9.729846],[-83.908851,9.729764],[-83.908578,9.729625],[-83.908864,9.729448],[-83.909145,9.729341],[-83.909428,9.729243],[-83.910148,9.728804],[-83.910378,9.728678],[-83.910651,9.728564],[-83.910965,9.728647],[-83.911132,9.72885],[-83.911326,9.729048],[-83.911457,9.729157],[-83.911609,9.729185],[-83.911782,9.72909],[-83.912154,9.72895],[-83.912436,9.72894],[-83.912667,9.729044],[-83.912991,9.729242],[-83.91319,9.729341],[-83.913467,9.729345],[-83.914003,9.728814],[-83.914249,9.728703],[-83.914479,9.728688],[-83.914752,9.728735],[-83.914972,9.728798],[-83.915223,9.72885],[-83.915616,9.728872],[-83.916014,9.72881],[-83.91615,9.728571],[-83.916156,9.728316],[-83.916097,9.728044],[-83.916287,9.727911],[-83.916481,9.727844],[-83.916754,9.727891],[-83.916961,9.727953],[-83.917265,9.727853],[-83.917898,9.727371],[-83.918249,9.726946],[-83.918579,9.726844],[-83.918847,9.726836],[-83.919141,9.726996],[-83.919427,9.727138],[-83.919623,9.727111],[-83.91982,9.727129],[-83.91999,9.727006],[-83.920588,9.717621],[-83.926768,9.717967],[-83.927368,9.714689],[-83.927726,9.712728],[-83.941595,9.712848],[-83.941655,9.713204],[-83.941692,9.713616],[-83.941765,9.714212],[-83.941814,9.714763],[-83.941887,9.715301],[-83.941983,9.715863],[-83.94209,9.716413],[-83.942407,9.717076],[-83.942698,9.717465],[-83.942978,9.717716],[-83.943386,9.718115],[-83.943933,9.718766],[-83.944109,9.719201],[-83.944125,9.719831],[-83.944046,9.720199],[-83.943794,9.720739],[-83.943507,9.721154],[-83.943138,9.721488],[-83.942792,9.72172],[-83.942435,9.721928],[-83.942088,9.722068],[-83.941406,9.722266],[-83.940817,9.722465],[-83.940423,9.72257],[-83.940019,9.722606],[-83.939602,9.722643],[-83.939139,9.722692],[-83.938757,9.722785],[-83.938168,9.723204],[-83.937917,9.723805],[-83.937918,9.724949],[-83.937737,9.725377],[-83.937251,9.725591],[-83.936837,9.725679],[-83.936315,9.725697],[-83.935829,9.725642],[-83.935433,9.725642],[-83.934947,9.725641],[-83.934677,9.726034],[-83.934658,9.726462],[-83.934494,9.726769],[-83.934208,9.727016],[-83.933757,9.727318],[-83.933281,9.727616],[-83.932839,9.727835],[-83.932766,9.728388],[-83.932875,9.728828],[-83.933351,9.729136],[-83.934027,9.729349],[-83.93449,9.729738],[-83.934525,9.730268],[-83.934143,9.730901],[-83.933629,9.731239],[-83.932628,9.731565],[-83.932086,9.73171],[-83.931149,9.731604],[-83.930511,9.731627],[-83.93015,9.731871],[-83.929986,9.732115],[-83.929838,9.732505],[-83.929751,9.732987],[-83.929665,9.733496],[-83.929521,9.734288],[-83.929292,9.734966],[-83.928807,9.735418],[-83.928152,9.735671],[-83.927581,9.735925],[-83.927125,9.736151],[-83.926423,9.7364],[-83.926053,9.736603],[-83.925909,9.737254],[-83.925559,9.737844],[-83.925599,9.738556],[-83.925721,9.739512],[-83.925782,9.740265],[-83.925719,9.740875],[-83.925474,9.741309],[-83.924816,9.741443],[-83.923852,9.741585],[-83.922848,9.741665],[-83.922253,9.741745],[-83.921692,9.742085],[-83.921452,9.742619],[-83.92102,9.743188],[-83.920651,9.743269],[-83.919975,9.742983],[-83.918982,9.742716],[-83.918491,9.742483],[-83.918173,9.742282],[-83.917826,9.741979]]],[[[-83.742776,9.782748],[-83.742565,9.782719],[-83.742304,9.782726],[-83.741794,9.782847],[-83.741454,9.782949],[-83.741338,9.782973],[-83.741128,9.782973],[-83.740949,9.782938],[-83.74077,9.782875],[-83.740565,9.782796],[-83.740355,9.782651],[-83.740198,9.782489],[-83.74009,9.782328],[-83.739996,9.78218],[-83.739888,9.782065],[-83.739812,9.782005],[-83.739697,9.781978],[-83.739578,9.781994],[-83.739376,9.782044],[-83.739199,9.782091],[-83.739103,9.782141],[-83.738985,9.782215],[-83.738937,9.782253],[-83.738902,9.782312],[-83.738899,9.782316],[-83.738886,9.782378],[-83.738903,9.78246],[-83.738959,9.782557],[-83.738954,9.782588],[-83.738928,9.782622],[-83.738832,9.7827],[-83.738669,9.782739],[-83.738437,9.782768],[-83.738193,9.78277],[-83.737932,9.78273],[-83.737733,9.782689],[-83.737524,9.782577],[-83.737329,9.782495],[-83.737082,9.782468],[-83.736758,9.782401],[-83.7366,9.782359],[-83.736506,9.782299],[-83.736405,9.782205],[-83.736334,9.782091],[-83.736227,9.781976],[-83.736128,9.781898],[-83.735979,9.781825],[-83.735808,9.781787],[-83.735383,9.781812],[-83.735382,9.781812],[-83.734996,9.78178],[-83.734825,9.781806],[-83.734761,9.781816],[-83.734474,9.781949],[-83.734126,9.782125],[-83.733944,9.782173],[-83.733629,9.782229],[-83.733281,9.782295],[-83.733023,9.782382],[-83.732991,9.782387],[-83.732913,9.782394],[-83.732829,9.782388],[-83.732755,9.78235],[-83.732659,9.782263],[-83.732613,9.782182],[-83.73257,9.782075],[-83.732542,9.781877],[-83.732516,9.781746],[-83.732474,9.781692],[-83.732395,9.781635],[-83.732335,9.781599],[-83.732263,9.781555],[-83.7322,9.781529],[-83.732144,9.781517],[-83.732088,9.781517],[-83.732019,9.781529],[-83.731952,9.781542],[-83.731802,9.781571],[-83.731419,9.781689],[-83.73135,9.781718],[-83.731289,9.781758],[-83.731232,9.781827],[-83.731165,9.781924],[-83.731088,9.78204],[-83.730997,9.782131],[-83.73092,9.782171],[-83.730795,9.782218],[-83.730359,9.782344],[-83.729402,9.782566],[-83.729081,9.782664],[-83.728907,9.782735],[-83.728715,9.782893],[-83.728452,9.782876],[-83.728373,9.782872],[-83.728296,9.782863],[-83.728243,9.782853],[-83.728048,9.782806],[-83.727982,9.782777],[-83.727922,9.78276],[-83.727851,9.782749],[-83.727783,9.782754],[-83.727708,9.782775],[-83.727555,9.782824],[-83.727513,9.782838],[-83.727454,9.782875],[-83.727427,9.782903],[-83.727374,9.782961],[-83.727357,9.782976],[-83.727327,9.782997],[-83.727297,9.783017],[-83.727172,9.783072],[-83.727125,9.783078],[-83.727072,9.783075],[-83.727019,9.783071],[-83.726705,9.783011],[-83.72648,9.782961],[-83.726401,9.782954],[-83.726357,9.782958],[-83.72589,9.783036],[-83.725782,9.783048],[-83.725682,9.783041],[-83.725625,9.783026],[-83.725578,9.783007],[-83.725491,9.782948],[-83.725433,9.7829],[-83.725393,9.782859],[-83.725359,9.782826],[-83.725312,9.782788],[-83.725262,9.782753],[-83.725202,9.782717],[-83.725,9.782615],[-83.724984,9.78261],[-83.72493,9.782586],[-83.724864,9.782544],[-83.724827,9.782507],[-83.724768,9.782438],[-83.724548,9.782138],[-83.724425,9.781935],[-83.724396,9.781904],[-83.724379,9.78189],[-83.724374,9.7818],[-83.724378,9.781778],[-83.724282,9.781646],[-83.724239,9.781627],[-83.724203,9.781602],[-83.724179,9.781579],[-83.723931,9.781368],[-83.72379,9.781265],[-83.7237,9.781209],[-83.723608,9.781155],[-83.723299,9.780985],[-83.723228,9.780944],[-83.723147,9.780906],[-83.723078,9.780879],[-83.723027,9.780858],[-83.722921,9.780818],[-83.722885,9.780802],[-83.722469,9.780565],[-83.72223,9.780437],[-83.722084,9.780379],[-83.72201,9.780348],[-83.721947,9.78033],[-83.721908,9.78032],[-83.721846,9.780305],[-83.721814,9.780302],[-83.721752,9.780308],[-83.721671,9.780332],[-83.721213,9.780477],[-83.720748,9.780591],[-83.720488,9.780623],[-83.720375,9.780622],[-83.720257,9.780607],[-83.720189,9.78059],[-83.720137,9.780576],[-83.720071,9.78055],[-83.719959,9.780499],[-83.719881,9.780467],[-83.719862,9.780455],[-83.719842,9.780439],[-83.719823,9.780415],[-83.719792,9.780361],[-83.719781,9.780325],[-83.719781,9.780263],[-83.719824,9.780072],[-83.719846,9.78002],[-83.71987,9.779986],[-83.719906,9.779952],[-83.719939,9.779944],[-83.719992,9.779937],[-83.719624,9.779505],[-83.719658,9.779325],[-83.719684,9.779188],[-83.71969,9.779016],[-83.719716,9.778848],[-83.719695,9.778793],[-83.719682,9.778715],[-83.719671,9.778657],[-83.719709,9.778552],[-83.719738,9.778473],[-83.719754,9.778428],[-83.719868,9.778233],[-83.719909,9.778164],[-83.719946,9.778101],[-83.719956,9.77799],[-83.719913,9.77784],[-83.719829,9.77754],[-83.719746,9.777376],[-83.719721,9.777202],[-83.719664,9.776911],[-83.71958,9.776702],[-83.719505,9.77663],[-83.719436,9.776544],[-83.719303,9.776323],[-83.719263,9.775839],[-83.719433,9.775409],[-83.719516,9.775278],[-83.719591,9.775209],[-83.719728,9.775064],[-83.719784,9.77503],[-83.719853,9.774988],[-83.719885,9.774962],[-83.719956,9.774906],[-83.720073,9.774872],[-83.720158,9.774848],[-83.720232,9.774827],[-83.720529,9.774746],[-83.720796,9.774686],[-83.720832,9.774678],[-83.720875,9.774675],[-83.721214,9.774659],[-83.721228,9.774657],[-83.721491,9.774626],[-83.721574,9.774616],[-83.721859,9.774564],[-83.722111,9.774496],[-83.722287,9.774433],[-83.722376,9.774349],[-83.722507,9.774138],[-83.722514,9.774125],[-83.722613,9.773947],[-83.722843,9.773433],[-83.722989,9.773104],[-83.723063,9.772916],[-83.72315,9.772511],[-83.723222,9.772043],[-83.723233,9.771901],[-83.723268,9.771415],[-83.723298,9.770838],[-83.723298,9.770763],[-83.723299,9.770694],[-83.723305,9.770673],[-83.72333,9.770583],[-83.72337,9.770515],[-83.723421,9.770441],[-83.723428,9.770431],[-83.723516,9.770313],[-83.723527,9.770298],[-83.723558,9.770283],[-83.723669,9.770225],[-83.723735,9.770231],[-83.723801,9.770236],[-83.723917,9.770281],[-83.724129,9.770362],[-83.724359,9.770502],[-83.724487,9.770569],[-83.724565,9.770619],[-83.72468,9.770694],[-83.724783,9.770781],[-83.724792,9.770794],[-83.724981,9.771039],[-83.725081,9.771296],[-83.725144,9.771459],[-83.72519,9.771595],[-83.725256,9.771636],[-83.725324,9.771654],[-83.72541,9.771646],[-83.725415,9.771646],[-83.725462,9.771629],[-83.725508,9.771613],[-83.725533,9.771604],[-83.725586,9.771566],[-83.725646,9.771522],[-83.725656,9.771515],[-83.725724,9.771457],[-83.725747,9.771425],[-83.725827,9.771328],[-83.725862,9.771262],[-83.725916,9.771066],[-83.725926,9.770878],[-83.725855,9.770576],[-83.726047,9.770615],[-83.726986,9.770803],[-83.732547,9.771916],[-83.734225,9.772252],[-83.73531,9.772469],[-83.735376,9.772482],[-83.736987,9.772805],[-83.737373,9.772882],[-83.74015,9.773438],[-83.743979,9.774205],[-83.743978,9.774657],[-83.745345,9.775111],[-83.744087,9.782572],[-83.744043,9.782828],[-83.743998,9.78314],[-83.743952,9.783368],[-83.743834,9.783333],[-83.743669,9.783294],[-83.743449,9.78327],[-83.743326,9.783224],[-83.743256,9.783146],[-83.7432,9.783101],[-83.743022,9.782937],[-83.74287,9.78281],[-83.742776,9.782748]]],[[[-83.689243,9.785328],[-83.689049,9.784893],[-83.688655,9.78448],[-83.688419,9.783862],[-83.688314,9.783334],[-83.688828,9.782909],[-83.689347,9.782875],[-83.689526,9.782767],[-83.689547,9.782478],[-83.689656,9.78206],[-83.689602,9.781718],[-83.690556,9.781691],[-83.691586,9.781596],[-83.694164,9.781356],[-83.703248,9.783177],[-83.711146,9.784991],[-83.711544,9.784412],[-83.712434,9.783112],[-83.712692,9.782737],[-83.71614,9.783551],[-83.716745,9.783694],[-83.716743,9.783701],[-83.716738,9.783755],[-83.716753,9.78391],[-83.716732,9.784167],[-83.716724,9.78456],[-83.716741,9.784691],[-83.716773,9.784823],[-83.716814,9.784947],[-83.716843,9.785034],[-83.71689,9.785172],[-83.717122,9.785763],[-83.717202,9.786049],[-83.717206,9.786125],[-83.717201,9.786211],[-83.717203,9.786326],[-83.717214,9.786429],[-83.71727,9.786578],[-83.717491,9.786865],[-83.717557,9.786965],[-83.71759,9.787038],[-83.717627,9.787152],[-83.717667,9.787315],[-83.717735,9.787616],[-83.717935,9.788324],[-83.718035,9.78869],[-83.718079,9.788858],[-83.718122,9.789008],[-83.718293,9.789673],[-83.718344,9.789853],[-83.718359,9.789982],[-83.718354,9.790099],[-83.718348,9.790117],[-83.718322,9.790206],[-83.718281,9.790354],[-83.718155,9.790647],[-83.718119,9.790704],[-83.718058,9.790777],[-83.717998,9.790836],[-83.71782,9.790964],[-83.717594,9.791047],[-83.717539,9.791069],[-83.717476,9.791101],[-83.717414,9.791136],[-83.717344,9.791185],[-83.717281,9.791254],[-83.716989,9.791686],[-83.716803,9.792096],[-83.716745,9.792287],[-83.716638,9.792936],[-83.716606,9.793053],[-83.716566,9.793188],[-83.716512,9.79331],[-83.71647,9.793409],[-83.716401,9.793575],[-83.716375,9.793631],[-83.716353,9.793697],[-83.716332,9.793765],[-83.716306,9.793812],[-83.716272,9.793852],[-83.716015,9.794091],[-83.715967,9.79415],[-83.715949,9.794173],[-83.715872,9.794311],[-83.715676,9.794818],[-83.715572,9.795256],[-83.715531,9.795385],[-83.715467,9.79583],[-83.715465,9.795918],[-83.715474,9.796033],[-83.715483,9.796208],[-83.715475,9.796355],[-83.715464,9.796458],[-83.715436,9.796599],[-83.715298,9.797028],[-83.715264,9.797202],[-83.715249,9.797335],[-83.715247,9.797409],[-83.715244,9.7975],[-83.71523,9.79759],[-83.715208,9.797651],[-83.715164,9.797728],[-83.71511,9.797789],[-83.71504,9.797826],[-83.714969,9.797839],[-83.714734,9.797858],[-83.714535,9.797922],[-83.714443,9.79797],[-83.714226,9.798085],[-83.714039,9.798165],[-83.713668,9.798322],[-83.71339,9.798422],[-83.713093,9.798538],[-83.712976,9.798498],[-83.712856,9.798462],[-83.712678,9.798408],[-83.712585,9.798382],[-83.71248,9.798348],[-83.712437,9.798324],[-83.712425,9.798307],[-83.712421,9.798288],[-83.712428,9.798263],[-83.712459,9.798153],[-83.712446,9.797909],[-83.712435,9.797823],[-83.711433,9.797697],[-83.708036,9.797184],[-83.707313,9.796599],[-83.706278,9.795763],[-83.704782,9.794554],[-83.704506,9.794332],[-83.704011,9.793872],[-83.699843,9.79],[-83.697293,9.788845],[-83.693535,9.787144],[-83.690468,9.786023],[-83.689759,9.785864],[-83.689495,9.785662],[-83.689243,9.785328]]],[[[-83.500805,9.613887],[-83.506388,9.627082],[-83.506091,9.62638],[-83.50986,9.635289],[-83.510319,9.644315],[-83.508672,9.647118],[-83.507189,9.64974],[-83.506918,9.650246],[-83.506951,9.650634],[-83.506798,9.651274],[-83.506729,9.651863],[-83.506507,9.65257],[-83.506099,9.652974],[-83.505793,9.653361],[-83.50569,9.654153],[-83.505808,9.654944],[-83.505807,9.655315],[-83.505331,9.655533],[-83.50511,9.655954],[-83.504838,9.656442],[-83.504498,9.656644],[-83.504185,9.656737],[-83.503823,9.657382],[-83.5027,9.658493],[-83.503024,9.659498],[-83.499732,9.660355],[-83.499434,9.661491],[-83.499218,9.662486],[-83.499046,9.663385],[-83.498646,9.664564],[-83.498305,9.665069],[-83.497632,9.665442],[-83.497145,9.665901],[-83.496747,9.666272],[-83.496326,9.666644],[-83.495906,9.667037],[-83.49575,9.667496],[-83.495616,9.668109],[-83.495482,9.668679],[-83.495002,9.669253],[-83.497272,9.669775],[-83.498514,9.670558],[-83.49895,9.670992],[-83.499538,9.671362],[-83.500018,9.671667],[-83.500585,9.67208],[-83.500977,9.672384],[-83.501271,9.672559],[-83.501798,9.673038],[-83.502573,9.673177],[-83.503347,9.673399],[-83.504231,9.673813],[-83.505088,9.674144],[-83.50553,9.674612],[-83.50611,9.675163],[-83.506999,9.675649],[-83.508643,9.675855],[-83.509672,9.677918],[-83.510362,9.678634],[-83.510691,9.67976],[-83.510671,9.680991],[-83.511308,9.682447],[-83.51201,9.683416],[-83.512504,9.683868],[-83.513946,9.683997],[-83.514581,9.684384],[-83.515272,9.684797],[-83.515908,9.685128],[-83.516349,9.685624],[-83.517483,9.686011],[-83.518617,9.686096],[-83.519762,9.686046],[-83.525973,9.685806],[-83.529619,9.678338],[-83.544139,9.670782],[-83.544265,9.670315],[-83.544788,9.670605],[-83.544977,9.67071],[-83.545263,9.670929],[-83.545512,9.671226],[-83.545807,9.671442],[-83.54595,9.671414],[-83.546201,9.671176],[-83.546567,9.670906],[-83.546759,9.670828],[-83.547055,9.670695],[-83.547324,9.670542],[-83.54777,9.670322],[-83.547847,9.670334],[-83.548012,9.670394],[-83.548147,9.670501],[-83.548348,9.670549],[-83.548529,9.670485],[-83.548631,9.670372],[-83.548762,9.670194],[-83.548823,9.670079],[-83.549001,9.669634],[-83.549135,9.669467],[-83.549345,9.669356],[-83.549692,9.669399],[-83.54989,9.669445],[-83.550093,9.669475],[-83.550211,9.669414],[-83.550469,9.669367],[-83.550694,9.669139],[-83.551204,9.668938],[-83.551839,9.668857],[-83.552323,9.668958],[-83.552806,9.669091],[-83.553373,9.669441],[-83.554073,9.669956],[-83.554695,9.670293],[-83.555188,9.670238],[-83.555655,9.670186],[-83.557318,9.669852],[-83.558235,9.669346],[-83.558983,9.668714],[-83.559742,9.668359],[-83.560416,9.668149],[-83.560878,9.668009],[-83.56102,9.667728],[-83.561624,9.667413],[-83.562124,9.667557],[-83.562486,9.667828],[-83.562757,9.668347],[-83.56321,9.668956],[-83.563527,9.66925],[-83.563821,9.669633],[-83.564002,9.669882],[-83.564704,9.670247],[-83.565598,9.670319],[-83.575185,9.669696],[-83.5752,9.670261],[-83.575243,9.670358],[-83.575338,9.670519],[-83.575319,9.670648],[-83.575291,9.670759],[-83.57521,9.670896],[-83.575126,9.671032],[-83.575095,9.671146],[-83.57493,9.671309],[-83.574253,9.671627],[-83.573988,9.671788],[-83.573928,9.672198],[-83.573785,9.672793],[-83.573803,9.67293],[-83.573878,9.673708],[-83.57392,9.67398],[-83.573996,9.67478],[-83.57411,9.675207],[-83.574141,9.675543],[-83.574217,9.676138],[-83.574275,9.676653],[-83.574325,9.676781],[-83.574476,9.676857],[-83.574694,9.6769],[-83.57505,9.677054],[-83.575546,9.677332],[-83.575671,9.677419],[-83.575748,9.677641],[-83.575883,9.677797],[-83.576288,9.677979],[-83.576635,9.678227],[-83.577009,9.678273],[-83.577382,9.678229],[-83.577578,9.678167],[-83.577759,9.67816],[-83.57786,9.678172],[-83.578106,9.678254],[-83.578404,9.678355],[-83.578627,9.678381],[-83.578713,9.678025],[-83.578814,9.678038],[-83.588821,9.678506],[-83.591023,9.679833],[-83.591078,9.679866],[-83.591013,9.680245],[-83.591076,9.680412],[-83.59125,9.680593],[-83.591519,9.680872],[-83.591676,9.681033],[-83.591948,9.681288],[-83.591988,9.68136],[-83.592075,9.681585],[-83.592168,9.68173],[-83.592425,9.682012],[-83.592431,9.682294],[-83.592424,9.682646],[-83.592435,9.682839],[-83.592499,9.683096],[-83.592604,9.683269],[-83.592717,9.683334],[-83.592839,9.683326],[-83.59307,9.683143],[-83.593202,9.68315],[-83.593298,9.683241],[-83.593309,9.683446],[-83.593384,9.6836],[-83.593473,9.683791],[-83.593564,9.683841],[-83.59371,9.683827],[-83.593818,9.683839],[-83.593897,9.683944],[-83.593944,9.684168],[-83.593932,9.684327],[-83.59403,9.684389],[-83.594139,9.684403],[-83.594257,9.684389],[-83.594425,9.684337],[-83.594605,9.684186],[-83.594649,9.684182],[-83.594701,9.684287],[-83.594755,9.684472],[-83.594922,9.684659],[-83.595104,9.684823],[-83.595021,9.685013],[-83.594747,9.685396],[-83.594513,9.685603],[-83.594377,9.685659],[-83.59418,9.685631],[-83.593801,9.685636],[-83.593675,9.685671],[-83.593597,9.685743],[-83.59352,9.685847],[-83.593522,9.685956],[-83.593543,9.686016],[-83.593597,9.686139],[-83.593691,9.686261],[-83.593745,9.686285],[-83.593836,9.686279],[-83.594064,9.686167],[-83.59426,9.68611],[-83.594417,9.686177],[-83.594588,9.686352],[-83.594695,9.686564],[-83.594713,9.686681],[-83.594818,9.68686],[-83.594966,9.687249],[-83.595177,9.687535],[-83.595471,9.68772],[-83.595694,9.687818],[-83.595937,9.687855],[-83.596347,9.687802],[-83.596747,9.687674],[-83.597027,9.687703],[-83.597121,9.687791],[-83.597319,9.688039],[-83.597546,9.688218],[-83.597639,9.68836],[-83.59772,9.688541],[-83.597744,9.688886],[-83.597731,9.689407],[-83.597821,9.689547],[-83.597998,9.68962],[-83.598337,9.689792],[-83.59847,9.689899],[-83.598539,9.690043],[-83.598546,9.690218],[-83.598593,9.690321],[-83.598735,9.690437],[-83.599064,9.69058],[-83.59942,9.690725],[-83.599691,9.690884],[-83.599933,9.691111],[-83.60006,9.69122],[-83.600181,9.691186],[-83.599871,9.712987],[-83.599871,9.712992],[-83.599871,9.713219],[-83.600027,9.71332],[-83.600106,9.713482],[-83.600136,9.713704],[-83.600139,9.713939],[-83.600083,9.714182],[-83.599971,9.714347],[-83.599821,9.714557],[-83.599698,9.714661],[-83.599553,9.714696],[-83.59923,9.714716],[-83.599137,9.714707],[-83.599061,9.714667],[-83.598964,9.714593],[-83.598852,9.714543],[-83.598735,9.714567],[-83.598655,9.71468],[-83.5986,9.714871],[-83.598545,9.715282],[-83.598556,9.715502],[-83.598622,9.715618],[-83.598668,9.715673],[-83.598883,9.715824],[-83.598997,9.71608],[-83.599115,9.716309],[-83.599246,9.71649],[-83.599417,9.716804],[-83.599435,9.716904],[-83.599469,9.716989],[-83.599478,9.717103],[-83.599538,9.717231],[-83.599586,9.717277],[-83.599751,9.717322],[-83.600159,9.71731],[-83.600558,9.717298],[-83.600663,9.71733],[-83.600717,9.717362],[-83.60086,9.717509],[-83.601037,9.717628],[-83.601262,9.7178],[-83.601592,9.718065],[-83.601689,9.718185],[-83.601828,9.718312],[-83.601983,9.718404],[-83.602165,9.718365],[-83.602442,9.718383],[-83.602653,9.718557],[-83.603095,9.718825],[-83.603204,9.718821],[-83.603382,9.718743],[-83.603593,9.718678],[-83.603862,9.718643],[-83.604093,9.718726],[-83.604152,9.718791],[-83.604307,9.718863],[-83.604497,9.718912],[-83.604865,9.718977],[-83.604997,9.719008],[-83.60516,9.719212],[-83.605307,9.719493],[-83.60527,9.719881],[-83.605375,9.720117],[-83.605477,9.720403],[-83.605496,9.72054],[-83.605457,9.720779],[-83.605431,9.721192],[-83.605399,9.721397],[-83.605213,9.721809],[-83.605207,9.721822],[-83.605146,9.721952],[-83.604983,9.722412],[-83.604998,9.722811],[-83.604974,9.723374],[-83.605036,9.723579],[-83.605465,9.724507],[-83.605507,9.724713],[-83.60548,9.724842],[-83.605198,9.725219],[-83.604755,9.725706],[-83.604555,9.72582],[-83.60426,9.725948],[-83.603989,9.726163],[-83.603803,9.726316],[-83.603549,9.726584],[-83.603272,9.726918],[-83.603104,9.727285],[-83.60301,9.727588],[-83.60302,9.727727],[-83.60302,9.728072],[-83.602996,9.728235],[-83.602903,9.728548],[-83.602767,9.728725],[-83.601982,9.729252],[-83.601541,9.729528],[-83.60109,9.729787],[-83.600767,9.729942],[-83.600496,9.730072],[-83.600065,9.730504],[-83.599784,9.730783],[-83.599209,9.731273],[-83.598256,9.73234],[-83.596409,9.736324],[-83.596216,9.736738],[-83.59611,9.736969],[-83.595632,9.737309],[-83.594851,9.737687],[-83.594336,9.73795],[-83.593987,9.737966],[-83.592857,9.738295],[-83.592607,9.738492],[-83.592444,9.738691],[-83.592299,9.738848],[-83.592151,9.739132],[-83.592228,9.739578],[-83.592263,9.73993],[-83.592405,9.740322],[-83.592544,9.740565],[-83.59247,9.740785],[-83.592615,9.740645],[-83.592528,9.740971],[-83.592511,9.741033],[-83.592205,9.741709],[-83.591982,9.742168],[-83.591942,9.742222],[-83.591717,9.742901],[-83.591629,9.743153],[-83.591428,9.743386],[-83.591245,9.743626],[-83.591195,9.74376],[-83.591205,9.743932],[-83.591204,9.743949],[-83.591043,9.744234],[-83.590818,9.744772],[-83.590476,9.745114],[-83.590359,9.74523],[-83.589829,9.745394],[-83.589813,9.745404],[-83.58981,9.745364],[-83.589147,9.745276],[-83.587965,9.745209],[-83.587917,9.74522],[-83.587656,9.74524],[-83.587528,9.745305],[-83.587444,9.745324],[-83.587227,9.745359],[-83.587081,9.745376],[-83.586953,9.745367],[-83.586848,9.745331],[-83.586719,9.745221],[-83.586636,9.745163],[-83.586513,9.745061],[-83.586024,9.744719],[-83.585537,9.744466],[-83.585261,9.744394],[-83.584644,9.744204],[-83.584551,9.744175],[-83.584214,9.744064],[-83.583447,9.743811],[-83.58335,9.743818],[-83.583112,9.743837],[-83.582908,9.743872],[-83.582725,9.743876],[-83.58254,9.743839],[-83.582416,9.743779],[-83.582316,9.743715],[-83.582244,9.743683],[-83.5821,9.743648],[-83.581983,9.743655],[-83.581968,9.743656],[-83.581833,9.743703],[-83.58168,9.743796],[-83.581325,9.744035],[-83.5813,9.744058],[-83.581185,9.744232],[-83.581142,9.744298],[-83.58095,9.744957],[-83.580635,9.745572],[-83.580263,9.746277],[-83.579749,9.746919],[-83.579704,9.74698],[-83.579492,9.747324],[-83.579391,9.747548],[-83.579031,9.747981],[-83.578959,9.748062],[-83.578806,9.748446],[-83.578477,9.748636],[-83.578359,9.748693],[-83.57827,9.748735],[-83.577765,9.749047],[-83.577699,9.749081],[-83.577341,9.749209],[-83.576696,9.749486],[-83.576414,9.749642],[-83.576198,9.749762],[-83.576025,9.74987],[-83.575832,9.75],[-83.57579,9.750028],[-83.575662,9.750111],[-83.575592,9.750142],[-83.575553,9.750148],[-83.575498,9.750139],[-83.575453,9.750111],[-83.575422,9.75008],[-83.575406,9.750057],[-83.57538,9.75],[-83.575227,9.749666],[-83.575133,9.74946],[-83.575061,9.749403],[-83.575,9.749391],[-83.574784,9.749314],[-83.574757,9.749316],[-83.574697,9.749319],[-83.574601,9.749379],[-83.574534,9.749441],[-83.574437,9.749528],[-83.574366,9.749584],[-83.574262,9.749664],[-83.574183,9.74971],[-83.574104,9.749755],[-83.574025,9.749801],[-83.573911,9.749867],[-83.573829,9.749907],[-83.573747,9.749946],[-83.573671,9.749982],[-83.57364,9.75],[-83.573592,9.750027],[-83.573512,9.750072],[-83.573433,9.750116],[-83.573354,9.750161],[-83.573291,9.750197],[-83.5732,9.750205],[-83.57311,9.750214],[-83.573087,9.750216],[-83.573019,9.750223],[-83.572928,9.750232],[-83.572868,9.750238],[-83.572777,9.750242],[-83.572709,9.750245],[-83.572618,9.750242],[-83.572529,9.75024],[-83.57244,9.750222],[-83.57237,9.750208],[-83.572285,9.750177],[-83.572219,9.750154],[-83.572165,9.75012],[-83.572142,9.750105],[-83.572051,9.750048],[-83.571981,9.75],[-83.571976,9.749996],[-83.571923,9.749961],[-83.57185,9.749908],[-83.571787,9.749863],[-83.571676,9.749824],[-83.571565,9.749837],[-83.571442,9.749892],[-83.571337,9.749938],[-83.571248,9.75],[-83.571243,9.750004],[-83.571191,9.750108],[-83.571144,9.750232],[-83.571073,9.750346],[-83.570999,9.750415],[-83.570928,9.750467],[-83.570852,9.750539],[-83.570752,9.750627],[-83.570666,9.750667],[-83.570566,9.750718],[-83.570501,9.750792],[-83.570469,9.750876],[-83.570465,9.75096],[-83.57047,9.751082],[-83.570471,9.751173],[-83.570472,9.751243],[-83.570488,9.751375],[-83.570499,9.751431],[-83.57034,9.751699],[-83.570106,9.751985],[-83.570097,9.75199],[-83.570043,9.751995],[-83.569968,9.752001],[-83.569878,9.752018],[-83.569833,9.752027],[-83.569736,9.752066],[-83.569659,9.752114],[-83.56958,9.752163],[-83.569505,9.752213],[-83.569451,9.752249],[-83.569416,9.752268],[-83.569333,9.75231],[-83.569245,9.752334],[-83.569193,9.752349],[-83.569088,9.752359],[-83.568977,9.75239],[-83.568878,9.752424],[-83.56875,9.752448],[-83.568654,9.752452],[-83.568591,9.752441],[-83.568533,9.752398],[-83.568497,9.752315],[-83.568465,9.75224],[-83.56844,9.752154],[-83.568434,9.752129],[-83.56834,9.752079],[-83.56825,9.75207],[-83.568199,9.752065],[-83.568111,9.75204],[-83.568037,9.75202],[-83.568013,9.752012],[-83.567722,9.751904],[-83.567634,9.751876],[-83.567545,9.751894],[-83.567456,9.751913],[-83.56739,9.751926],[-83.567301,9.751944],[-83.567244,9.751956],[-83.567153,9.751966],[-83.567065,9.751976],[-83.566975,9.751992],[-83.566924,9.752001],[-83.566836,9.752025],[-83.566772,9.752042],[-83.566691,9.752084],[-83.566629,9.752116],[-83.566566,9.752182],[-83.566515,9.752236],[-83.566459,9.752306],[-83.56643,9.752343],[-83.566365,9.752407],[-83.566299,9.752472],[-83.566247,9.752547],[-83.566199,9.752616],[-83.56615,9.752691],[-83.566122,9.752734],[-83.566084,9.752816],[-83.56604,9.752912],[-83.566009,9.752992],[-83.565973,9.753075],[-83.565944,9.75314],[-83.565902,9.753197],[-83.565874,9.753218],[-83.565853,9.753232],[-83.565807,9.753264],[-83.565628,9.753386],[-83.565484,9.753486],[-83.565418,9.753508],[-83.565373,9.753523],[-83.565247,9.753543],[-83.565156,9.753546],[-83.565061,9.75355],[-83.564939,9.753546],[-83.564836,9.75355],[-83.564747,9.753568],[-83.564689,9.75358],[-83.564603,9.753607],[-83.564551,9.753623],[-83.56445,9.75368],[-83.564384,9.753743],[-83.564303,9.753819],[-83.564222,9.75386],[-83.564154,9.753893],[-83.564114,9.753903],[-83.564024,9.753891],[-83.563848,9.753868],[-83.563766,9.753857],[-83.563603,9.753785],[-83.563497,9.753738],[-83.563498,9.753712],[-83.563521,9.753636],[-83.563538,9.75361],[-83.563567,9.753592],[-83.563519,9.753548],[-83.563464,9.753522],[-83.563398,9.753491],[-83.563271,9.753478],[-83.563177,9.753496],[-83.563076,9.753477],[-83.562951,9.753454],[-83.562942,9.753452],[-83.562877,9.753436],[-83.562792,9.753395],[-83.562726,9.753359],[-83.56267,9.753323],[-83.562594,9.753279],[-83.56249,9.753234],[-83.562396,9.753195],[-83.562311,9.753162],[-83.562224,9.753138],[-83.562155,9.753131],[-83.562082,9.753133],[-83.562,9.753139],[-83.561938,9.753136],[-83.561883,9.753112],[-83.561828,9.753077],[-83.561768,9.753032],[-83.561704,9.752966],[-83.561636,9.752877],[-83.561606,9.752829],[-83.561406,9.75266],[-83.561076,9.752653],[-83.561004,9.752659],[-83.560917,9.752655],[-83.560852,9.752656],[-83.560762,9.752644],[-83.560665,9.752631],[-83.56056,9.752613],[-83.560444,9.752581],[-83.560341,9.752551],[-83.560297,9.752543],[-83.560254,9.752534],[-83.560164,9.752552],[-83.560049,9.752575],[-83.55993,9.7526],[-83.559825,9.752601],[-83.559725,9.752623],[-83.559635,9.75264],[-83.559575,9.752674],[-83.559513,9.752734],[-83.559462,9.752826],[-83.559422,9.752938],[-83.559372,9.753041],[-83.559302,9.753136],[-83.559251,9.753183],[-83.559191,9.75325],[-83.559106,9.753344],[-83.559108,9.753435],[-83.559109,9.753484],[-83.559092,9.753565],[-83.559058,9.75362],[-83.559017,9.753676],[-83.558941,9.753764],[-83.558869,9.753825],[-83.558797,9.753873],[-83.55872,9.753924],[-83.558647,9.753962],[-83.558588,9.754006],[-83.558526,9.754057],[-83.558461,9.754109],[-83.558412,9.754163],[-83.558377,9.754208],[-83.558343,9.754258],[-83.558295,9.75433],[-83.558258,9.754401],[-83.558231,9.754472],[-83.558207,9.754566],[-83.558187,9.754644],[-83.558155,9.75477],[-83.55816,9.754834],[-83.558163,9.75491],[-83.558182,9.755007],[-83.558187,9.755103],[-83.558184,9.755194],[-83.558181,9.755284],[-83.558179,9.755341],[-83.55818,9.755434],[-83.55818,9.755449],[-83.55817,9.755493],[-83.558151,9.755544],[-83.558134,9.755586],[-83.558118,9.755628],[-83.558101,9.75567],[-83.558085,9.755712],[-83.558068,9.755754],[-83.558052,9.755796],[-83.558035,9.755839],[-83.558019,9.755881],[-83.558002,9.755923],[-83.557985,9.755965],[-83.557948,9.756021],[-83.557923,9.756058],[-83.557898,9.756096],[-83.557873,9.756134],[-83.557848,9.756171],[-83.557823,9.756209],[-83.557798,9.756247],[-83.557773,9.756285],[-83.557744,9.756316],[-83.557713,9.756349],[-83.557682,9.756382],[-83.557651,9.756415],[-83.55762,9.756448],[-83.557589,9.756482],[-83.557558,9.756515],[-83.557526,9.756545],[-83.557493,9.756577],[-83.557461,9.756608],[-83.557424,9.756634],[-83.557388,9.756661],[-83.557351,9.756688],[-83.557314,9.756715],[-83.557278,9.756742],[-83.557241,9.756769],[-83.557204,9.756796],[-83.557168,9.756823],[-83.557131,9.75685],[-83.557097,9.756858],[-83.557053,9.756869],[-83.557009,9.75688],[-83.556964,9.756891],[-83.55692,9.756902],[-83.556876,9.756913],[-83.556832,9.756924],[-83.556791,9.756919],[-83.556746,9.756913],[-83.556701,9.756907],[-83.556656,9.756902],[-83.556611,9.756896],[-83.556565,9.756891],[-83.55652,9.756885],[-83.556475,9.756879],[-83.55643,9.756874],[-83.556374,9.756872],[-83.556329,9.756871],[-83.556283,9.75687],[-83.556238,9.756869],[-83.556192,9.756868],[-83.556147,9.756867],[-83.556101,9.756866],[-83.556056,9.756865],[-83.55601,9.756864],[-83.555964,9.756863],[-83.555919,9.756862],[-83.555883,9.75687],[-83.555838,9.756878],[-83.555793,9.756887],[-83.555748,9.756896],[-83.555704,9.756905],[-83.555659,9.756914],[-83.555614,9.756922],[-83.55557,9.756931],[-83.555525,9.75694],[-83.55548,9.756949],[-83.555447,9.756966],[-83.555406,9.756987],[-83.555366,9.757008],[-83.555325,9.757029],[-83.555285,9.75705],[-83.555231,9.757088],[-83.555193,9.757115],[-83.555156,9.757141],[-83.555119,9.757167],[-83.555082,9.757193],[-83.555045,9.757219],[-83.555017,9.757256],[-83.554991,9.757293],[-83.554964,9.75733],[-83.554938,9.757366],[-83.554911,9.757403],[-83.554884,9.75744],[-83.554864,9.757474],[-83.554841,9.757513],[-83.554817,9.757552],[-83.554794,9.75759],[-83.554771,9.757629],[-83.554764,9.75764],[-83.554747,9.757668],[-83.554737,9.757706],[-83.554725,9.75775],[-83.554713,9.757793],[-83.554701,9.757837],[-83.554689,9.757881],[-83.554677,9.757924],[-83.554688,9.757984],[-83.554704,9.757933],[-83.554744,9.757946],[-83.554788,9.757961],[-83.554805,9.757966],[-83.55475,9.758535],[-83.554745,9.758552],[-83.554731,9.758595],[-83.554718,9.758638],[-83.554705,9.758681],[-83.554691,9.758725],[-83.554635,9.758761],[-83.554598,9.758786],[-83.554559,9.758811],[-83.554522,9.758836],[-83.554485,9.758839],[-83.554439,9.758842],[-83.554394,9.758844],[-83.554348,9.758847],[-83.554324,9.758836],[-83.554282,9.758818],[-83.55424,9.7588],[-83.554199,9.758782],[-83.554161,9.758738],[-83.554132,9.758703],[-83.554102,9.758669],[-83.554097,9.758635],[-83.55409,9.75859],[-83.554083,9.758546],[-83.554075,9.758501],[-83.554074,9.758466],[-83.554073,9.758421],[-83.554072,9.758375],[-83.554071,9.75833],[-83.554056,9.758268],[-83.554046,9.758224],[-83.554035,9.75818],[-83.553995,9.758129],[-83.553967,9.758093],[-83.553935,9.758095],[-83.553889,9.758099],[-83.553844,9.758102],[-83.553817,9.758121],[-83.553779,9.758146],[-83.553762,9.758165],[-83.553731,9.758198],[-83.5537,9.758231],[-83.553669,9.75827],[-83.553641,9.758305],[-83.553613,9.758341],[-83.553584,9.758376],[-83.553556,9.758412],[-83.553524,9.75846],[-83.553499,9.758498],[-83.553475,9.758536],[-83.55345,9.758574],[-83.553425,9.758612],[-83.5534,9.758649],[-83.553375,9.758687],[-83.55335,9.758725],[-83.553325,9.758763],[-83.553301,9.758801],[-83.553276,9.758839],[-83.553251,9.758877],[-83.553226,9.758915],[-83.553201,9.758953],[-83.553176,9.75899],[-83.553151,9.759028],[-83.553127,9.759066],[-83.553096,9.759112],[-83.55307,9.75915],[-83.553045,9.759187],[-83.55302,9.759225],[-83.552994,9.759263],[-83.552969,9.7593],[-83.552944,9.759338],[-83.552918,9.759375],[-83.552893,9.759413],[-83.552868,9.75945],[-83.552842,9.759488],[-83.552817,9.759526],[-83.552792,9.759563],[-83.552742,9.759608],[-83.552708,9.759638],[-83.552675,9.759669],[-83.552641,9.759699],[-83.552607,9.75973],[-83.552574,9.75976],[-83.55254,9.75979],[-83.552506,9.759821],[-83.552472,9.759851],[-83.552439,9.759882],[-83.552405,9.759912],[-83.552371,9.759942],[-83.552338,9.759973],[-83.552288,9.760019],[-83.552254,9.760049],[-83.552221,9.76008],[-83.552187,9.760111],[-83.552154,9.760141],[-83.55212,9.760172],[-83.552087,9.760203],[-83.552053,9.760234],[-83.55202,9.760264],[-83.551986,9.760295],[-83.551953,9.760326],[-83.551919,9.760356],[-83.551886,9.760387],[-83.551852,9.760418],[-83.551819,9.760448],[-83.551792,9.760481],[-83.551764,9.760517],[-83.551735,9.760552],[-83.551707,9.760587],[-83.551678,9.760622],[-83.551649,9.760658],[-83.551621,9.760693],[-83.551592,9.760728],[-83.551564,9.760763],[-83.551535,9.760799],[-83.551507,9.760834],[-83.551478,9.760869],[-83.55145,9.760904],[-83.551421,9.76094],[-83.551392,9.760975],[-83.551364,9.76101],[-83.551346,9.761034],[-83.55132,9.761071],[-83.551293,9.761107],[-83.551266,9.761144],[-83.55124,9.761181],[-83.551213,9.761217],[-83.551186,9.761254],[-83.55116,9.761291],[-83.551131,9.761337],[-83.551108,9.761375],[-83.551084,9.761414],[-83.55106,9.761453],[-83.551037,9.761491],[-83.551013,9.76153],[-83.550989,9.761569],[-83.550966,9.761607],[-83.550942,9.761646],[-83.550918,9.761684],[-83.550895,9.761723],[-83.550871,9.761762],[-83.550847,9.7618],[-83.550824,9.761839],[-83.5508,9.761878],[-83.550776,9.761916],[-83.550758,9.761935],[-83.550727,9.761968],[-83.550696,9.762001],[-83.550665,9.762034],[-83.550634,9.762067],[-83.550603,9.7621],[-83.550572,9.762133],[-83.550541,9.762166],[-83.550509,9.762199],[-83.550469,9.762239],[-83.550437,9.76227],[-83.550404,9.762302],[-83.550372,9.762334],[-83.550339,9.762365],[-83.550306,9.762397],[-83.550274,9.762429],[-83.550241,9.76246],[-83.550209,9.762492],[-83.550179,9.762511],[-83.550141,9.762536],[-83.550103,9.762561],[-83.550064,9.762585],[-83.550026,9.76261],[-83.55,9.762627],[-83.549988,9.762635],[-83.54995,9.762659],[-83.549912,9.762684],[-83.549862,9.762694],[-83.549818,9.762703],[-83.549773,9.762712],[-83.549728,9.762721],[-83.549684,9.76273],[-83.549639,9.762739],[-83.549594,9.762748],[-83.54955,9.762757],[-83.549518,9.762758],[-83.549473,9.762759],[-83.549427,9.762761],[-83.549382,9.762763],[-83.549336,9.762764],[-83.549291,9.762766],[-83.549245,9.762768],[-83.549199,9.762769],[-83.549154,9.762771],[-83.549114,9.762765],[-83.549069,9.762757],[-83.549024,9.76275],[-83.548979,9.762743],[-83.548934,9.762735],[-83.548889,9.762728],[-83.548844,9.762721],[-83.548782,9.762718],[-83.548737,9.762716],[-83.548691,9.762715],[-83.548646,9.762713],[-83.5486,9.762711],[-83.548554,9.762709],[-83.548509,9.762707],[-83.548463,9.762705],[-83.548433,9.762719],[-83.548391,9.762737],[-83.54835,9.762755],[-83.548341,9.762759],[-83.548151,9.762861],[-83.547873,9.76306],[-83.547846,9.76309],[-83.547816,9.763124],[-83.547785,9.763157],[-83.547755,9.763191],[-83.547725,9.763225],[-83.547691,9.763256],[-83.547658,9.763286],[-83.547624,9.763317],[-83.547591,9.763348],[-83.547558,9.763379],[-83.547524,9.763409],[-83.547491,9.76344],[-83.547458,9.763471],[-83.547424,9.763502],[-83.547391,9.763533],[-83.547357,9.763563],[-83.547312,9.763605],[-83.54728,9.763637],[-83.547247,9.763668],[-83.547215,9.7637],[-83.547182,9.763732],[-83.54715,9.763764],[-83.547118,9.763796],[-83.547085,9.763827],[-83.547053,9.763859],[-83.54702,9.763891],[-83.546988,9.763923],[-83.546955,9.763955],[-83.546924,9.763987],[-83.546892,9.76402],[-83.54686,9.764052],[-83.546829,9.764085],[-83.546785,9.764129],[-83.546751,9.764159],[-83.546716,9.764188],[-83.546681,9.764217],[-83.546647,9.764246],[-83.546614,9.764274],[-83.546569,9.764282],[-83.546524,9.764291],[-83.546479,9.764299],[-83.546434,9.764307],[-83.546388,9.764316],[-83.546343,9.764307],[-83.546314,9.764301],[-83.546273,9.764281],[-83.546233,9.764261],[-83.546192,9.764241],[-83.546151,9.764221],[-83.54611,9.764201],[-83.546069,9.764181],[-83.546043,9.764168],[-83.546003,9.764145],[-83.545964,9.764122],[-83.545943,9.764109],[-83.545925,9.764099],[-83.545886,9.764076],[-83.545846,9.764053],[-83.545807,9.76403],[-83.545785,9.764017],[-83.545743,9.763997],[-83.545702,9.763978],[-83.545661,9.763959],[-83.54562,9.763939],[-83.545578,9.76392],[-83.545537,9.763901],[-83.545496,9.763882],[-83.54545,9.76386],[-83.545407,9.763847],[-83.545363,9.763833],[-83.54532,9.763819],[-83.545277,9.763806],[-83.545233,9.763792],[-83.545178,9.763775],[-83.545132,9.763772],[-83.545087,9.76377],[-83.545041,9.763768],[-83.544996,9.763766],[-83.54495,9.763763],[-83.544905,9.763761],[-83.54484,9.763758],[-83.544796,9.763769],[-83.544752,9.763781],[-83.544708,9.763793],[-83.544664,9.763805],[-83.54462,9.763816],[-83.544576,9.763828],[-83.544532,9.76384],[-83.544488,9.763851],[-83.544456,9.76386],[-83.544417,9.763883],[-83.544378,9.763907],[-83.544339,9.76393],[-83.5443,9.763953],[-83.544261,9.763977],[-83.544222,9.764],[-83.544183,9.764023],[-83.544144,9.764047],[-83.544123,9.764059],[-83.544088,9.764088],[-83.544053,9.764117],[-83.544018,9.764145],[-83.543983,9.764174],[-83.543948,9.764203],[-83.543913,9.764232],[-83.543877,9.764261],[-83.543842,9.764289],[-83.543807,9.764318],[-83.543772,9.764347],[-83.543737,9.764376],[-83.543689,9.764415],[-83.543655,9.764444],[-83.543621,9.764474],[-83.543587,9.764504],[-83.543552,9.764534],[-83.543518,9.764563],[-83.543484,9.764593],[-83.543449,9.764623],[-83.543433,9.764637],[-83.543415,9.764653],[-83.543381,9.764682],[-83.543346,9.764712],[-83.543308,9.764746],[-83.54327,9.76477],[-83.543231,9.764795],[-83.543193,9.764819],[-83.543155,9.764844],[-83.543117,9.764868],[-83.543078,9.764893],[-83.54304,9.764918],[-83.543002,9.764942],[-83.542964,9.764967],[-83.542943,9.76498],[-83.542907,9.765008],[-83.542872,9.765036],[-83.542836,9.765064],[-83.5428,9.765092],[-83.542765,9.76512],[-83.542729,9.765149],[-83.542693,9.765177],[-83.542667,9.765198],[-83.542626,9.765218],[-83.542585,9.765238],[-83.542544,9.765257],[-83.542503,9.765277],[-83.542462,9.765297],[-83.542421,9.765317],[-83.54238,9.765337],[-83.542339,9.765357],[-83.54228,9.765385],[-83.542235,9.765392],[-83.54219,9.765398],[-83.542145,9.765404],[-83.5421,9.765411],[-83.542055,9.765417],[-83.54201,9.765423],[-83.541965,9.76543],[-83.541919,9.765436],[-83.541874,9.765442],[-83.541842,9.765447],[-83.541797,9.765451],[-83.541751,9.765456],[-83.541706,9.765461],[-83.541661,9.765465],[-83.541615,9.76547],[-83.54157,9.765474],[-83.541525,9.765479],[-83.541464,9.765485],[-83.541419,9.765495],[-83.541375,9.765505],[-83.541331,9.765515],[-83.541286,9.765525],[-83.541242,9.765536],[-83.541185,9.765548],[-83.541146,9.765571],[-83.541106,9.765594],[-83.541067,9.765616],[-83.541027,9.765639],[-83.540988,9.765662],[-83.540948,9.765684],[-83.540909,9.765707],[-83.540869,9.765729],[-83.540844,9.765744],[-83.540808,9.765773],[-83.540772,9.765801],[-83.540737,9.765829],[-83.540701,9.765858],[-83.540666,9.765886],[-83.54063,9.765914],[-83.540595,9.765942],[-83.540559,9.765971],[-83.540524,9.765999],[-83.540488,9.766027],[-83.540453,9.766056],[-83.540421,9.766081],[-83.540387,9.766111],[-83.540354,9.766142],[-83.54032,9.766172],[-83.540286,9.766203],[-83.540252,9.766233],[-83.540219,9.766263],[-83.540185,9.766294],[-83.540151,9.766324],[-83.540118,9.766355],[-83.540084,9.766385],[-83.54005,9.766415],[-83.540016,9.766446],[-83.539983,9.766476],[-83.539949,9.766507],[-83.539915,9.766537],[-83.539881,9.766567],[-83.539848,9.766598],[-83.539812,9.766631],[-83.539775,9.766658],[-83.539763,9.766667],[-83.539739,9.766685],[-83.539703,9.766712],[-83.539666,9.76674],[-83.53963,9.766767],[-83.539594,9.766794],[-83.539557,9.766822],[-83.539521,9.766849],[-83.539485,9.766876],[-83.539448,9.766903],[-83.539412,9.766931],[-83.539376,9.766958],[-83.539339,9.766985],[-83.539303,9.767013],[-83.539267,9.76704],[-83.53923,9.767067],[-83.539223,9.767072],[-83.539194,9.767095],[-83.539158,9.767122],[-83.53913,9.767143],[-83.539093,9.767169],[-83.539056,9.767196],[-83.539019,9.767223],[-83.538983,9.76725],[-83.538946,9.767276],[-83.538909,9.767303],[-83.538872,9.76733],[-83.538824,9.767365],[-83.538803,9.767404],[-83.538781,9.767444],[-83.53876,9.767484],[-83.538736,9.767528],[-83.538729,9.767573],[-83.538726,9.767597],[-83.538723,9.767618],[-83.538714,9.767681],[-83.538726,9.767724],[-83.538738,9.767768],[-83.538749,9.767808],[-83.538735,9.767851],[-83.538721,9.767894],[-83.53871,9.767928],[-83.538687,9.767967],[-83.538664,9.768006],[-83.538643,9.768041],[-83.538609,9.768071],[-83.538575,9.768101],[-83.53854,9.768132],[-83.538496,9.768145],[-83.538447,9.768159],[-83.538402,9.768162],[-83.538356,9.768164],[-83.538317,9.768166],[-83.538272,9.768162],[-83.538226,9.768158],[-83.538181,9.768154],[-83.538136,9.76815],[-83.53809,9.768145],[-83.538045,9.768141],[-83.537978,9.768135],[-83.537933,9.768128],[-83.537888,9.768121],[-83.537843,9.768114],[-83.537798,9.768106],[-83.537753,9.768099],[-83.537708,9.768092],[-83.537663,9.768085],[-83.537618,9.768078],[-83.537573,9.768071],[-83.537528,9.768064],[-83.537503,9.76806],[-83.537461,9.768042],[-83.53742,9.768023],[-83.537378,9.768005],[-83.537336,9.767987],[-83.537295,9.767968],[-83.537253,9.76795],[-83.537211,9.767932],[-83.53717,9.767913],[-83.537128,9.767895],[-83.537086,9.767877],[-83.537049,9.76786],[-83.537006,9.767844],[-83.536964,9.767828],[-83.536921,9.767812],[-83.536879,9.767796],[-83.536818,9.767773],[-83.536774,9.767763],[-83.536729,9.767752],[-83.536685,9.767742],[-83.536645,9.767733],[-83.536604,9.767753],[-83.536563,9.767773],[-83.536515,9.767797],[-83.536484,9.76783],[-83.536452,9.767862],[-83.53642,9.767894],[-83.536388,9.767927],[-83.536356,9.767959],[-83.536318,9.767999],[-83.536292,9.768036],[-83.536266,9.768073],[-83.53624,9.76811],[-83.536214,9.768147],[-83.536186,9.768187],[-83.53618,9.768199],[-83.536173,9.768216],[-83.536065,9.768492],[-83.536058,9.768542],[-83.536054,9.768588],[-83.536051,9.768633],[-83.536047,9.768678],[-83.536046,9.768702],[-83.536027,9.768744],[-83.536009,9.768785],[-83.535991,9.768826],[-83.535973,9.768868],[-83.535961,9.768895],[-83.535928,9.768926],[-83.535896,9.768958],[-83.535863,9.768989],[-83.535829,9.769022],[-83.535793,9.769049],[-83.535757,9.769077],[-83.535721,9.769105],[-83.535685,9.769132],[-83.53564,9.769166],[-83.535596,9.769175],[-83.535551,9.769184],[-83.535506,9.769193],[-83.535461,9.769201],[-83.53542,9.769209],[-83.535376,9.769199],[-83.535332,9.769188],[-83.535287,9.769177],[-83.535227,9.769163],[-83.534917,9.769073],[-83.534553,9.769081],[-83.534432,9.769111],[-83.534402,9.769134],[-83.53419,9.769388],[-83.534182,9.769395],[-83.534149,9.769425],[-83.534124,9.769448],[-83.534095,9.769483],[-83.534067,9.769518],[-83.534038,9.769553],[-83.534009,9.769588],[-83.53398,9.769623],[-83.533951,9.769658],[-83.533922,9.769693],[-83.533893,9.769728],[-83.533865,9.769763],[-83.533836,9.769798],[-83.533808,9.769831],[-83.533546,9.77015],[-83.533519,9.770183],[-83.53349,9.770218],[-83.533457,9.770257],[-83.533423,9.770287],[-83.533389,9.770317],[-83.533354,9.770347],[-83.53332,9.770377],[-83.533286,9.770407],[-83.533252,9.770437],[-83.533218,9.770467],[-83.533183,9.770497],[-83.533149,9.770527],[-83.533115,9.770556],[-83.533081,9.770586],[-83.533047,9.770616],[-83.533013,9.770646],[-83.532978,9.770676],[-83.532941,9.770708],[-83.532935,9.770718],[-83.532685,9.771113],[-83.53267,9.771142],[-83.53265,9.771182],[-83.532629,9.771223],[-83.532609,9.771263],[-83.532588,9.771304],[-83.532567,9.771344],[-83.532547,9.771384],[-83.532526,9.771425],[-83.532506,9.771465],[-83.532485,9.771505],[-83.532455,9.771564],[-83.532439,9.771606],[-83.532424,9.771649],[-83.532408,9.771691],[-83.532392,9.771733],[-83.532376,9.771776],[-83.53236,9.771818],[-83.532344,9.771861],[-83.532328,9.771903],[-83.532309,9.771956],[-83.532289,9.771997],[-83.53227,9.772037],[-83.53225,9.772078],[-83.532231,9.772119],[-83.532212,9.77216],[-83.532192,9.772201],[-83.532173,9.772242],[-83.532153,9.772283],[-83.532134,9.772324],[-83.532115,9.772365],[-83.532095,9.772406],[-83.532076,9.772446],[-83.532065,9.77249],[-83.532055,9.772534],[-83.532044,9.772578],[-83.532034,9.772622],[-83.532023,9.772666],[-83.532012,9.77271],[-83.532002,9.772754],[-83.531991,9.772798],[-83.531981,9.772842],[-83.531974,9.77287],[-83.531977,9.772915],[-83.531979,9.77296],[-83.531982,9.773006],[-83.531985,9.773051],[-83.531988,9.773096],[-83.531991,9.773141],[-83.531994,9.773186],[-83.531997,9.773231],[-83.532,9.773281],[-83.531983,9.773324],[-83.531967,9.773366],[-83.531951,9.773408],[-83.531934,9.77345],[-83.531918,9.773492],[-83.531902,9.773535],[-83.531885,9.773577],[-83.531869,9.773619],[-83.531853,9.773661],[-83.531836,9.773703],[-83.531825,9.773732],[-83.531807,9.773773],[-83.531804,9.77378],[-83.531789,9.773815],[-83.53177,9.773856],[-83.531752,9.773898],[-83.531734,9.773939],[-83.531711,9.773992],[-83.531683,9.774028],[-83.531655,9.774064],[-83.531628,9.7741],[-83.531601,9.774135],[-83.531564,9.774162],[-83.531528,9.774189],[-83.531502,9.774209],[-83.531457,9.774203],[-83.531411,9.774197],[-83.531388,9.774194],[-83.531352,9.774166],[-83.531316,9.774138],[-83.531285,9.774114],[-83.531262,9.774096],[-83.531234,9.774061],[-83.531205,9.774026],[-83.531176,9.773991],[-83.531148,9.773956],[-83.531132,9.773936],[-83.531095,9.77391],[-83.531058,9.773883],[-83.531021,9.773857],[-83.530989,9.773834],[-83.530944,9.773838],[-83.530885,9.773843],[-83.530847,9.773868],[-83.53081,9.773893],[-83.530756,9.773928],[-83.530723,9.77396],[-83.53069,9.773991],[-83.530658,9.774023],[-83.530619,9.77406],[-83.530581,9.774083],[-83.530542,9.774107],[-83.530497,9.774134],[-83.530479,9.774135],[-83.530451,9.774138],[-83.530406,9.774142],[-83.530361,9.774147],[-83.530315,9.774151],[-83.53027,9.774156],[-83.530242,9.774158],[-83.530196,9.774155],[-83.530151,9.774151],[-83.530106,9.774147],[-83.53006,9.774143],[-83.530015,9.77414],[-83.529969,9.774136],[-83.529924,9.774132],[-83.529879,9.774128],[-83.529833,9.774125],[-83.529795,9.774121],[-83.52975,9.774113],[-83.529705,9.774105],[-83.52966,9.774097],[-83.529615,9.774088],[-83.52957,9.77408],[-83.529526,9.774072],[-83.529481,9.774064],[-83.529436,9.774055],[-83.52939,9.774047],[-83.529345,9.774037],[-83.5293,9.774028],[-83.529256,9.774018],[-83.529211,9.774009],[-83.529167,9.774],[-83.529122,9.77399],[-83.529078,9.773981],[-83.529033,9.773971],[-83.529001,9.773965],[-83.528956,9.773971],[-83.528911,9.773978],[-83.5289,9.77398],[-83.528772,9.774012],[-83.528475,9.774093],[-83.528438,9.774109],[-83.528396,9.774128],[-83.528354,9.774146],[-83.528315,9.774164],[-83.528284,9.774197],[-83.528253,9.77423],[-83.528222,9.774264],[-83.528191,9.774297],[-83.52816,9.77433],[-83.528129,9.774363],[-83.528098,9.774396],[-83.528067,9.774429],[-83.528036,9.774462],[-83.528005,9.774496],[-83.527969,9.774534],[-83.527931,9.77456],[-83.527893,9.774585],[-83.527856,9.774611],[-83.527818,9.774636],[-83.527781,9.774662],[-83.527743,9.774687],[-83.527706,9.774713],[-83.527656,9.774747],[-83.52761,9.774742],[-83.527565,9.774737],[-83.52752,9.774731],[-83.527474,9.774726],[-83.527429,9.774721],[-83.527405,9.774718],[-83.527361,9.774711],[-83.527316,9.774703],[-83.527271,9.774696],[-83.527226,9.774688],[-83.527181,9.774681],[-83.527136,9.774674],[-83.527091,9.774681],[-83.527046,9.774687],[-83.527001,9.774694],[-83.526978,9.774698],[-83.526939,9.774722],[-83.526901,9.774746],[-83.526854,9.774775],[-83.526825,9.77481],[-83.526795,9.774844],[-83.526766,9.774879],[-83.526738,9.774911],[-83.526715,9.77495],[-83.526692,9.774989],[-83.526669,9.775028],[-83.526643,9.775072],[-83.526618,9.77511],[-83.526593,9.775148],[-83.526568,9.775185],[-83.526543,9.775223],[-83.526518,9.775261],[-83.526493,9.775299],[-83.526468,9.775337],[-83.526443,9.775374],[-83.526418,9.775412],[-83.526405,9.775432],[-83.526375,9.775466],[-83.526345,9.7755],[-83.526315,9.775535],[-83.526285,9.775569],[-83.526255,9.775603],[-83.526225,9.775637],[-83.5262,9.775666],[-83.526158,9.775683],[-83.526117,9.7757],[-83.526072,9.775696],[-83.526026,9.775692],[-83.525996,9.77569],[-83.525958,9.775664],[-83.525921,9.775638],[-83.525896,9.775621],[-83.525858,9.775596],[-83.525821,9.77557],[-83.525783,9.775545],[-83.525745,9.775519],[-83.525708,9.775494],[-83.52567,9.775469],[-83.525632,9.775443],[-83.525578,9.775406],[-83.525537,9.775386],[-83.525496,9.775367],[-83.525455,9.775347],[-83.525414,9.775327],[-83.525373,9.775307],[-83.525332,9.775287],[-83.525291,9.775268],[-83.52524,9.775243],[-83.525194,9.775242],[-83.525149,9.775241],[-83.525103,9.775239],[-83.525058,9.775238],[-83.525024,9.775237],[-83.525,9.775233],[-83.524979,9.775229],[-83.524935,9.77522],[-83.52489,9.775211],[-83.524845,9.775202],[-83.5248,9.775193],[-83.524757,9.775185],[-83.52472,9.775179],[-83.524677,9.775183],[-83.524631,9.775187],[-83.524586,9.775191],[-83.524541,9.775195],[-83.524501,9.775199],[-83.524456,9.775194],[-83.524411,9.775189],[-83.524366,9.775184],[-83.52432,9.775179],[-83.524286,9.775175],[-83.524248,9.775167],[-83.524211,9.775155],[-83.524174,9.775134],[-83.524136,9.775106],[-83.524103,9.775073],[-83.524073,9.77504],[-83.524046,9.775008],[-83.524022,9.774977],[-83.523996,9.774943],[-83.523968,9.774908],[-83.523935,9.774876],[-83.523896,9.77485],[-83.523854,9.774831],[-83.523813,9.774821],[-83.523773,9.774815],[-83.52373,9.774809],[-83.523683,9.774798],[-83.523636,9.774777],[-83.523593,9.774747],[-83.523556,9.774714],[-83.523525,9.774681],[-83.523497,9.77465],[-83.523473,9.77462],[-83.52345,9.774587],[-83.523426,9.774551],[-83.523404,9.774514],[-83.523384,9.774477],[-83.523369,9.774437],[-83.523355,9.774395],[-83.523342,9.774352],[-83.523329,9.774309],[-83.523315,9.774266],[-83.523312,9.774257],[-83.5233,9.77422],[-83.523283,9.774173],[-83.523278,9.774058],[-83.522962,9.774072],[-83.522763,9.774123],[-83.522568,9.774187],[-83.522421,9.774305],[-83.522328,9.774434],[-83.522189,9.774582],[-83.522057,9.774756],[-83.521904,9.774964],[-83.521861,9.775031],[-83.521601,9.775324],[-83.521465,9.775434],[-83.521311,9.775565],[-83.521103,9.775701],[-83.520893,9.775793],[-83.520719,9.775791],[-83.520634,9.775726],[-83.520555,9.775636],[-83.520456,9.775569],[-83.520305,9.775585],[-83.520133,9.775678],[-83.519956,9.77586],[-83.519783,9.776025],[-83.519781,9.776029],[-83.51964,9.776246],[-83.519467,9.776478],[-83.519322,9.776641],[-83.519154,9.776766],[-83.518991,9.776765],[-83.518961,9.776764],[-83.518838,9.776764],[-83.518639,9.776825],[-83.518601,9.776855],[-83.518424,9.776978],[-83.518279,9.777183],[-83.518208,9.777245],[-83.5181,9.777327],[-83.517989,9.777391],[-83.517281,9.777569],[-83.51724,9.777582],[-83.517238,9.777545],[-83.517234,9.777495],[-83.517233,9.777484],[-83.516853,9.777659],[-83.516775,9.777676],[-83.516413,9.777824],[-83.516045,9.777918],[-83.515787,9.778104],[-83.515642,9.778257],[-83.51551,9.77846],[-83.515498,9.778524],[-83.515469,9.778679],[-83.515516,9.778959],[-83.515529,9.779026],[-83.515553,9.779095],[-83.515577,9.779163],[-83.515592,9.779207],[-83.515608,9.779277],[-83.515624,9.779348],[-83.515639,9.779419],[-83.515647,9.779455],[-83.51566,9.779527],[-83.515674,9.779598],[-83.515681,9.779638],[-83.515681,9.77971],[-83.515681,9.779782],[-83.515681,9.779824],[-83.515659,9.779893],[-83.515638,9.779958],[-83.515606,9.780023],[-83.515574,9.780088],[-83.515563,9.78011],[-83.515526,9.780166],[-83.515315,9.780417],[-83.515071,9.780633],[-83.514815,9.780735],[-83.514504,9.780741],[-83.514428,9.780694],[-83.514351,9.780646],[-83.514289,9.7806],[-83.514216,9.780546],[-83.514143,9.780491],[-83.514097,9.78046],[-83.514021,9.780409],[-83.513962,9.78037],[-83.513886,9.780321],[-83.51381,9.780271],[-83.513732,9.780257],[-83.513642,9.780241],[-83.513582,9.780247],[-83.513492,9.780257],[-83.513401,9.780267],[-83.51335,9.780303],[-83.513275,9.780355],[-83.51322,9.780418],[-83.51316,9.780486],[-83.513127,9.780525],[-83.513069,9.780595],[-83.513011,9.780664],[-83.512993,9.780684],[-83.512929,9.780754],[-83.512867,9.780821],[-83.512765,9.780895],[-83.512676,9.78091],[-83.512587,9.780926],[-83.512503,9.780925],[-83.512412,9.780925],[-83.51232,9.780924],[-83.512212,9.780886],[-83.512199,9.780868],[-83.512141,9.78079],[-83.512099,9.780733],[-83.512087,9.780718],[-83.512,9.780624],[-83.511939,9.780557],[-83.511853,9.780486],[-83.511783,9.780428],[-83.511737,9.780401],[-83.511658,9.780356],[-83.511605,9.780349],[-83.511515,9.780337],[-83.511453,9.780369],[-83.511372,9.780412],[-83.511292,9.780454],[-83.511224,9.780537],[-83.511218,9.780544],[-83.511167,9.780607],[-83.511141,9.780673],[-83.51112,9.780727],[-83.511088,9.780811],[-83.511065,9.78087],[-83.511031,9.780954],[-83.510998,9.781038],[-83.510944,9.781138],[-83.5109,9.781217],[-83.510855,9.781276],[-83.5108,9.781348],[-83.510763,9.781386],[-83.510701,9.781452],[-83.510593,9.781478],[-83.510497,9.781455],[-83.510408,9.781433],[-83.510304,9.781381],[-83.510222,9.78134],[-83.510141,9.781299],[-83.510066,9.781239],[-83.509995,9.781183],[-83.509923,9.781126],[-83.509852,9.78107],[-83.509794,9.78103],[-83.509719,9.780979],[-83.509644,9.780928],[-83.509596,9.780896],[-83.50952,9.780846],[-83.509444,9.780796],[-83.509402,9.780774],[-83.509343,9.780744],[-83.509262,9.780702],[-83.509176,9.780673],[-83.50909,9.780644],[-83.509008,9.780674],[-83.508923,9.780705],[-83.50889,9.780752],[-83.508839,9.780827],[-83.508816,9.780889],[-83.508784,9.780974],[-83.508776,9.781108],[-83.508771,9.781199],[-83.508788,9.781321],[-83.5088,9.781411],[-83.5088,9.781522],[-83.5088,9.781613],[-83.508791,9.78166],[-83.508773,9.781749],[-83.508761,9.781814],[-83.508758,9.781831],[-83.508742,9.78192],[-83.508716,9.781998],[-83.508661,9.782059],[-83.508615,9.782086],[-83.508536,9.7821],[-83.508478,9.782073],[-83.508387,9.781987],[-83.508336,9.781942],[-83.508268,9.781883],[-83.508199,9.781822],[-83.508131,9.781762],[-83.50808,9.781719],[-83.508011,9.781661],[-83.507941,9.781602],[-83.507872,9.781543],[-83.507797,9.78153],[-83.507745,9.781526],[-83.507731,9.78152],[-83.507703,9.781493],[-83.507639,9.781383],[-83.507593,9.781304],[-83.507561,9.781204],[-83.507533,9.781118],[-83.507505,9.781032],[-83.507473,9.780936],[-83.507444,9.78085],[-83.507085,9.780582],[-83.507012,9.78057],[-83.506922,9.780555],[-83.506797,9.780584],[-83.506708,9.780604],[-83.506697,9.780608],[-83.506657,9.780621],[-83.506571,9.78065],[-83.506485,9.780679],[-83.506381,9.780717],[-83.506295,9.780748],[-83.506202,9.780779],[-83.506155,9.780794],[-83.506129,9.780803],[-83.506116,9.780807],[-83.506073,9.780867],[-83.50602,9.780941],[-83.505996,9.781066],[-83.506007,9.781156],[-83.506017,9.781246],[-83.506013,9.78135],[-83.50601,9.781441],[-83.506,9.781571],[-83.505995,9.781654],[-83.50596,9.781771],[-83.505871,9.781972],[-83.505811,9.78203],[-83.505741,9.782041],[-83.50572,9.782044],[-83.505458,9.782082],[-83.505429,9.782086],[-83.505339,9.782099],[-83.505242,9.782108],[-83.505151,9.782116],[-83.505061,9.782124],[-83.504939,9.782175],[-83.504855,9.78221],[-83.5048,9.782254],[-83.504728,9.78231],[-83.504657,9.782366],[-83.504593,9.782453],[-83.504539,9.782525],[-83.504485,9.782598],[-83.504456,9.782648],[-83.504411,9.782726],[-83.504359,9.782786],[-83.504333,9.782796],[-83.504243,9.782793],[-83.504198,9.782766],[-83.504119,9.782719],[-83.504041,9.782673],[-83.503963,9.782626],[-83.503903,9.782587],[-83.503827,9.782537],[-83.503751,9.782487],[-83.503676,9.782437],[-83.503582,9.782383],[-83.503504,9.782337],[-83.503425,9.782291],[-83.50334,9.782266],[-83.503253,9.78224],[-83.503165,9.782214],[-83.503092,9.782203],[-83.503003,9.782191],[-83.503002,9.782191],[-83.502911,9.782179],[-83.502829,9.78216],[-83.50274,9.782139],[-83.502651,9.782119],[-83.502579,9.782097],[-83.502492,9.782071],[-83.502405,9.782045],[-83.502331,9.782018],[-83.502245,9.781986],[-83.50216,9.781955],[-83.502106,9.781924],[-83.502027,9.781878],[-83.501949,9.781833],[-83.501883,9.781797],[-83.501803,9.781753],[-83.501673,9.781724],[-83.501584,9.781705],[-83.501533,9.781722],[-83.501447,9.781752],[-83.501361,9.781782],[-83.501306,9.781826],[-83.501234,9.781882],[-83.501163,9.781938],[-83.501123,9.782],[-83.501075,9.782077],[-83.501027,9.782154],[-83.501021,9.782167],[-83.500981,9.78227],[-83.500948,9.782354],[-83.500948,9.782447],[-83.500948,9.782537],[-83.500959,9.782611],[-83.500972,9.782701],[-83.500983,9.782812],[-83.500987,9.782851],[-83.500978,9.783017],[-83.500971,9.783073],[-83.50096,9.78313],[-83.500942,9.783219],[-83.500898,9.783271],[-83.500803,9.783328],[-83.500795,9.783333],[-83.500792,9.783335],[-83.500725,9.783375],[-83.50064,9.783446],[-83.50057,9.783505],[-83.500473,9.783568],[-83.500383,9.783656],[-83.500319,9.78372],[-83.500292,9.783768],[-83.500249,9.783848],[-83.500205,9.783927],[-83.500174,9.78405],[-83.500152,9.784138],[-83.500099,9.784257],[-83.500062,9.784339],[-83.500024,9.784409],[-83.500015,9.784425],[-83.5,9.784452],[-83.49998,9.784488],[-83.499907,9.784576],[-83.49986,9.784594],[-83.499775,9.784627],[-83.499726,9.784629],[-83.499635,9.784632],[-83.499544,9.784619],[-83.499453,9.784607],[-83.499363,9.784595],[-83.499272,9.784582],[-83.499182,9.784569],[-83.499091,9.784556],[-83.49903,9.784545],[-83.49894,9.784529],[-83.498883,9.784505],[-83.498799,9.78447],[-83.498715,9.7844],[-83.498646,9.784342],[-83.498587,9.784283],[-83.498523,9.784218],[-83.498458,9.784168],[-83.498386,9.784113],[-83.498313,9.784057],[-83.498257,9.784004],[-83.498192,9.783941],[-83.498126,9.783878],[-83.498099,9.783836],[-83.49805,9.78376],[-83.498001,9.783684],[-83.497976,9.783622],[-83.497963,9.783592],[-83.497942,9.783538],[-83.497908,9.783455],[-83.497895,9.783395],[-83.497882,9.783333],[-83.497876,9.783307],[-83.497857,9.783218],[-83.497843,9.78316],[-83.497821,9.783073],[-83.497802,9.782977],[-83.497763,9.782911],[-83.497718,9.78283],[-83.497657,9.78277],[-83.497582,9.782712],[-83.497493,9.782671],[-83.497398,9.782651],[-83.497305,9.782666],[-83.497223,9.782707],[-83.497159,9.782766],[-83.497105,9.782838],[-83.497069,9.782935],[-83.497058,9.78305],[-83.497049,9.783133],[-83.497026,9.783183],[-83.497011,9.783196],[-83.496973,9.783232],[-83.496904,9.78329],[-83.49686,9.783324],[-83.496805,9.783329],[-83.496755,9.783333],[-83.496714,9.783337],[-83.496624,9.783345],[-83.496533,9.783353],[-83.496515,9.783354],[-83.496448,9.783357],[-83.496357,9.78336],[-83.4962,9.783352],[-83.496109,9.783347],[-83.495972,9.783386],[-83.495885,9.78341],[-83.495797,9.783435],[-83.49574,9.783465],[-83.49566,9.783508],[-83.49558,9.78355],[-83.495499,9.783593],[-83.495419,9.783636],[-83.495339,9.783678],[-83.495245,9.783727],[-83.495192,9.783755],[-83.495164,9.783769],[-83.495083,9.783811],[-83.49497,9.783824],[-83.49488,9.783834],[-83.494763,9.783831],[-83.49471,9.783799],[-83.494661,9.783687],[-83.494658,9.78368],[-83.494623,9.783589],[-83.494591,9.783504],[-83.494497,9.78345],[-83.494418,9.783404],[-83.494347,9.783366],[-83.494286,9.783333],[-83.494267,9.783323],[-83.494168,9.783248],[-83.494096,9.783193],[-83.494007,9.78311],[-83.493941,9.783048],[-83.493827,9.782999],[-83.493743,9.782964],[-83.493677,9.782942],[-83.49359,9.782914],[-83.493504,9.782885],[-83.493458,9.782865],[-83.493375,9.782828],[-83.493369,9.782825],[-83.493292,9.782791],[-83.493188,9.78273],[-83.49311,9.782683],[-83.493054,9.782647],[-83.492982,9.782602],[-83.492963,9.782581],[-83.492933,9.782547],[-83.492904,9.782512],[-83.492896,9.78249],[-83.492888,9.782468],[-83.492873,9.782425],[-83.492862,9.782398],[-83.492843,9.782357],[-83.492825,9.782315],[-83.492775,9.782279],[-83.492738,9.782253],[-83.492701,9.782227],[-83.492646,9.782228],[-83.4926,9.782228],[-83.492554,9.782229],[-83.492509,9.78223],[-83.492486,9.782238],[-83.492443,9.782254],[-83.4924,9.782269],[-83.492378,9.782279],[-83.492336,9.782296],[-83.492294,9.782314],[-83.492252,9.782332],[-83.492228,9.782342],[-83.492186,9.782361],[-83.492171,9.782368],[-83.492118,9.782368],[-83.491978,9.782357],[-83.49198,9.782369],[-83.491721,9.782212],[-83.491664,9.782205],[-83.491618,9.782199],[-83.491573,9.782194],[-83.491526,9.782217],[-83.491485,9.782237],[-83.491444,9.782256],[-83.491404,9.782276],[-83.491387,9.782296],[-83.491386,9.782297],[-83.491358,9.782331],[-83.491329,9.782366],[-83.490928,9.782034],[-83.490893,9.782005],[-83.490883,9.781996],[-83.490858,9.781976],[-83.490823,9.781947],[-83.490788,9.781918],[-83.490753,9.781889],[-83.490716,9.781851],[-83.490684,9.781818],[-83.490652,9.781786],[-83.49062,9.781754],[-83.490572,9.781715],[-83.490536,9.781687],[-83.4905,9.781659],[-83.490464,9.781631],[-83.490428,9.781603],[-83.490397,9.781557],[-83.490372,9.78152],[-83.490346,9.781483],[-83.490321,9.781445],[-83.490295,9.781408],[-83.49027,9.78137],[-83.490232,9.781326],[-83.490202,9.781291],[-83.490173,9.781257],[-83.490143,9.781222],[-83.489871,9.780877],[-83.489031,9.779991],[-83.486332,9.778503],[-83.485915,9.777293],[-83.485546,9.77656],[-83.485058,9.775905],[-83.485017,9.775886],[-83.484976,9.775866],[-83.484927,9.775844],[-83.484887,9.775823],[-83.484829,9.775794],[-83.484794,9.775765],[-83.48476,9.775735],[-83.484717,9.775699],[-83.484687,9.775665],[-83.484657,9.775631],[-83.484629,9.7756],[-83.484599,9.775565],[-83.48457,9.775531],[-83.484539,9.775493],[-83.484516,9.775454],[-83.484494,9.775415],[-83.48447,9.775373],[-83.484448,9.775334],[-83.484426,9.775294],[-83.484407,9.775261],[-83.484383,9.775223],[-83.48435,9.775172],[-83.484316,9.775141],[-83.484283,9.77511],[-83.484248,9.775079],[-83.484205,9.775066],[-83.484161,9.775053],[-83.484101,9.775035],[-83.484056,9.775028],[-83.484011,9.77502],[-83.483984,9.775016],[-83.483942,9.774998],[-83.4839,9.77498],[-83.483858,9.774963],[-83.483808,9.774942],[-83.483769,9.774918],[-83.48373,9.774894],[-83.483695,9.774873],[-83.483654,9.774854],[-83.483609,9.774833],[-83.483566,9.774816],[-83.483524,9.7748],[-83.483466,9.774778],[-83.483423,9.774763],[-83.48338,9.774747],[-83.483328,9.774728],[-83.483283,9.774723],[-83.48326,9.77472],[-83.483215,9.774715],[-83.483169,9.77471],[-83.483124,9.774706],[-83.483099,9.774703],[-83.483055,9.774696],[-83.483009,9.774689],[-83.482964,9.774681],[-83.482907,9.774672],[-83.482863,9.77466],[-83.482827,9.774649],[-83.482785,9.774633],[-83.482751,9.774619],[-83.482689,9.774594],[-83.482647,9.774576],[-83.482605,9.774558],[-83.482563,9.77454],[-83.482522,9.774521],[-83.48248,9.774504],[-83.482438,9.774485],[-83.482396,9.774467],[-83.482354,9.774449],[-83.482313,9.774431],[-83.482271,9.774413],[-83.482229,9.774395],[-83.482203,9.774384],[-83.482161,9.774366],[-83.482119,9.774348],[-83.482059,9.774323],[-83.482021,9.774298],[-83.481983,9.774273],[-83.481946,9.774248],[-83.481908,9.774223],[-83.481887,9.774209],[-83.48185,9.774183],[-83.481812,9.774158],[-83.481768,9.774127],[-83.481731,9.774101],[-83.481694,9.774074],[-83.481657,9.774048],[-83.481618,9.774025],[-83.481579,9.774002],[-83.481539,9.773979],[-83.4815,9.773956],[-83.481461,9.773933],[-83.481422,9.77391],[-83.481379,9.773885],[-83.481334,9.773878],[-83.481289,9.77387],[-83.481239,9.773861],[-83.481193,9.773862],[-83.481148,9.773863],[-83.481102,9.773864],[-83.481076,9.773865],[-83.48103,9.773866],[-83.480985,9.773866],[-83.480939,9.773867],[-83.480879,9.773868],[-83.480833,9.773863],[-83.480788,9.773858],[-83.480743,9.773852],[-83.480678,9.773844],[-83.480633,9.773841],[-83.480587,9.773837],[-83.480542,9.773833],[-83.480497,9.77383],[-83.480436,9.773825],[-83.480395,9.773845],[-83.480354,9.773865],[-83.480313,9.773885],[-83.480268,9.773907],[-83.480228,9.773929],[-83.480188,9.773951],[-83.480148,9.773972],[-83.480108,9.773994],[-83.480079,9.77401],[-83.480038,9.77403],[-83.479997,9.774049],[-83.479956,9.774069],[-83.479916,9.774089],[-83.479872,9.7741],[-83.479828,9.774112],[-83.479784,9.774124],[-83.479739,9.774135],[-83.479689,9.774149],[-83.479643,9.774149],[-83.479598,9.77415],[-83.479552,9.774151],[-83.479507,9.774151],[-83.479452,9.774152],[-83.479407,9.774141],[-83.479363,9.77413],[-83.479319,9.77412],[-83.479256,9.774104],[-83.479214,9.774087],[-83.479172,9.77407],[-83.47913,9.774053],[-83.479087,9.774036],[-83.479045,9.774019],[-83.479019,9.774008],[-83.478975,9.773994],[-83.478932,9.77398],[-83.478889,9.773966],[-83.478845,9.773952],[-83.478817,9.773943],[-83.478772,9.773935],[-83.478727,9.773927],[-83.478683,9.773918],[-83.478638,9.77391],[-83.47858,9.7739],[-83.478534,9.773899],[-83.478489,9.773898],[-83.478443,9.773898],[-83.478398,9.773897],[-83.478359,9.77392],[-83.47832,9.773943],[-83.47828,9.773966],[-83.478241,9.773989],[-83.478217,9.774003],[-83.478182,9.774032],[-83.478147,9.774061],[-83.478112,9.77409],[-83.478077,9.774119],[-83.478042,9.774148],[-83.478008,9.774178],[-83.477972,9.774207],[-83.477968,9.772868],[-83.477959,9.772824],[-83.47795,9.77278],[-83.477934,9.772718],[-83.477923,9.772674],[-83.477912,9.77263],[-83.477901,9.772586],[-83.47789,9.772542],[-83.477882,9.772517],[-83.477868,9.772474],[-83.477855,9.772431],[-83.477841,9.772388],[-83.477828,9.772345],[-83.477814,9.772301],[-83.4778,9.772258],[-83.47777,9.772201],[-83.477749,9.77216],[-83.477728,9.77212],[-83.477707,9.77208],[-83.477686,9.77204],[-83.477645,9.771996],[-83.476151,9.771143],[-83.476123,9.771143],[-83.476077,9.771143],[-83.476032,9.771144],[-83.475986,9.771144],[-83.47596,9.771146],[-83.475915,9.771149],[-83.475869,9.771153],[-83.475824,9.771157],[-83.475785,9.771146],[-83.475741,9.771134],[-83.475697,9.771121],[-83.475653,9.771109],[-83.47561,9.771097],[-83.475566,9.771085],[-83.475522,9.771073],[-83.475478,9.771061],[-83.475426,9.771044],[-83.475382,9.77103],[-83.475339,9.771016],[-83.475295,9.771003],[-83.475239,9.770976],[-83.474519,9.770366],[-83.474514,9.770324],[-83.474509,9.770279],[-83.474507,9.770245],[-83.474504,9.7702],[-83.474502,9.770155],[-83.474503,9.770092],[-83.474504,9.770047],[-83.47451,9.77001],[-83.474517,9.769965],[-83.474524,9.76992],[-83.474529,9.769867],[-83.474533,9.769822],[-83.474538,9.769777],[-83.474543,9.769722],[-83.474548,9.769677],[-83.474559,9.769641],[-83.474572,9.769598],[-83.474586,9.769555],[-83.4746,9.769521],[-83.474617,9.769479],[-83.474623,9.769465],[-83.475,9.768644],[-83.475005,9.768636],[-83.475027,9.768595],[-83.475049,9.768556],[-83.475071,9.768516],[-83.475093,9.768476],[-83.475123,9.768424],[-83.475146,9.768385],[-83.475165,9.768353],[-83.475188,9.768314],[-83.475212,9.768275],[-83.475224,9.768255],[-83.475248,9.768216],[-83.475271,9.768185],[-83.475297,9.768148],[-83.475323,9.768111],[-83.475349,9.768074],[-83.475388,9.768019],[-83.475415,9.767983],[-83.475439,9.767949],[-83.475465,9.767912],[-83.475491,9.767875],[-83.475517,9.767838],[-83.475532,9.767818],[-83.475558,9.767781],[-83.475584,9.767744],[-83.47561,9.767707],[-83.475628,9.767678],[-83.475651,9.767639],[-83.475675,9.7676],[-83.475698,9.767561],[-83.475724,9.767513],[-83.475746,9.767473],[-83.475767,9.767434],[-83.475789,9.767394],[-83.475809,9.767357],[-83.47583,9.767318],[-83.475852,9.767278],[-83.475872,9.767234],[-83.475891,9.767193],[-83.475909,9.767152],[-83.475928,9.76711],[-83.475946,9.767069],[-83.475969,9.767022],[-83.475989,9.766982],[-83.476009,9.766941],[-83.476028,9.7669],[-83.476043,9.766864],[-83.47606,9.766822],[-83.476077,9.76678],[-83.476095,9.766738],[-83.476124,9.766677],[-83.47613,9.766667],[-83.476144,9.766636],[-83.476164,9.766596],[-83.476184,9.766555],[-83.476208,9.7665],[-83.476225,9.766458],[-83.476243,9.766416],[-83.476256,9.766381],[-83.476272,9.766339],[-83.476289,9.766297],[-83.476301,9.766265],[-83.476317,9.766223],[-83.476333,9.766181],[-83.476342,9.766155],[-83.476356,9.766112],[-83.476371,9.766069],[-83.476385,9.766026],[-83.476395,9.765996],[-83.47641,9.765953],[-83.476424,9.76591],[-83.476454,9.765851],[-83.476474,9.765811],[-83.476506,9.765765],[-83.476532,9.765728],[-83.476562,9.765685],[-83.476588,9.765648],[-83.476607,9.765624],[-83.476634,9.765588],[-83.476662,9.765552],[-83.476679,9.765525],[-83.476704,9.765486],[-83.476728,9.765448],[-83.476755,9.765399],[-83.476776,9.765359],[-83.476798,9.765319],[-83.476826,9.765267],[-83.476848,9.765227],[-83.476869,9.765187],[-83.476897,9.765133],[-83.476918,9.765093],[-83.476939,9.765053],[-83.476967,9.765009],[-83.47699,9.76497],[-83.477014,9.764931],[-83.477035,9.764897],[-83.477058,9.764858],[-83.477083,9.764821],[-83.477109,9.764784],[-83.477135,9.764745],[-83.477157,9.764732],[-83.477196,9.764709],[-83.477242,9.764683],[-83.477282,9.76466],[-83.477319,9.764645],[-83.477362,9.764628],[-83.47741,9.764609],[-83.477453,9.764593],[-83.477502,9.764574],[-83.477545,9.764558],[-83.477605,9.764533],[-83.477649,9.764534],[-83.477688,9.764535],[-83.477719,9.764538],[-83.477744,9.764531],[-83.477803,9.764513],[-83.477849,9.764498],[-83.477893,9.764484],[-83.477926,9.764474],[-83.477969,9.76446],[-83.478012,9.764446],[-83.478042,9.764431],[-83.478078,9.764412],[-83.477846,9.763969],[-83.477622,9.763612],[-83.47754,9.763481],[-83.477499,9.76349],[-83.477454,9.763499],[-83.477409,9.763509],[-83.477386,9.763516],[-83.477369,9.763455],[-83.477357,9.763411],[-83.477346,9.763367],[-83.477329,9.763303],[-83.47732,9.763275],[-83.477306,9.763232],[-83.477301,9.76321],[-83.47729,9.763166],[-83.47728,9.763122],[-83.477273,9.763091],[-83.477264,9.763047],[-83.477254,9.763003],[-83.477254,9.762972],[-83.477254,9.762939],[-83.477254,9.762927],[-83.477254,9.762882],[-83.477259,9.762858],[-83.47727,9.762814],[-83.47728,9.76277],[-83.47729,9.762726],[-83.477294,9.762665],[-83.477297,9.76262],[-83.4773,9.762575],[-83.477303,9.76253],[-83.477306,9.762485],[-83.477318,9.762435],[-83.477329,9.762391],[-83.477339,9.762347],[-83.47735,9.762303],[-83.477353,9.762252],[-83.477356,9.762207],[-83.477359,9.762161],[-83.477359,9.762135],[-83.47736,9.76209],[-83.477361,9.762045],[-83.477361,9.762022],[-83.477359,9.761977],[-83.477358,9.761932],[-83.477357,9.761886],[-83.477333,9.761838],[-83.477314,9.761797],[-83.477294,9.761756],[-83.47728,9.761716],[-83.477266,9.761673],[-83.477251,9.76163],[-83.477237,9.761587],[-83.477228,9.761565],[-83.477213,9.761523],[-83.477197,9.76148],[-83.477191,9.761466],[-83.477199,9.761415],[-83.477126,9.761071],[-83.477125,9.761061],[-83.477122,9.761024],[-83.477119,9.760979],[-83.477116,9.760934],[-83.477105,9.76091],[-83.477087,9.760868],[-83.477069,9.760827],[-83.477033,9.760791],[-83.477001,9.760758],[-83.476979,9.760745],[-83.476947,9.760726],[-83.47694,9.760721],[-83.476901,9.760698],[-83.476857,9.760674],[-83.476817,9.760652],[-83.476777,9.760631],[-83.47673,9.760599],[-83.476693,9.760573],[-83.476655,9.760547],[-83.476621,9.760524],[-83.476584,9.760498],[-83.476547,9.760472],[-83.476517,9.760449],[-83.47648,9.760422],[-83.476444,9.760395],[-83.476407,9.760368],[-83.476381,9.760343],[-83.476348,9.760313],[-83.476314,9.760282],[-83.476279,9.760253],[-83.476244,9.760224],[-83.476227,9.760199],[-83.476202,9.760161],[-83.476192,9.760128],[-83.476178,9.760085],[-83.476149,9.760041],[-83.476125,9.760002],[-83.476095,9.759967],[-83.476065,9.759933],[-83.476035,9.759899],[-83.475994,9.75986],[-83.475961,9.759828],[-83.475928,9.759797],[-83.475887,9.759758],[-83.475854,9.759726],[-83.475821,9.759695],[-83.47579,9.759672],[-83.475754,9.759644],[-83.47573,9.759627],[-83.475693,9.7596],[-83.475656,9.759574],[-83.475636,9.759561],[-83.475597,9.759537],[-83.475558,9.759513],[-83.475526,9.759503],[-83.475483,9.759489],[-83.47544,9.759475],[-83.47539,9.759453],[-83.475348,9.759434],[-83.475294,9.759412],[-83.475252,9.759394],[-83.47521,9.759376],[-83.475184,9.75936],[-83.475146,9.759335],[-83.475108,9.75931],[-83.47508,9.759291],[-83.475042,9.759266],[-83.475019,9.759248],[-83.475,9.759232],[-83.474984,9.75922],[-83.474948,9.759191],[-83.474912,9.75916],[-83.474878,9.75913],[-83.474863,9.759108],[-83.474837,9.759071],[-83.474811,9.759034],[-83.474793,9.759012],[-83.474764,9.758976],[-83.474736,9.758941],[-83.474714,9.758906],[-83.47469,9.758868],[-83.474666,9.758829],[-83.474641,9.758791],[-83.474608,9.75875],[-83.474579,9.758714],[-83.47454,9.758664],[-83.474512,9.758628],[-83.474493,9.758596],[-83.47447,9.758557],[-83.474427,9.758506],[-83.474398,9.758471],[-83.474357,9.758422],[-83.474328,9.758387],[-83.474289,9.758352],[-83.474255,9.758322],[-83.474238,9.758304],[-83.474206,9.758272],[-83.474174,9.75824],[-83.474125,9.758206],[-83.474088,9.75818],[-83.474043,9.758142],[-83.474008,9.758113],[-83.473965,9.758074],[-83.473931,9.758044],[-83.473913,9.758028],[-83.473879,9.757998],[-83.473845,9.757968],[-83.473811,9.757938],[-83.473771,9.757907],[-83.473735,9.757879],[-83.4737,9.757851],[-83.47366,9.75782],[-83.473628,9.757807],[-83.473586,9.75779],[-83.473544,9.757772],[-83.473514,9.757763],[-83.47347,9.757749],[-83.473427,9.757735],[-83.473371,9.757698],[-83.473333,9.757673],[-83.47331,9.757653],[-83.473275,9.757624],[-83.473238,9.75757],[-83.473229,9.757509],[-83.473222,9.757464],[-83.473235,9.757421],[-83.473248,9.757377],[-83.473241,9.757348],[-83.47323,9.757303],[-83.47322,9.757259],[-83.473204,9.757234],[-83.47318,9.757195],[-83.47316,9.757169],[-83.473133,9.757132],[-83.473079,9.757092],[-83.473043,9.757065],[-83.473007,9.757037],[-83.472964,9.757007],[-83.472927,9.75698],[-83.47289,9.756954],[-83.472853,9.756927],[-83.472799,9.756894],[-83.47276,9.756871],[-83.472722,9.756847],[-83.472683,9.756823],[-83.472649,9.7568],[-83.472611,9.756774],[-83.472574,9.756748],[-83.472532,9.756731],[-83.47249,9.756713],[-83.472448,9.756695],[-83.472394,9.756659],[-83.472356,9.756633],[-83.472104,9.756458],[-83.471817,9.756271],[-83.471792,9.756255],[-83.471753,9.756232],[-83.471731,9.756216],[-83.471693,9.756191],[-83.471655,9.756165],[-83.471618,9.75614],[-83.471594,9.756123],[-83.471557,9.756096],[-83.471525,9.756075],[-83.471488,9.756049],[-83.471442,9.756019],[-83.471422,9.756005],[-83.471384,9.755979],[-83.471359,9.755964],[-83.471319,9.755941],[-83.471274,9.755914],[-83.47123,9.755897],[-83.471188,9.75588],[-83.471145,9.755863],[-83.471115,9.75586],[-83.47107,9.755855],[-83.471024,9.755851],[-83.470975,9.755833],[-83.470932,9.755818],[-83.470911,9.755808],[-83.470869,9.75579],[-83.470828,9.755771],[-83.470786,9.755752],[-83.470743,9.755728],[-83.470715,9.75571],[-83.470678,9.755684],[-83.470651,9.755661],[-83.470617,9.755631],[-83.470592,9.755611],[-83.470556,9.755583],[-83.47052,9.755555],[-83.470486,9.75553],[-83.470449,9.755503],[-83.470412,9.755476],[-83.470366,9.755445],[-83.470329,9.75542],[-83.470291,9.755394],[-83.470257,9.755375],[-83.470218,9.755352],[-83.470168,9.755318],[-83.470129,9.755294],[-83.470107,9.755266],[-83.470078,9.755231],[-83.470058,9.755171],[-83.470043,9.755128],[-83.47004,9.75509],[-83.470036,9.755045],[-83.470048,9.755018],[-83.470066,9.754977],[-83.470061,9.754938],[-83.470056,9.754893],[-83.47005,9.754849],[-83.470043,9.75482],[-83.470033,9.754776],[-83.470022,9.754732],[-83.469998,9.754695],[-83.469973,9.754658],[-83.469948,9.75462],[-83.469913,9.754581],[-83.469882,9.754548],[-83.469851,9.754515],[-83.469826,9.754489],[-83.469795,9.754456],[-83.469764,9.754423],[-83.469719,9.754385],[-83.469685,9.754355],[-83.469651,9.754325],[-83.469617,9.754302],[-83.46958,9.754276],[-83.469542,9.75425],[-83.469481,9.754221],[-83.46944,9.754201],[-83.469396,9.7542],[-83.469351,9.754199],[-83.469305,9.754199],[-83.469245,9.754186],[-83.4692,9.754177],[-83.469163,9.754154],[-83.469124,9.754131],[-83.469101,9.754114],[-83.469065,9.754087],[-83.46902,9.754039],[-83.468989,9.754006],[-83.468958,9.753973],[-83.468926,9.75394],[-83.468893,9.75389],[-83.468868,9.753852],[-83.468842,9.753814],[-83.468829,9.753789],[-83.468807,9.753749],[-83.468785,9.75371],[-83.468755,9.753672],[-83.468726,9.753637],[-83.468697,9.753602],[-83.468673,9.753571],[-83.468646,9.753534],[-83.468619,9.753498],[-83.468599,9.75347],[-83.468572,9.753433],[-83.468545,9.753397],[-83.468535,9.753375],[-83.468515,9.753335],[-83.468495,9.753294],[-83.468474,9.753244],[-83.468457,9.753202],[-83.468412,9.753151],[-83.468393,9.753129],[-83.468301,9.753071],[-83.467907,9.752772],[-83.467821,9.752683],[-83.467798,9.752669],[-83.46776,9.752644],[-83.467722,9.75262],[-83.467684,9.752595],[-83.467645,9.752571],[-83.467608,9.752549],[-83.467569,9.752526],[-83.467529,9.752503],[-83.46749,9.75248],[-83.467454,9.752438],[-83.467425,9.752404],[-83.4674,9.752376],[-83.46737,9.752343],[-83.467339,9.752309],[-83.467326,9.75229],[-83.467301,9.752252],[-83.467276,9.752215],[-83.467251,9.752177],[-83.467243,9.752147],[-83.467231,9.752104],[-83.46722,9.75206],[-83.467208,9.752016],[-83.467181,9.751967],[-83.467159,9.751927],[-83.467148,9.751901],[-83.467131,9.75186],[-83.467113,9.751818],[-83.467092,9.751784],[-83.467068,9.751745],[-83.467043,9.751707],[-83.467019,9.751669],[-83.467002,9.751642],[-83.466978,9.751604],[-83.466954,9.751566],[-83.466929,9.751527],[-83.466917,9.751499],[-83.4669,9.751457],[-83.466882,9.751415],[-83.466864,9.751373],[-83.46684,9.75133],[-83.466818,9.75129],[-83.466795,9.751251],[-83.466773,9.751211],[-83.466736,9.751155],[-83.466711,9.751117],[-83.466687,9.75108],[-83.466662,9.751042],[-83.466642,9.751017],[-83.466613,9.750982],[-83.466584,9.750947],[-83.466556,9.750912],[-83.46654,9.750878],[-83.46652,9.750837],[-83.466501,9.750796],[-83.466483,9.750774],[-83.466455,9.750738],[-83.466427,9.750702],[-83.466399,9.750667],[-83.46636,9.750639],[-83.466324,9.750612],[-83.466272,9.750574],[-83.466236,9.750547],[-83.466206,9.750528],[-83.466168,9.750504],[-83.466129,9.75048],[-83.466108,9.750465],[-83.466071,9.750439],[-83.466034,9.750413],[-83.465997,9.750387],[-83.465965,9.750366],[-83.465928,9.750341],[-83.465898,9.750325],[-83.465858,9.750304],[-83.465818,9.750283],[-83.465769,9.75025],[-83.465731,9.750225],[-83.465693,9.750199],[-83.465669,9.750183],[-83.465632,9.750158],[-83.465594,9.750132],[-83.465557,9.750107],[-83.465511,9.75008],[-83.465472,9.750056],[-83.465432,9.750033],[-83.465393,9.75001],[-83.465378,9.75],[-83.46534,9.749975],[-83.465302,9.74995],[-83.465255,9.749918],[-83.465217,9.749892],[-83.465168,9.749855],[-83.465132,9.749827],[-83.465098,9.74979],[-83.465067,9.749756],[-83.465036,9.749723],[-83.465003,9.749693],[-83.464969,9.749663],[-83.464935,9.749632],[-83.464903,9.749603],[-83.46487,9.749572],[-83.464836,9.749542],[-83.464782,9.74949],[-83.464755,9.749464],[-83.46473,9.749439],[-83.464678,9.749389],[-83.464625,9.749339],[-83.4646,9.74931],[-83.464551,9.749256],[-83.464503,9.749202],[-83.464454,9.749149],[-83.464405,9.749095],[-83.464333,9.749028],[-83.46428,9.748979],[-83.46424,9.748942],[-83.464226,9.748929],[-83.464173,9.74888],[-83.464103,9.748812],[-83.464051,9.748761],[-83.463999,9.748711],[-83.463943,9.748656],[-83.4639,9.748614],[-83.463891,9.748605],[-83.463839,9.748554],[-83.463804,9.74852],[-83.463753,9.748468],[-83.463702,9.748416],[-83.46369,9.748398],[-83.463669,9.748366],[-83.46363,9.748305],[-83.462826,9.747609],[-83.462819,9.747604],[-83.46276,9.747561],[-83.462701,9.747519],[-83.462642,9.747476],[-83.462581,9.747439],[-83.46254,9.747415],[-83.462519,9.747402],[-83.462456,9.747364],[-83.462394,9.747326],[-83.462303,9.747273],[-83.462258,9.747247],[-83.46224,9.747237],[-83.462177,9.7472],[-83.462114,9.747164],[-83.462034,9.747111],[-83.461982,9.747076],[-83.461974,9.747071],[-83.461947,9.747053],[-83.461913,9.74703],[-83.461853,9.74699],[-83.461771,9.74693],[-83.461713,9.746887],[-83.461684,9.746865],[-83.461654,9.746844],[-83.461585,9.74679],[-83.461558,9.746769],[-83.461528,9.746745],[-83.461471,9.7467],[-83.461823,9.746045],[-83.462111,9.746129],[-83.462497,9.746147],[-83.462982,9.746029],[-83.463256,9.745699],[-83.463409,9.745308],[-83.463743,9.745009],[-83.463957,9.744742],[-83.464581,9.744293],[-83.465368,9.743673],[-83.465841,9.74327],[-83.46627,9.742914],[-83.466744,9.7425],[-83.467171,9.742109],[-83.467622,9.741546],[-83.467819,9.741109],[-83.467923,9.740672],[-83.46812,9.739971],[-83.468189,9.739522],[-83.468351,9.73905],[-83.468513,9.73874],[-83.468687,9.738315],[-83.468907,9.737889],[-83.468895,9.737141],[-83.468792,9.736693],[-83.468699,9.736141],[-83.468688,9.735497],[-83.468735,9.735151],[-83.468739,9.73499],[-83.468729,9.734535],[-83.468311,9.733842],[-83.468261,9.733748],[-83.468215,9.733184],[-83.468227,9.732678],[-83.468192,9.732172],[-83.468112,9.731597],[-83.46795,9.731045],[-83.467788,9.730539],[-83.467511,9.729756],[-83.46735,9.729089],[-83.467211,9.728548],[-83.467119,9.72787],[-83.467003,9.72741],[-83.466865,9.726857],[-83.466784,9.726363],[-83.466738,9.725845],[-83.466773,9.725385],[-83.466947,9.724672],[-83.467259,9.724132],[-83.467652,9.723695],[-83.467964,9.723223],[-83.468288,9.722717],[-83.468751,9.721947],[-83.469052,9.72143],[-83.469225,9.721142],[-83.469676,9.720337],[-83.46984,9.720006],[-83.470083,9.719628],[-83.470272,9.719039],[-83.470416,9.718497],[-83.470555,9.717922],[-83.470636,9.717359],[-83.47066,9.716876],[-83.470579,9.716439],[-83.470463,9.716059],[-83.470267,9.715645],[-83.470002,9.715231],[-83.469851,9.714874],[-83.469574,9.714494],[-83.469297,9.714092],[-83.46917,9.713562],[-83.469135,9.712964],[-83.469089,9.712608],[-83.469066,9.711998],[-83.468974,9.711434],[-83.468847,9.710974],[-83.468737,9.710739],[-83.468622,9.710281],[-83.468535,9.709812],[-83.468489,9.709042],[-83.468524,9.70842],[-83.468502,9.707926],[-83.468247,9.70742],[-83.467878,9.707028],[-83.467531,9.706764],[-83.46715,9.706464],[-83.466826,9.706154],[-83.466561,9.705751],[-83.46641,9.705348],[-83.466401,9.705304],[-83.466269,9.704571],[-83.465918,9.704197],[-83.465648,9.704037],[-83.46537,9.704025],[-83.465058,9.704059],[-83.464993,9.704075],[-83.464723,9.70414],[-83.464053,9.704128],[-83.463336,9.704139],[-83.463082,9.704058],[-83.462458,9.703874],[-83.461845,9.70369],[-83.461452,9.70354],[-83.461013,9.703378],[-83.460516,9.703217],[-83.459534,9.702998],[-83.458447,9.702836],[-83.457777,9.702744],[-83.457003,9.702744],[-83.456413,9.702697],[-83.45617,9.702755],[-83.456008,9.702778],[-83.4558,9.702789],[-83.455685,9.702789],[-83.455246,9.702754],[-83.454587,9.702627],[-83.45394,9.702558],[-83.453616,9.702546],[-83.452968,9.7025],[-83.452437,9.702546],[-83.452183,9.70266],[-83.451766,9.702902],[-83.451535,9.70304],[-83.451119,9.70335],[-83.450345,9.703729],[-83.449871,9.703832],[-83.449281,9.703843],[-83.448726,9.703797],[-83.448345,9.703797],[-83.448067,9.703751],[-83.447698,9.70367],[-83.446969,9.703508],[-83.446634,9.703451],[-83.446021,9.703324],[-83.445733,9.703243],[-83.444959,9.703013],[-83.444531,9.702863],[-83.444334,9.702771],[-83.444057,9.702575],[-83.443953,9.702471],[-83.443838,9.702207],[-83.443618,9.701931],[-83.443364,9.701493],[-83.443098,9.701079],[-83.442948,9.70086],[-83.442787,9.700561],[-83.442775,9.700423],[-83.442186,9.699146],[-83.442106,9.698928],[-83.442025,9.698548],[-83.441921,9.698214],[-83.441817,9.697996],[-83.441632,9.697754],[-83.441413,9.697685],[-83.441158,9.697696],[-83.440892,9.697777],[-83.440245,9.697972],[-83.440099,9.697972],[-83.439748,9.697971],[-83.43947,9.697902],[-83.439077,9.697798],[-83.438511,9.697614],[-83.438257,9.697476],[-83.437922,9.697211],[-83.43761,9.697015],[-83.437298,9.696808],[-83.437021,9.696497],[-83.436732,9.696302],[-83.436661,9.696241],[-83.436478,9.696083],[-83.436224,9.695761],[-83.435981,9.695462],[-83.435854,9.69533],[-83.435715,9.695185],[-83.435426,9.694967],[-83.435265,9.694737],[-83.434999,9.694403],[-83.434549,9.694035],[-83.433971,9.69377],[-83.433474,9.693493],[-83.433335,9.693413],[-83.433046,9.693297],[-83.432861,9.693251],[-83.432491,9.693171],[-83.431971,9.693101],[-83.43159,9.693101],[-83.430642,9.693008],[-83.429972,9.692916],[-83.429313,9.692869],[-83.428851,9.692823],[-83.428354,9.692731],[-83.428249,9.692723],[-83.428072,9.692154],[-83.428082,9.69092],[-83.428076,9.690834],[-83.428071,9.690768],[-83.428068,9.690723],[-83.428064,9.690678],[-83.428061,9.690632],[-83.428058,9.690587],[-83.428054,9.690542],[-83.428051,9.690497],[-83.428048,9.690452],[-83.428044,9.690407],[-83.428041,9.690362],[-83.428038,9.690317],[-83.428034,9.690272],[-83.428031,9.690227],[-83.428027,9.690182],[-83.428024,9.69012],[-83.428022,9.690075],[-83.42802,9.69003],[-83.428018,9.689984],[-83.428016,9.689939],[-83.428013,9.689894],[-83.428011,9.689849],[-83.428009,9.689794],[-83.428006,9.689749],[-83.428004,9.689704],[-83.428002,9.689659],[-83.428,9.689614],[-83.427999,9.68959],[-83.427997,9.689545],[-83.427994,9.6895],[-83.427993,9.689473],[-83.428066,9.689222],[-83.428078,9.688774],[-83.42802,9.688314],[-83.427824,9.687796],[-83.427661,9.687466],[-83.427651,9.687117],[-83.427712,9.686619],[-83.427667,9.686264],[-83.427675,9.686226],[-83.42768,9.686192],[-83.427686,9.686147],[-83.427692,9.686102],[-83.427697,9.686065],[-83.427703,9.68602],[-83.427709,9.685976],[-83.427715,9.685949],[-83.427724,9.685905],[-83.427734,9.685861],[-83.427739,9.685819],[-83.427745,9.685774],[-83.427751,9.685729],[-83.427756,9.685684],[-83.427766,9.685619],[-83.427772,9.685574],[-83.427778,9.685529],[-83.427785,9.685485],[-83.427791,9.68544],[-83.427797,9.685395],[-83.427804,9.68535],[-83.427809,9.685324],[-83.427817,9.685279],[-83.427825,9.685235],[-83.427833,9.68519],[-83.427841,9.685146],[-83.427849,9.685102],[-83.427857,9.685057],[-83.427866,9.685013],[-83.427874,9.684968],[-83.42788,9.684939],[-83.427889,9.684895],[-83.427899,9.684851],[-83.427909,9.684807],[-83.427918,9.684763],[-83.427928,9.684718],[-83.427935,9.684675],[-83.427943,9.68463],[-83.42795,9.684586],[-83.427958,9.684541],[-83.427966,9.684497],[-83.427966,9.68447],[-83.427967,9.684424],[-83.427967,9.684379],[-83.427968,9.684334],[-83.427968,9.684289],[-83.427969,9.684244],[-83.42797,9.684198],[-83.427967,9.684173],[-83.427966,9.684157],[-83.427966,9.684157],[-83.427963,9.684128],[-83.427959,9.684083],[-83.427955,9.684038],[-83.427951,9.683993],[-83.427947,9.683948],[-83.427943,9.683903],[-83.427937,9.683851],[-83.427933,9.683806],[-83.427928,9.683761],[-83.427926,9.683747],[-83.427923,9.683716],[-83.427916,9.68365],[-83.427911,9.683605],[-83.427906,9.68356],[-83.427901,9.6835],[-83.427897,9.683455],[-83.427893,9.68341],[-83.427889,9.683367],[-83.427886,9.683333],[-83.427885,9.683322],[-83.427881,9.683277],[-83.427865,9.683218],[-83.427854,9.683174],[-83.427842,9.68313],[-83.427831,9.683072],[-83.427823,9.683028],[-83.427814,9.682983],[-83.427805,9.682939],[-83.427794,9.682885],[-83.427786,9.682841],[-83.427777,9.682796],[-83.427779,9.682741],[-83.427781,9.682696],[-83.427783,9.68265],[-83.427789,9.682597],[-83.427794,9.682552],[-83.427799,9.682507],[-83.427804,9.682462],[-83.427809,9.682431],[-83.427817,9.682387],[-83.427826,9.682342],[-83.427834,9.682298],[-83.427842,9.682254],[-83.42785,9.682209],[-83.427859,9.682164],[-83.427867,9.68212],[-83.427875,9.682075],[-83.427883,9.682031],[-83.427891,9.681986],[-83.4279,9.681942],[-83.427908,9.681897],[-83.427916,9.681853],[-83.427924,9.681808],[-83.427932,9.681764],[-83.427941,9.681719],[-83.427946,9.681681],[-83.427953,9.681637],[-83.42796,9.681592],[-83.42797,9.681539],[-83.427979,9.681495],[-83.427989,9.681457],[-83.428002,9.681414],[-83.428015,9.68137],[-83.42803,9.681335],[-83.428047,9.681293],[-83.428065,9.681252],[-83.42809,9.681192],[-83.428107,9.681151],[-83.428125,9.681109],[-83.428139,9.681084],[-83.428162,9.681045],[-83.428185,9.681006],[-83.428186,9.681004],[-83.428161,9.68084],[-83.428278,9.680823],[-83.428563,9.680279],[-83.428583,9.680238],[-83.428603,9.680197],[-83.428622,9.680157],[-83.428642,9.680116],[-83.428656,9.680084],[-83.428674,9.680043],[-83.428692,9.680001],[-83.42871,9.67996],[-83.428728,9.679918],[-83.428746,9.679877],[-83.428771,9.679821],[-83.428789,9.67978],[-83.428807,9.679738],[-83.428825,9.679697],[-83.428843,9.679655],[-83.428861,9.679614],[-83.428886,9.67956],[-83.428904,9.679518],[-83.428923,9.679477],[-83.428959,9.679422],[-83.428984,9.679384],[-83.429018,9.679333],[-83.429043,9.679296],[-83.429075,9.679253],[-83.429101,9.679216],[-83.429125,9.67919],[-83.429155,9.679156],[-83.429183,9.679126],[-83.429214,9.679093],[-83.429248,9.679055],[-83.429278,9.679021],[-83.429301,9.678969],[-83.429319,9.678927],[-83.429331,9.678862],[-83.429339,9.678818],[-83.429344,9.678767],[-83.429349,9.678722],[-83.429354,9.678678],[-83.429358,9.678635],[-83.429363,9.67859],[-83.429368,9.678545],[-83.429373,9.6785],[-83.429378,9.678452],[-83.429383,9.678407],[-83.429388,9.678362],[-83.429392,9.678317],[-83.429408,9.678254],[-83.429419,9.67821],[-83.42943,9.678166],[-83.429441,9.678123],[-83.429456,9.678063],[-83.429467,9.678019],[-83.429478,9.677976],[-83.429489,9.677932],[-83.4295,9.677888],[-83.429511,9.677844],[-83.429516,9.677822],[-83.429525,9.677777],[-83.429535,9.677733],[-83.429544,9.677689],[-83.429553,9.677645],[-83.429563,9.677605],[-83.429574,9.677561],[-83.429584,9.677517],[-83.429601,9.677463],[-83.429615,9.67742],[-83.429629,9.677377],[-83.429641,9.67734],[-83.429654,9.677297],[-83.429668,9.677254],[-83.429682,9.677211],[-83.429692,9.677179],[-83.429706,9.677136],[-83.429721,9.677093],[-83.429735,9.67705],[-83.429747,9.677023],[-83.429765,9.676981],[-83.429783,9.67694],[-83.429799,9.676913],[-83.429819,9.676878],[-83.429822,9.676874],[-83.429858,9.676832],[-83.429895,9.676789],[-83.429907,9.676766],[-83.429928,9.676726],[-83.42994,9.676704],[-83.429961,9.676664],[-83.430005,9.676628],[-83.430032,9.676617],[-83.430074,9.6766],[-83.430121,9.676594],[-83.430166,9.676589],[-83.430201,9.676584],[-83.430228,9.676581],[-83.430274,9.676576],[-83.430311,9.676573],[-83.430356,9.676569],[-83.430402,9.676565],[-83.430447,9.676558],[-83.430492,9.676552],[-83.430537,9.676545],[-83.430577,9.676539],[-83.430622,9.676532],[-83.430667,9.676525],[-83.430705,9.676513],[-83.430749,9.676499],[-83.430792,9.676486],[-83.430836,9.676465],[-83.430877,9.676445],[-83.430918,9.676425],[-83.43095,9.676404],[-83.430987,9.676378],[-83.431025,9.676352],[-83.431074,9.676318],[-83.431112,9.676292],[-83.431146,9.67626],[-83.431179,9.67623],[-83.431205,9.676199],[-83.431234,9.676164],[-83.431266,9.676127],[-83.431295,9.676092],[-83.431313,9.67607],[-83.431341,9.676035],[-83.43137,9.676],[-83.431409,9.675947],[-83.431437,9.675911],[-83.431464,9.675875],[-83.431479,9.675853],[-83.431506,9.675817],[-83.431533,9.67578],[-83.431559,9.675743],[-83.431597,9.675688],[-83.431623,9.675651],[-83.431649,9.675613],[-83.431665,9.675591],[-83.431691,9.675554],[-83.431717,9.675517],[-83.431744,9.67548],[-83.431767,9.675442],[-83.43179,9.675403],[-83.431814,9.675364],[-83.431837,9.675326],[-83.431866,9.675278],[-83.43189,9.675239],[-83.431913,9.6752],[-83.431936,9.675161],[-83.43196,9.675123],[-83.431975,9.675098],[-83.431998,9.675061],[-83.432061,9.674986],[-83.43213,9.674843],[-83.432152,9.674808],[-83.432176,9.674769],[-83.432199,9.67473],[-83.432223,9.674692],[-83.432253,9.674645],[-83.432277,9.674606],[-83.43231,9.674553],[-83.432338,9.674525],[-83.432389,9.674508],[-83.432443,9.67449],[-83.432472,9.674474],[-83.432511,9.674453],[-83.432563,9.674413],[-83.432585,9.674402],[-83.432626,9.674381],[-83.432646,9.674369],[-83.432685,9.674345],[-83.43272,9.674327],[-83.43276,9.674306],[-83.432792,9.67428],[-83.432827,9.674251],[-83.432862,9.674222],[-83.432897,9.674193],[-83.432947,9.674151],[-83.432981,9.674121],[-83.433015,9.674093],[-83.433049,9.674063],[-83.433084,9.674034],[-83.433116,9.674008],[-83.433151,9.673979],[-83.433187,9.673951],[-83.433214,9.673934],[-83.433253,9.673911],[-83.433292,9.673888],[-83.433317,9.673873],[-83.433356,9.67385],[-83.433395,9.673827],[-83.433426,9.673809],[-83.433466,9.673787],[-83.433506,9.673765],[-83.433557,9.673743],[-83.433598,9.673724],[-83.43364,9.673706],[-83.433689,9.673685],[-83.433731,9.673666],[-83.433772,9.673648],[-83.433824,9.673615],[-83.433862,9.673591],[-83.433901,9.673566],[-83.433924,9.673544],[-83.433957,9.673512],[-83.43399,9.673481],[-83.434023,9.67345],[-83.434049,9.673418],[-83.434078,9.673383],[-83.434107,9.673348],[-83.434121,9.673329],[-83.434147,9.673292],[-83.434173,9.673255],[-83.434192,9.673228],[-83.434219,9.673191],[-83.434245,9.673154],[-83.434272,9.673114],[-83.434297,9.673077],[-83.434322,9.673039],[-83.434394,9.672902],[-83.434572,9.672596],[-83.434595,9.672557],[-83.434626,9.672499],[-83.434647,9.672459],[-83.434669,9.672419],[-83.434694,9.672373],[-83.434715,9.672333],[-83.434737,9.672293],[-83.434759,9.672252],[-83.43478,9.672212],[-83.434802,9.672172],[-83.434824,9.67213],[-83.434846,9.67209],[-83.434867,9.67205],[-83.434876,9.672021],[-83.434889,9.671978],[-83.434902,9.671934],[-83.434918,9.671883],[-83.434932,9.67184],[-83.434941,9.67181],[-83.434955,9.671767],[-83.434971,9.671746],[-83.434998,9.67171],[-83.435017,9.671687],[-83.435044,9.671651],[-83.43507,9.671618],[-83.435098,9.671583],[-83.43512,9.671555],[-83.435148,9.671519],[-83.435171,9.6715],[-83.435206,9.67147],[-83.435228,9.671454],[-83.435265,9.671428],[-83.435297,9.671384],[-83.435324,9.671348],[-83.435356,9.671289],[-83.435377,9.671249],[-83.435409,9.67119],[-83.435431,9.67115],[-83.435462,9.671104],[-83.43547,9.671092],[-83.435488,9.671067],[-83.435504,9.671045],[-83.435532,9.671009],[-83.43556,9.670973],[-83.435583,9.670925],[-83.435604,9.670885],[-83.435624,9.670844],[-83.435643,9.670794],[-83.435659,9.670752],[-83.435675,9.67071],[-83.435683,9.670681],[-83.435696,9.670637],[-83.435709,9.670594],[-83.435728,9.670532],[-83.435741,9.670489],[-83.435758,9.670433],[-83.435771,9.670389],[-83.435777,9.670367],[-83.43579,9.670324],[-83.435802,9.67028],[-83.435804,9.670255],[-83.435807,9.67021],[-83.435811,9.670164],[-83.435815,9.670104],[-83.435818,9.670059],[-83.435825,9.670001],[-83.435818,9.669966],[-83.435809,9.669922],[-83.4358,9.669878],[-83.435828,9.669466],[-83.435846,9.669432],[-83.435873,9.669396],[-83.4359,9.66936],[-83.435927,9.669323],[-83.435955,9.669287],[-83.435982,9.669251],[-83.436009,9.669214],[-83.436036,9.669178],[-83.436055,9.669135],[-83.436074,9.669094],[-83.436093,9.669052],[-83.436111,9.669011],[-83.43613,9.66897],[-83.436152,9.668945],[-83.436182,9.668911],[-83.436212,9.668877],[-83.436242,9.668843],[-83.43627,9.668839],[-83.436316,9.668834],[-83.436361,9.668829],[-83.436406,9.668824],[-83.436452,9.668811],[-83.436496,9.668798],[-83.436539,9.668785],[-83.436583,9.668772],[-83.436639,9.668746],[-83.43668,9.668726],[-83.436721,9.668707],[-83.436763,9.668688],[-83.436804,9.668669],[-83.436841,9.668646],[-83.436879,9.668623],[-83.436918,9.668599],[-83.436957,9.668575],[-83.436996,9.668552],[-83.437035,9.668528],[-83.437075,9.668507],[-83.437115,9.668486],[-83.437156,9.668465],[-83.437196,9.668445],[-83.437237,9.668424],[-83.437277,9.668403],[-83.437317,9.668382],[-83.437348,9.668374],[-83.437392,9.668362],[-83.437436,9.66835],[-83.43748,9.668338],[-83.437524,9.668326],[-83.437582,9.668314],[-83.437627,9.668305],[-83.437653,9.6683],[-83.437671,9.668296],[-83.437835,9.668214],[-83.437999,9.668094],[-83.438034,9.668065],[-83.438069,9.668036],[-83.438103,9.668007],[-83.438145,9.667977],[-83.438182,9.667951],[-83.438219,9.667925],[-83.438256,9.667898],[-83.438292,9.667872],[-83.438329,9.667845],[-83.438358,9.667835],[-83.438401,9.66782],[-83.438444,9.667805],[-83.438487,9.66779],[-83.43853,9.667774],[-83.438573,9.667759],[-83.438632,9.667735],[-83.438674,9.667717],[-83.438716,9.6677],[-83.438759,9.667683],[-83.438801,9.667665],[-83.438843,9.667648],[-83.438885,9.66763],[-83.438927,9.667613],[-83.438969,9.667595],[-83.439031,9.66757],[-83.439073,9.667553],[-83.439116,9.667536],[-83.439158,9.667519],[-83.4392,9.667502],[-83.439242,9.667485],[-83.439284,9.667462],[-83.439324,9.667441],[-83.439365,9.667419],[-83.439405,9.667398],[-83.439445,9.667376],[-83.439485,9.667355],[-83.439525,9.667333],[-83.439565,9.667312],[-83.439605,9.66729],[-83.439658,9.667258],[-83.439697,9.667235],[-83.439736,9.667211],[-83.439775,9.667188],[-83.4398,9.667171],[-83.439838,9.667146],[-83.439876,9.667121],[-83.439915,9.667097],[-83.439933,9.667071],[-83.439959,9.667034],[-83.439986,9.666998],[-83.440012,9.666961],[-83.440036,9.666909],[-83.440054,9.666868],[-83.440087,9.666848],[-83.440126,9.666824],[-83.440165,9.666801],[-83.440204,9.666778],[-83.440243,9.666754],[-83.440292,9.666724],[-83.440331,9.6667],[-83.44037,9.666677],[-83.440386,9.666667],[-83.440409,9.666653],[-83.440448,9.666629],[-83.440473,9.666603],[-83.440504,9.66657],[-83.440536,9.666538],[-83.440549,9.666515],[-83.440572,9.666476],[-83.440595,9.666437],[-83.440619,9.666398],[-83.440643,9.66635],[-83.440663,9.666309],[-83.440683,9.666269],[-83.440703,9.666228],[-83.440723,9.666188],[-83.44075,9.666141],[-83.440772,9.666102],[-83.440794,9.666062],[-83.440817,9.666023],[-83.440839,9.665984],[-83.440861,9.665944],[-83.440881,9.665913],[-83.440905,9.665875],[-83.440929,9.665837],[-83.440953,9.665799],[-83.440978,9.66576],[-83.441002,9.665722],[-83.441016,9.665692],[-83.441036,9.665651],[-83.441055,9.66561],[-83.441075,9.665569],[-83.441094,9.665528],[-83.441113,9.665487],[-83.44113,9.66544],[-83.441144,9.665397],[-83.441159,9.665354],[-83.441174,9.665312],[-83.441189,9.665269],[-83.441221,9.665232],[-83.441251,9.665198],[-83.441282,9.665164],[-83.441312,9.66513],[-83.441342,9.665096],[-83.441372,9.665062],[-83.441402,9.665027],[-83.441432,9.664993],[-83.441462,9.664958],[-83.441491,9.664924],[-83.441522,9.664896],[-83.441555,9.664866],[-83.441589,9.664835],[-83.441623,9.664805],[-83.441656,9.664774],[-83.441683,9.664732],[-83.441707,9.664694],[-83.441732,9.664656],[-83.44176,9.664602],[-83.441781,9.664562],[-83.441803,9.664522],[-83.441824,9.664482],[-83.44183,9.664443],[-83.441837,9.664398],[-83.441844,9.664354],[-83.441851,9.664309],[-83.441856,9.664278],[-83.441863,9.664233],[-83.441869,9.664188],[-83.441876,9.664144],[-83.44187,9.664107],[-83.441862,9.664063],[-83.441854,9.664018],[-83.441846,9.663974],[-83.441838,9.663929],[-83.441829,9.663885],[-83.441818,9.663833],[-83.441809,9.663789],[-83.441799,9.663745],[-83.44179,9.663701],[-83.441781,9.663656],[-83.441767,9.663591],[-83.441758,9.663546],[-83.441749,9.663502],[-83.441664,9.663143],[-83.441641,9.663007],[-83.441633,9.662963],[-83.441625,9.662918],[-83.441634,9.662855],[-83.44164,9.66281],[-83.441647,9.662765],[-83.441631,9.662718],[-83.441617,9.662675],[-83.441603,9.662632],[-83.441589,9.662589],[-83.441591,9.662563],[-83.441594,9.662518],[-83.441597,9.662473],[-83.4416,9.662427],[-83.441613,9.662393],[-83.441629,9.66235],[-83.441645,9.662308],[-83.44166,9.662266],[-83.441676,9.662223],[-83.441674,9.662171],[-83.441673,9.662126],[-83.441671,9.662081],[-83.44167,9.662036],[-83.441668,9.66199],[-83.441673,9.661956],[-83.441679,9.661911],[-83.441685,9.661867],[-83.441689,9.661811],[-83.441693,9.661766],[-83.441696,9.661721],[-83.441696,9.661687],[-83.441697,9.661642],[-83.441698,9.661596],[-83.441733,9.661573],[-83.441771,9.661548],[-83.441809,9.661523],[-83.441847,9.661498],[-83.441884,9.661473],[-83.441931,9.661432],[-83.441965,9.661401],[-83.441999,9.661371],[-83.442024,9.66134],[-83.442053,9.661305],[-83.442082,9.66127],[-83.44211,9.661235],[-83.442139,9.6612],[-83.442158,9.661179],[-83.442189,9.661146],[-83.44222,9.661113],[-83.442221,9.661112],[-83.442251,9.661079],[-83.442275,9.661043],[-83.442299,9.661005],[-83.442324,9.660967],[-83.442348,9.660929],[-83.442354,9.660903],[-83.442363,9.660859],[-83.442373,9.660815],[-83.442382,9.66077],[-83.442383,9.660729],[-83.442383,9.660684],[-83.442383,9.660678],[-83.442384,9.660638],[-83.442384,9.660593],[-83.44239,9.660527],[-83.442395,9.660482],[-83.442399,9.660446],[-83.442405,9.660401],[-83.442416,9.66037],[-83.442431,9.660327],[-83.442446,9.660285],[-83.442485,9.660232],[-83.442512,9.660196],[-83.442539,9.660159],[-83.442566,9.660123],[-83.442592,9.660105],[-83.44263,9.66008],[-83.442667,9.660054],[-83.442705,9.660028],[-83.442742,9.660003],[-83.44278,9.659977],[-83.442817,9.659951],[-83.442855,9.659926],[-83.442877,9.659916],[-83.442919,9.659898],[-83.442961,9.65988],[-83.443003,9.659862],[-83.443045,9.659844],[-83.443066,9.659835],[-83.443087,9.659826],[-83.443124,9.659825],[-83.443169,9.659823],[-83.443215,9.659821],[-83.44326,9.659819],[-83.443306,9.659817],[-83.443351,9.659815],[-83.443397,9.659813],[-83.443442,9.659811],[-83.443501,9.659802],[-83.443546,9.659795],[-83.443591,9.659787],[-83.443636,9.65978],[-83.443681,9.659773],[-83.443719,9.659753],[-83.443759,9.659731],[-83.443799,9.659709],[-83.443839,9.659687],[-83.443879,9.659666],[-83.443919,9.659644],[-83.443959,9.659622],[-83.443993,9.659591],[-83.444026,9.659561],[-83.44406,9.65953],[-83.444093,9.659499],[-83.444117,9.65946],[-83.444141,9.659421],[-83.444164,9.659382],[-83.444188,9.659343],[-83.444211,9.659305],[-83.444235,9.659266],[-83.444252,9.659229],[-83.444272,9.659188],[-83.444291,9.659147],[-83.44431,9.659106],[-83.44433,9.659065],[-83.444349,9.659024],[-83.444368,9.658983],[-83.444383,9.658927],[-83.444395,9.658884],[-83.444407,9.65884],[-83.444419,9.658796],[-83.44443,9.658753],[-83.444444,9.658706],[-83.444456,9.658662],[-83.444469,9.658619],[-83.444481,9.658575],[-83.444494,9.658532],[-83.444506,9.658488],[-83.444519,9.658445],[-83.444531,9.658401],[-83.444548,9.658377],[-83.444573,9.658339],[-83.444598,9.658302],[-83.444623,9.658264],[-83.444648,9.658226],[-83.444674,9.658189],[-83.444692,9.658171],[-83.444726,9.65814],[-83.444759,9.658109],[-83.444792,9.658078],[-83.444825,9.658047],[-83.444858,9.658016],[-83.444887,9.657986],[-83.444918,9.657953],[-83.444949,9.65792],[-83.44498,9.657887],[-83.445011,9.657854],[-83.445034,9.657825],[-83.445061,9.657789],[-83.445089,9.657754],[-83.445117,9.657718],[-83.445145,9.657682],[-83.445188,9.657637],[-83.445219,9.657605],[-83.445251,9.657572],[-83.445282,9.657539],[-83.445313,9.657506],[-83.445329,9.657463],[-83.445345,9.657421],[-83.445361,9.657378],[-83.445377,9.657336],[-83.445373,9.657285],[-83.44537,9.65724],[-83.445366,9.657195],[-83.445363,9.65715],[-83.445359,9.657104],[-83.445356,9.657059],[-83.445353,9.657014],[-83.445387,9.656981],[-83.445419,9.65695],[-83.445452,9.656918],[-83.445485,9.656887],[-83.445517,9.656855],[-83.445558,9.656823],[-83.445593,9.656795],[-83.445629,9.656767],[-83.445684,9.656728],[-83.445721,9.656703],[-83.445759,9.656677],[-83.44579,9.656653],[-83.445826,9.656625],[-83.445862,9.656598],[-83.44591,9.65656],[-83.445946,9.656532],[-83.445982,9.656504],[-83.445988,9.656476],[-83.445999,9.656432],[-83.446009,9.656387],[-83.446019,9.656343],[-83.446023,9.656317],[-83.446029,9.656273],[-83.446036,9.656228],[-83.446043,9.656183],[-83.44605,9.656139],[-83.446062,9.656099],[-83.446075,9.656056],[-83.446088,9.656013],[-83.446101,9.655969],[-83.44612,9.65594],[-83.446143,9.655901],[-83.446167,9.655862],[-83.44619,9.655824],[-83.446206,9.655797],[-83.446214,9.655785],[-83.446255,9.655734],[-83.446283,9.655699],[-83.446311,9.655663],[-83.44634,9.655628],[-83.446368,9.655592],[-83.446419,9.655548],[-83.446453,9.655518],[-83.446487,9.655488],[-83.446502,9.655474],[-83.446676,9.655313],[-83.446857,9.655043],[-83.446954,9.654803],[-83.447005,9.654488],[-83.446955,9.654079],[-83.446995,9.653696],[-83.447136,9.653322],[-83.447308,9.653092],[-83.447435,9.652979],[-83.447869,9.652795],[-83.448129,9.652752],[-83.44846,9.652857],[-83.44884,9.652891],[-83.449114,9.652839],[-83.44954,9.652519],[-83.45,9.652173],[-83.450253,9.652013],[-83.450455,9.651927],[-83.45056,9.651692],[-83.450443,9.651297],[-83.450305,9.650909],[-83.450204,9.650543],[-83.450282,9.650275],[-83.450362,9.65],[-83.450576,9.649615],[-83.45077,9.649446],[-83.450921,9.649217],[-83.451026,9.648861],[-83.451118,9.648716],[-83.451268,9.648586],[-83.45148,9.64859],[-83.451842,9.648727],[-83.452084,9.648792],[-83.452252,9.648827],[-83.452533,9.648986],[-83.452696,9.64907],[-83.45302,9.649118],[-83.453276,9.649045],[-83.453675,9.648816],[-83.454152,9.648375],[-83.45457,9.648185],[-83.454994,9.64806],[-83.455356,9.647996],[-83.45597,9.647969],[-83.456544,9.647966],[-83.457325,9.647949],[-83.457811,9.647882],[-83.457988,9.647762],[-83.458086,9.647641],[-83.458487,9.647132],[-83.458881,9.646554],[-83.459267,9.645892],[-83.459506,9.645348],[-83.459656,9.645049],[-83.459824,9.644856],[-83.460031,9.644777],[-83.460712,9.644754],[-83.46095,9.64471],[-83.461163,9.6446],[-83.461392,9.644588],[-83.461679,9.644497],[-83.462172,9.644111],[-83.4625,9.643983],[-83.463075,9.643681],[-83.463396,9.643411],[-83.4635,9.643301],[-83.463714,9.642961],[-83.463787,9.642693],[-83.463746,9.642364],[-83.463824,9.641971],[-83.463777,9.641717],[-83.463574,9.641491],[-83.463422,9.641323],[-83.46339,9.641162],[-83.463763,9.640665],[-83.463921,9.640375],[-83.464034,9.640237],[-83.464299,9.640064],[-83.464505,9.639864],[-83.464647,9.639571],[-83.464638,9.639035],[-83.464632,9.638622],[-83.464609,9.638187],[-83.464723,9.638033],[-83.464909,9.637844],[-83.46504,9.63769],[-83.46519,9.637587],[-83.465386,9.637409],[-83.46558,9.637177],[-83.465874,9.636852],[-83.466078,9.636596],[-83.466477,9.636239],[-83.466645,9.635993],[-83.466773,9.635578],[-83.466855,9.635164],[-83.466738,9.634906],[-83.466578,9.634658],[-83.466554,9.634541],[-83.466612,9.634479],[-83.466791,9.634366],[-83.46709,9.634276],[-83.467457,9.634393],[-83.46771,9.634345],[-83.467849,9.634225],[-83.467971,9.633911],[-83.467835,9.633333],[-83.467902,9.63306],[-83.468033,9.632739],[-83.468217,9.63254],[-83.468454,9.632561],[-83.468715,9.632583],[-83.469016,9.63277],[-83.469475,9.632884],[-83.469929,9.632931],[-83.470279,9.632904],[-83.470699,9.632925],[-83.471118,9.633023],[-83.471478,9.633011],[-83.471618,9.632812],[-83.471773,9.632553],[-83.471967,9.632369],[-83.471999,9.632385],[-83.472447,9.63225],[-83.473089,9.632187],[-83.473772,9.632236],[-83.474148,9.632202],[-83.474414,9.631947],[-83.474632,9.631649],[-83.474694,9.631474],[-83.474768,9.631139],[-83.475,9.630828],[-83.475418,9.630724],[-83.475505,9.630605],[-83.475661,9.630443],[-83.475875,9.630393],[-83.476072,9.630269],[-83.476315,9.630177],[-83.476896,9.630016],[-83.477191,9.629881],[-83.477893,9.629347],[-83.478257,9.629163],[-83.478538,9.629079],[-83.478883,9.629024],[-83.479108,9.629152],[-83.479475,9.629267],[-83.479972,9.629373],[-83.480491,9.629435],[-83.480846,9.629454],[-83.481407,9.629308],[-83.481968,9.628962],[-83.482285,9.628557],[-83.482473,9.628417],[-83.482723,9.628415],[-83.482882,9.628288],[-83.483145,9.628162],[-83.483478,9.627737],[-83.48366,9.627454],[-83.483783,9.627097],[-83.483919,9.62691],[-83.484361,9.626783],[-83.484375,9.626566],[-83.484366,9.626231],[-83.484437,9.625731],[-83.484377,9.62541],[-83.484462,9.625233],[-83.484725,9.625038],[-83.48494,9.624687],[-83.485249,9.624324],[-83.485517,9.624035],[-83.485661,9.623802],[-83.485924,9.623345],[-83.486178,9.622807],[-83.486296,9.622604],[-83.486573,9.622386],[-83.486818,9.62216],[-83.487117,9.621864],[-83.487546,9.621681],[-83.487797,9.621566],[-83.488098,9.621291],[-83.488263,9.62099],[-83.48832,9.620626],[-83.488289,9.620077],[-83.488249,9.619621],[-83.488279,9.61941],[-83.488442,9.619117],[-83.488724,9.618848],[-83.489371,9.618508],[-83.489692,9.618307],[-83.489991,9.618032],[-83.490246,9.617683],[-83.49036,9.617439],[-83.490435,9.617164],[-83.490437,9.616667],[-83.490497,9.616188],[-83.490564,9.615917],[-83.490614,9.615284],[-83.490727,9.615069],[-83.490673,9.614996],[-83.491324,9.613934],[-83.491324,9.613934],[-83.500805,9.613887]]]]}},{"type":"Feature","properties":{"codigo":"Z10","nombre_asp":"Rio Navarro-Rio Sombrero","cat_manejo":"Zona Protectora","estatus":"Estatal","siglas_cat":"ZP","nombre_ac":"Area de Conservacion Central","siglas_ac":"ACC","descripcio":"Area terrestre protegida","a_creacion":"1984","n_creacion":"DE_ 15436_MAG","version":"2019-11-19-001","area_hecta":6453.315260755879,"area_km2":64.53315260755878},"geometry":{"type":"MultiPolygon","coordinates":[[[[-83.881959,9.754046],[-83.882277,9.753792],[-83.882448,9.75361],[-83.882656,9.753429],[-83.882877,9.753102],[-83.883379,9.752556],[-83.883849,9.752018],[-83.884206,9.751603],[-83.884574,9.7512],[-83.884931,9.750911],[-83.885358,9.750599],[-83.885796,9.75023],[-83.88629,9.749551],[-83.886644,9.748746],[-83.886689,9.748321],[-83.886851,9.74805],[-83.887158,9.747785],[-83.887522,9.747557],[-83.887962,9.747387],[-83.888326,9.747198],[-83.888786,9.746989],[-83.889035,9.746534],[-83.888979,9.746002],[-83.888826,9.745641],[-83.888654,9.745318],[-83.888578,9.744767],[-83.888704,9.744193],[-83.888991,9.743733],[-83.889579,9.743248],[-83.889912,9.742764],[-83.889902,9.742434],[-83.889731,9.741997],[-83.889463,9.74175],[-83.888966,9.74154],[-83.888449,9.741406],[-83.887971,9.741159],[-83.887818,9.740779],[-83.887977,9.740607],[-83.888317,9.740191],[-83.888739,9.73985],[-83.888967,9.7395],[-83.889278,9.739304],[-83.88975,9.738739],[-83.889967,9.738268],[-83.890093,9.737866],[-83.890187,9.737421],[-83.889965,9.736673],[-83.88999,9.736236],[-83.890125,9.735956],[-83.890431,9.735908],[-83.890652,9.735921],[-83.891117,9.735994],[-83.89157,9.736019],[-83.892281,9.735935],[-83.892955,9.73579],[-83.893277,9.735795],[-83.89342,9.735791],[-83.894069,9.735877],[-83.894425,9.735744],[-83.894863,9.735569],[-83.895111,9.735552],[-83.895383,9.735532],[-83.895835,9.735633],[-83.896254,9.73586],[-83.896811,9.736213],[-83.897114,9.736418],[-83.897625,9.736702],[-83.898208,9.737438],[-83.898416,9.737475],[-83.898698,9.737451],[-83.899004,9.737463],[-83.899396,9.7375],[-83.89969,9.737562],[-83.90018,9.737611],[-83.900474,9.737623],[-83.900865,9.737636],[-83.901049,9.737648],[-83.901503,9.737552],[-83.901821,9.737552],[-83.902115,9.73737],[-83.902446,9.737091],[-83.902582,9.736861],[-83.902811,9.736548],[-83.90318,9.736225],[-83.903526,9.736017],[-83.903645,9.736006],[-83.904105,9.735971],[-83.904569,9.736116],[-83.905828,9.736721],[-83.90645,9.737052],[-83.906826,9.737397],[-83.907419,9.737685],[-83.907786,9.737913],[-83.908105,9.738023],[-83.908472,9.738108],[-83.909072,9.738158],[-83.909476,9.73817],[-83.909734,9.738134],[-83.910138,9.73811],[-83.910481,9.738001],[-83.910751,9.737832],[-83.911029,9.737694],[-83.911045,9.737686],[-83.911333,9.73753],[-83.911805,9.737346],[-83.912155,9.737505],[-83.912531,9.737649],[-83.912936,9.737894],[-83.913066,9.738253],[-83.913123,9.738627],[-83.913282,9.739087],[-83.913542,9.739274],[-83.913875,9.739245],[-83.914238,9.73916],[-83.914614,9.73929],[-83.914976,9.739563],[-83.915207,9.739793],[-83.915452,9.740354],[-83.915755,9.7409],[-83.91603,9.741303],[-83.916218,9.741662],[-83.916377,9.741978],[-83.91671,9.742079],[-83.917,9.74195],[-83.917362,9.741764],[-83.917825,9.74198],[-83.918172,9.742282],[-83.918491,9.742484],[-83.918982,9.742717],[-83.919974,9.742984],[-83.920651,9.74327],[-83.92102,9.743189],[-83.921451,9.74262],[-83.921691,9.742086],[-83.922252,9.741746],[-83.922847,9.741665],[-83.923852,9.741585],[-83.924816,9.741444],[-83.925474,9.741309],[-83.925719,9.740876],[-83.925781,9.740265],[-83.925721,9.739513],[-83.925599,9.738556],[-83.925559,9.737844],[-83.925908,9.737255],[-83.926053,9.736604],[-83.926422,9.736401],[-83.927124,9.736151],[-83.927581,9.735926],[-83.928151,9.735672],[-83.928807,9.735418],[-83.929292,9.734967],[-83.929521,9.734288],[-83.929664,9.733497],[-83.92975,9.732988],[-83.929837,9.732506],[-83.929985,9.732115],[-83.93015,9.731871],[-83.930511,9.731628],[-83.931149,9.731604],[-83.932086,9.731711],[-83.932627,9.731565],[-83.933629,9.73124],[-83.934142,9.730901],[-83.934524,9.730269],[-83.934489,9.729739],[-83.934027,9.729349],[-83.93335,9.729137],[-83.932874,9.728828],[-83.932765,9.728389],[-83.932838,9.727835],[-83.933281,9.727617],[-83.933757,9.727319],[-83.934208,9.727017],[-83.934493,9.72677],[-83.934658,9.726463],[-83.934676,9.726034],[-83.934947,9.725642],[-83.935433,9.725642],[-83.935829,9.725643],[-83.936315,9.725697],[-83.936836,9.72568],[-83.937251,9.725591],[-83.937737,9.725377],[-83.937917,9.724949],[-83.939084,9.72614],[-83.943679,9.73144],[-83.948184,9.736728],[-83.948398,9.736614],[-83.948619,9.736464],[-83.948807,9.736382],[-83.948971,9.736214],[-83.949081,9.735681],[-83.949205,9.735473],[-83.949431,9.735626],[-83.949609,9.735656],[-83.949709,9.735632],[-83.949889,9.735566],[-83.950184,9.735082],[-83.950401,9.73474],[-83.950549,9.734634],[-83.950719,9.734583],[-83.950928,9.734602],[-83.951146,9.734718],[-83.951343,9.735003],[-83.95156,9.735781],[-83.951628,9.736345],[-83.951619,9.736661],[-83.951568,9.73689],[-83.951293,9.737524],[-83.951048,9.738151],[-83.95093,9.738485],[-83.95091,9.7386],[-83.950901,9.738895],[-83.950932,9.739139],[-83.950982,9.739345],[-83.951072,9.739535],[-83.951165,9.739683],[-83.951351,9.739895],[-83.951479,9.74001],[-83.951635,9.740115],[-83.951745,9.740173],[-83.951923,9.740233],[-83.952155,9.740346],[-83.952504,9.740469],[-83.952941,9.740656],[-83.953619,9.740591],[-83.953754,9.740487],[-83.9539,9.740404],[-83.95404,9.740101],[-83.954071,9.739929],[-83.954062,9.739695],[-83.953998,9.739473],[-83.95397,9.739325],[-83.953936,9.739018],[-83.953951,9.738833],[-83.954061,9.738631],[-83.954224,9.738485],[-83.954415,9.738404],[-83.954684,9.738349],[-83.954992,9.738326],[-83.955308,9.738334],[-83.955767,9.738408],[-83.956045,9.738472],[-83.956301,9.738555],[-83.956599,9.738687],[-83.956851,9.738826],[-83.95712,9.739009],[-83.957394,9.739255],[-83.957705,9.739555],[-83.957995,9.739886],[-83.958277,9.74027],[-83.958395,9.74046],[-83.958514,9.740673],[-83.958804,9.741086],[-83.958974,9.741279],[-83.959038,9.741396],[-83.959055,9.741472],[-83.959062,9.741631],[-83.959078,9.74174],[-83.959135,9.741949],[-83.959196,9.742135],[-83.95925,9.742247],[-83.959344,9.742393],[-83.959409,9.742474],[-83.959545,9.742575],[-83.959695,9.742645],[-83.959855,9.742681],[-83.960025,9.742658],[-83.960149,9.742599],[-83.960252,9.742511],[-83.960386,9.74234],[-83.960491,9.742147],[-83.960628,9.741649],[-83.960702,9.741416],[-83.96077,9.741274],[-83.960846,9.741152],[-83.960969,9.741034],[-83.96123,9.740863],[-83.96159,9.740781],[-83.962257,9.74078],[-83.962871,9.740828],[-83.963201,9.740883],[-83.963463,9.740953],[-83.963718,9.741055],[-83.963969,9.741189],[-83.964163,9.741328],[-83.964417,9.74154],[-83.964581,9.74167],[-83.964775,9.741796],[-83.964941,9.741862],[-83.965078,9.741893],[-83.965327,9.741884],[-83.965544,9.74182],[-83.965962,9.741571],[-83.966247,9.74138],[-83.96646,9.74127],[-83.9667,9.74122],[-83.96685,9.741233],[-83.967065,9.741298],[-83.967409,9.741495],[-83.967767,9.741703],[-83.968097,9.741822],[-83.968657,9.741894],[-83.968929,9.741944],[-83.969146,9.742002],[-83.969416,9.742144],[-83.969714,9.742361],[-83.970039,9.742593],[-83.970112,9.742632],[-83.970267,9.74269],[-83.970555,9.742721],[-83.970986,9.742712],[-83.971237,9.742733],[-83.971486,9.742775],[-83.971782,9.742911],[-83.972555,9.743413],[-83.972763,9.743539],[-83.972883,9.743584],[-83.973057,9.743629],[-83.973262,9.743648],[-83.973466,9.743623],[-83.973708,9.74355],[-83.974066,9.743419],[-83.974363,9.743315],[-83.974582,9.743285],[-83.974821,9.743314],[-83.975023,9.74338],[-83.975444,9.743594],[-83.976293,9.744034],[-83.976637,9.744207],[-83.977122,9.744464],[-83.977422,9.744624],[-83.977715,9.744756],[-83.97797,9.744819],[-83.978323,9.744832],[-83.978731,9.744823],[-83.979044,9.744885],[-83.979256,9.745006],[-83.979413,9.745174],[-83.979492,9.745359],[-83.979507,9.74546],[-83.9795,9.745633],[-83.979475,9.745736],[-83.979416,9.745863],[-83.979294,9.746028],[-83.979062,9.746215],[-83.97842,9.746713],[-83.978241,9.746892],[-83.978076,9.747083],[-83.977962,9.747239],[-83.977881,9.74738],[-83.977816,9.747529],[-83.977657,9.748059],[-83.977656,9.748281],[-83.977669,9.748435],[-83.977681,9.748534],[-83.977754,9.749391],[-83.977825,9.750076],[-83.977877,9.750566],[-83.977915,9.750825],[-83.977955,9.751036],[-83.97808,9.751579],[-83.978101,9.751791],[-83.978092,9.751914],[-83.978043,9.752145],[-83.977691,9.752967],[-83.977652,9.753069],[-83.97763,9.75319],[-83.977607,9.753392],[-83.977641,9.753707],[-83.977687,9.753843],[-83.977832,9.754145],[-83.978003,9.754417],[-83.978213,9.754774],[-83.978353,9.755068],[-83.9784,9.75521],[-83.97843,9.755397],[-83.978437,9.755561],[-83.978427,9.755726],[-83.978343,9.75617],[-83.978236,9.756664],[-83.978177,9.757051],[-83.97816,9.757283],[-83.978208,9.757556],[-83.978317,9.757794],[-83.978522,9.75803],[-83.978806,9.758225],[-83.979001,9.758314],[-83.979201,9.75835],[-83.97954,9.758419],[-83.979899,9.75863],[-83.980256,9.758984],[-83.980346,9.759104],[-83.980499,9.75933],[-83.980586,9.759478],[-83.980704,9.759574],[-83.980882,9.759603],[-83.980994,9.759595],[-83.981179,9.759531],[-83.981338,9.759453],[-83.981474,9.759362],[-83.981663,9.75927],[-83.981846,9.759273],[-83.982005,9.759321],[-83.982126,9.759372],[-83.982295,9.759498],[-83.982375,9.759588],[-83.982471,9.759694],[-83.982563,9.75986],[-83.982597,9.760039],[-83.982578,9.7603],[-83.982499,9.760522],[-83.982347,9.76081],[-83.981941,9.761441],[-83.981882,9.761631],[-83.981806,9.762115],[-83.981804,9.762265],[-83.981831,9.762385],[-83.982064,9.762908],[-83.982163,9.763215],[-83.982369,9.763832],[-83.982477,9.764245],[-83.982522,9.764489],[-83.982528,9.764706],[-83.982503,9.765041],[-83.982436,9.765262],[-83.982064,9.76598],[-83.981926,9.766223],[-83.981872,9.766423],[-83.981864,9.766667],[-83.981869,9.766801],[-83.98186,9.767118],[-83.981816,9.767864],[-83.981776,9.768086],[-83.981691,9.768417],[-83.981541,9.768888],[-83.981483,9.769094],[-83.981449,9.769306],[-83.981445,9.76965],[-83.981482,9.769854],[-83.981556,9.770054],[-83.981641,9.770264],[-83.981735,9.770428],[-83.981823,9.770529],[-83.982022,9.770723],[-83.982109,9.770796],[-83.982269,9.770911],[-83.982466,9.771011],[-83.982746,9.771111],[-83.983681,9.771344],[-83.984028,9.771491],[-83.984291,9.771632],[-83.984696,9.771842],[-83.985025,9.771934],[-83.985217,9.771929],[-83.985333,9.771928],[-83.985917,9.771712],[-83.986493,9.771514],[-83.986952,9.771375],[-83.987079,9.771369],[-83.987247,9.771382],[-83.987386,9.771422],[-83.987618,9.771565],[-83.987774,9.771723],[-83.987843,9.771833],[-83.987924,9.772038],[-83.98801,9.772432],[-83.988026,9.772867],[-83.988096,9.773747],[-83.988108,9.773879],[-83.988244,9.775405],[-83.988263,9.775631],[-83.988283,9.775832],[-83.988335,9.776233],[-83.988416,9.776497],[-83.988469,9.776586],[-83.988691,9.776872],[-83.989359,9.77747],[-83.989718,9.777738],[-83.989935,9.777873],[-83.990188,9.777962],[-83.990342,9.778016],[-83.990802,9.77823],[-83.991126,9.778405],[-83.991415,9.778609],[-83.991543,9.778712],[-83.991747,9.778935],[-83.991942,9.779186],[-83.992069,9.779372],[-83.992105,9.779447],[-83.992177,9.779819],[-83.992178,9.780062],[-83.992179,9.780417],[-83.992102,9.781181],[-83.992061,9.781504],[-83.992025,9.78178],[-83.991927,9.782295],[-83.991817,9.782881],[-83.991744,9.783204],[-83.991702,9.78339],[-83.991643,9.783601],[-83.991587,9.783773],[-83.991496,9.784043],[-83.991443,9.784161],[-83.991297,9.784407],[-83.991108,9.784615],[-83.990934,9.784757],[-83.990805,9.784833],[-83.990432,9.784991],[-83.990056,9.785126],[-83.989636,9.785283],[-83.989106,9.785519],[-83.988956,9.785602],[-83.988625,9.785812],[-83.98832,9.786073],[-83.98805,9.786338],[-83.987837,9.786584],[-83.987649,9.78685],[-83.987443,9.787228],[-83.987304,9.787497],[-83.987142,9.787787],[-83.987079,9.78794],[-83.98676,9.788674],[-83.98665,9.788898],[-83.986613,9.788982],[-83.986515,9.789153],[-83.986449,9.789242],[-83.986411,9.78928],[-83.986267,9.789417],[-83.986118,9.789524],[-83.98576,9.789749],[-83.985546,9.789918],[-83.98548,9.789998],[-83.985321,9.790225],[-83.985099,9.790553],[-83.984936,9.790789],[-83.984872,9.790861],[-83.984795,9.790929],[-83.984695,9.790991],[-83.984525,9.791055],[-83.984449,9.791061],[-83.984303,9.791048],[-83.984045,9.790977],[-83.983631,9.790785],[-83.983075,9.790531],[-83.982895,9.790471],[-83.982727,9.790437],[-83.982471,9.790435],[-83.982349,9.790464],[-83.981992,9.790575],[-83.981937,9.790588],[-83.981742,9.790653],[-83.981382,9.790748],[-83.981097,9.790791],[-83.980921,9.790796],[-83.979779,9.790861],[-83.979491,9.790899],[-83.979295,9.790947],[-83.9791,9.791029],[-83.97879,9.791213],[-83.97861,9.791367],[-83.978517,9.791472],[-83.978346,9.791728],[-83.978155,9.792073],[-83.977994,9.792378],[-83.977919,9.792519],[-83.977777,9.792703],[-83.977671,9.792785],[-83.977577,9.79284],[-83.977477,9.792879],[-83.977267,9.792914],[-83.977043,9.792889],[-83.976873,9.792841],[-83.976597,9.792751],[-83.976202,9.792659],[-83.976014,9.792648],[-83.975814,9.792642],[-83.975663,9.792651],[-83.9755,9.792677],[-83.975228,9.792755],[-83.975012,9.792843],[-83.974837,9.792938],[-83.974618,9.793082],[-83.974517,9.793171],[-83.97406,9.793583],[-83.973943,9.793693],[-83.973857,9.7938],[-83.973786,9.793889],[-83.973626,9.794061],[-83.973425,9.794235],[-83.97332,9.794297],[-83.973216,9.79435],[-83.97289,9.794467],[-83.972764,9.794491],[-83.972411,9.794521],[-83.972165,9.794527],[-83.971954,9.794518],[-83.971625,9.794473],[-83.971403,9.794428],[-83.971203,9.794367],[-83.970575,9.794263],[-83.970344,9.794248],[-83.97016,9.794255],[-83.969949,9.794282],[-83.969796,9.79432],[-83.969567,9.794409],[-83.969424,9.794484],[-83.969192,9.794626],[-83.969028,9.794764],[-83.968891,9.794904],[-83.968817,9.795006],[-83.968543,9.795441],[-83.968427,9.795628],[-83.968257,9.795911],[-83.968053,9.796193],[-83.967983,9.79628],[-83.967796,9.796497],[-83.967618,9.796656],[-83.967474,9.796784],[-83.96726,9.796933],[-83.966635,9.797301],[-83.966185,9.797533],[-83.965505,9.797685],[-83.96499,9.797728],[-83.964747,9.797725],[-83.963673,9.797557],[-83.962424,9.797356],[-83.962298,9.797337],[-83.96199,9.79729],[-83.961507,9.79729],[-83.960814,9.797381],[-83.96063,9.797369],[-83.960367,9.797277],[-83.960144,9.797149],[-83.959722,9.796877],[-83.959493,9.796757],[-83.959228,9.796647],[-83.959144,9.796634],[-83.958682,9.796667],[-83.958024,9.796794],[-83.957601,9.79685],[-83.957177,9.796836],[-83.956996,9.796807],[-83.956791,9.79676],[-83.956537,9.796655],[-83.956347,9.796563],[-83.956133,9.796406],[-83.95591,9.796202],[-83.955733,9.796],[-83.955528,9.795707],[-83.955367,9.795436],[-83.955231,9.795211],[-83.954798,9.79434],[-83.954586,9.793874],[-83.954333,9.793171],[-83.954198,9.792745],[-83.954123,9.792302],[-83.954129,9.791582],[-83.954062,9.791307],[-83.953877,9.791091],[-83.953546,9.790965],[-83.953198,9.791027],[-83.952932,9.791242],[-83.952876,9.791366],[-83.952751,9.791773],[-83.952465,9.792861],[-83.952378,9.793154],[-83.952094,9.793957],[-83.951901,9.794481],[-83.951803,9.79467],[-83.951676,9.794794],[-83.951546,9.794872],[-83.951238,9.795],[-83.950984,9.795137],[-83.950784,9.795286],[-83.950135,9.796128],[-83.950068,9.796178],[-83.949783,9.796296],[-83.949581,9.796294],[-83.94945,9.796274],[-83.949272,9.796222],[-83.947869,9.795671],[-83.947504,9.795587],[-83.947333,9.795567],[-83.946974,9.795596],[-83.946638,9.795705],[-83.946377,9.795857],[-83.946068,9.796116],[-83.945898,9.796292],[-83.945696,9.796538],[-83.945663,9.796578],[-83.945542,9.796737],[-83.945401,9.796966],[-83.945332,9.797198],[-83.945332,9.797384],[-83.945366,9.797507],[-83.945557,9.79775],[-83.945507,9.797792],[-83.945228,9.797948],[-83.945179,9.797961],[-83.945113,9.797952],[-83.945056,9.797922],[-83.944939,9.797868],[-83.944784,9.797806],[-83.94467,9.797759],[-83.944633,9.797754],[-83.944469,9.797817],[-83.944414,9.797832],[-83.944196,9.79795],[-83.943962,9.798019],[-83.943821,9.798028],[-83.94365,9.798031],[-83.943551,9.798051],[-83.943443,9.798119],[-83.943349,9.798225],[-83.943292,9.798301],[-83.943206,9.798353],[-83.943096,9.798391],[-83.943024,9.798382],[-83.942937,9.798367],[-83.942893,9.798386],[-83.942843,9.798438],[-83.942775,9.798484],[-83.942645,9.79852],[-83.942594,9.798577],[-83.942598,9.798781],[-83.942578,9.798969],[-83.94258,9.799111],[-83.942572,9.799188],[-83.942547,9.799283],[-83.942471,9.799358],[-83.942364,9.799431],[-83.941362,9.799463],[-83.938264,9.800556],[-83.935346,9.801736],[-83.932517,9.801899],[-83.927867,9.802156],[-83.926675,9.801348],[-83.924943,9.801337],[-83.923581,9.800976],[-83.920414,9.800683],[-83.918023,9.800162],[-83.915921,9.799073],[-83.913554,9.797079],[-83.912107,9.795727],[-83.910552,9.794901],[-83.909741,9.793366],[-83.90913,9.792276],[-83.909221,9.791455],[-83.908896,9.791563],[-83.90794,9.79198],[-83.907432,9.79211],[-83.907233,9.792162],[-83.906896,9.792144],[-83.906792,9.792071],[-83.906644,9.792005],[-83.907106,9.790286],[-83.904646,9.786227],[-83.902728,9.782149],[-83.899907,9.778537],[-83.8953,9.77492],[-83.895288,9.774911],[-83.895466,9.773275],[-83.892125,9.767147],[-83.889828,9.765681],[-83.88621,9.761362],[-83.884612,9.760393],[-83.881959,9.754046]]]]}}]}