{"type":"FeatureCollection","features":[{"type":"Feature","properties":{"id":93,"CLASE":"Finca del Estado","DETALLE":null,"RELAC. ASP":"Parcialmente dentro del P.N. Tapanti","ITCO_PROP":"ELIAS BOLAÑOS BOLAÑOS","ITCO_SIMB":"(CENA - P.F.)","ITCO_MONTO":null,"ITCO_OBS":null,"ITCO_FILA":61,"ITCO_JOIN":"Coincidencia por Nº de Parcela"},"geometry":{"type":"MultiPolygon","coordinates":[[[[-83.805394,9.602252],[-83.805294,9.603228],[-83.805174,9.604719],[-83.804973,9.6064],[-83.804915,9.607106],[-83.804757,9.609057],[-83.804627,9.609829],[-83.804483,9.611382],[-83.804392,9.612301],[-83.804224,9.613972],[-83.804118,9.615251],[-83.804109,9.615317],[-83.804007,9.615298],[-83.802893,9.615186],[-83.802054,9.615089],[-83.801364,9.615029],[-83.800799,9.614894],[-83.800188,9.61481],[-83.799546,9.614758],[-83.798809,9.614675],[-83.798256,9.614629],[-83.797731,9.614575],[-83.797125,9.614498],[-83.796597,9.614453],[-83.796385,9.614392],[-83.796187,9.614342],[-83.795836,9.614299],[-83.795386,9.614228],[-83.79501,9.61418],[-83.794593,9.61415],[-83.793867,9.614062],[-83.792441,9.61392],[-83.791021,9.613742],[-83.789965,9.613646],[-83.789437,9.613572],[-83.788744,9.613498],[-83.788193,9.613424],[-83.788008,9.613392],[-83.787902,9.61332],[-83.78783,9.613216],[-83.787799,9.613112],[-83.787805,9.612912],[-83.787853,9.61237],[-83.787969,9.611127],[-83.788109,9.610065],[-83.788299,9.608576],[-83.788426,9.606912],[-83.788496,9.606245],[-83.788577,9.605577],[-83.788868,9.603048],[-83.78893,9.602482],[-83.788985,9.602086],[-83.789021,9.601126],[-83.78906,9.600608],[-83.789161,9.60019],[-83.789221,9.599706],[-83.789292,9.599001],[-83.789333,9.598346],[-83.789356,9.598132],[-83.789397,9.598015],[-83.789473,9.597942],[-83.789546,9.597937],[-83.789647,9.597984],[-83.789817,9.598094],[-83.789986,9.598288],[-83.79017,9.598586],[-83.790454,9.598745],[-83.790889,9.599031],[-83.791165,9.599148],[-83.791329,9.599188],[-83.791434,9.599133],[-83.791557,9.599058],[-83.791679,9.599015],[-83.791825,9.599007],[-83.791944,9.599028],[-83.792036,9.599017],[-83.792104,9.598956],[-83.792192,9.598899],[-83.792351,9.598891],[-83.792482,9.598967],[-83.792608,9.599057],[-83.792819,9.599185],[-83.793678,9.599239],[-83.7953,9.599446],[-83.796794,9.599622],[-83.799091,9.599856],[-83.800811,9.60003],[-83.80249,9.600198],[-83.803863,9.600338],[-83.804788,9.600447],[-83.805414,9.600512],[-83.805558,9.600549],[-83.805394,9.602252]]]]}},{"type":"Feature","properties":{"id":211,"CLASE":"Finca del Estado","DETALLE":null,"RELAC. ASP":"Dentro de P.N. Tapanti","ITCO_PROP":"ARACELLY QUESADA CORDOBA","ITCO_SIMB":"C E N A ","ITCO_MONTO":null,"ITCO_OBS":null,"ITCO_FILA":162,"ITCO_JOIN":"Coincidencia por Nº de Parcela"},"geometry":{"type":"MultiPolygon","coordinates":[[[[-83.831544,9.619071],[-83.830084,9.620021],[-83.82975,9.620218],[-83.829079,9.62066],[-83.828721,9.620906],[-83.828392,9.621152],[-83.828017,9.621379],[-83.827697,9.621578],[-83.827261,9.621879],[-83.827048,9.622082],[-83.826669,9.622248],[-83.82628,9.622572],[-83.826008,9.622749],[-83.825688,9.622917],[-83.825585,9.623038],[-83.825275,9.623286],[-83.82512,9.623383],[-83.825322,9.623755],[-83.825552,9.624152],[-83.825918,9.624638],[-83.826059,9.624882],[-83.82633,9.625214],[-83.826507,9.625473],[-83.8267,9.625843],[-83.826917,9.626066],[-83.827064,9.626299],[-83.827309,9.626739],[-83.827513,9.627015],[-83.827782,9.627433],[-83.828022,9.627762],[-83.828341,9.628126],[-83.828318,9.628161],[-83.827845,9.628795],[-83.827592,9.629236],[-83.827186,9.629747],[-83.826847,9.630196],[-83.826618,9.630514],[-83.826513,9.630797],[-83.826088,9.631245],[-83.826005,9.631391],[-83.825851,9.631669],[-83.82561,9.631939],[-83.825421,9.632299],[-83.825225,9.632534],[-83.825115,9.632664],[-83.824971,9.632773],[-83.824901,9.6327],[-83.824663,9.632444],[-83.824291,9.631926],[-83.824024,9.63159],[-83.823887,9.631325],[-83.823711,9.631073],[-83.823591,9.630958],[-83.823437,9.630807],[-83.823228,9.630455],[-83.823148,9.630318],[-83.822962,9.630152],[-83.822792,9.629856],[-83.822687,9.629703],[-83.822456,9.629462],[-83.822323,9.629227],[-83.822097,9.628865],[-83.821818,9.628536],[-83.82152,9.628085],[-83.821298,9.627831],[-83.821066,9.627454],[-83.820859,9.627201],[-83.820722,9.627011],[-83.82048,9.626667],[-83.820302,9.626462],[-83.82015,9.626185],[-83.819995,9.626002],[-83.819816,9.625762],[-83.819723,9.625626],[-83.819467,9.625249],[-83.819323,9.625079],[-83.819056,9.624756],[-83.818979,9.624569],[-83.81905,9.624439],[-83.819226,9.624317],[-83.819435,9.624149],[-83.819914,9.623857],[-83.820083,9.623684],[-83.820246,9.623479],[-83.820631,9.623285],[-83.820867,9.623052],[-83.821088,9.622892],[-83.821675,9.622416],[-83.822086,9.622098],[-83.822353,9.621837],[-83.822485,9.621805],[-83.822689,9.621706],[-83.822805,9.621598],[-83.823045,9.621383],[-83.823466,9.621091],[-83.823662,9.620947],[-83.824038,9.620629],[-83.824359,9.620429],[-83.824668,9.6202],[-83.825071,9.619833],[-83.825469,9.619574],[-83.825754,9.619363],[-83.826107,9.619045],[-83.826401,9.618859],[-83.826655,9.618715],[-83.827147,9.618753],[-83.827485,9.618772],[-83.827786,9.618659],[-83.828068,9.618465],[-83.828431,9.618313],[-83.828748,9.618105],[-83.8292,9.617787],[-83.829578,9.617567],[-83.829899,9.617461],[-83.830322,9.617466],[-83.830593,9.617555],[-83.830852,9.617853],[-83.831358,9.618559],[-83.831501,9.618861],[-83.831544,9.619071]]]]}},{"type":"Feature","properties":{"id":195,"CLASE":"Finca del Estado","DETALLE":null,"RELAC. ASP":"Dentro de P.N. Tapanti","ITCO_PROP":"RUBEN SERRANO VALVERDE","ITCO_SIMB":"( N C - E N A ) ","ITCO_MONTO":null,"ITCO_OBS":null,"ITCO_FILA":146,"ITCO_JOIN":"Coincidencia por Nº de Parcela"},"geometry":{"type":"MultiPolygon","coordinates":[[[[-83.839214,9.649957],[-83.840733,9.649435],[-83.842393,9.64893],[-83.844405,9.648267],[-83.845608,9.647917],[-83.845765,9.648182],[-83.845991,9.648382],[-83.846451,9.648655],[-83.846912,9.648957],[-83.847516,9.649345],[-83.847918,9.649717],[-83.846891,9.649965],[-83.845388,9.650431],[-83.844693,9.650615],[-83.84422,9.650735],[-83.843377,9.651022],[-83.842253,9.651287],[-83.841441,9.651596],[-83.840898,9.651767],[-83.840203,9.651965],[-83.839566,9.652197],[-83.838889,9.652366],[-83.838861,9.652373],[-83.838734,9.652405],[-83.838734,9.652405],[-83.838727,9.652407],[-83.83728,9.652839],[-83.836795,9.653051],[-83.836754,9.652898],[-83.836633,9.652326],[-83.836627,9.6523],[-83.836485,9.651751],[-83.836314,9.651335],[-83.836201,9.650878],[-83.837168,9.650567],[-83.839214,9.649957]]]]}},{"type":"Feature","properties":{"id":190,"CLASE":"Finca del Estado","DETALLE":null,"RELAC. ASP":"Parcialmente dentro del P.N. Tapanti","ITCO_PROP":"GUILLERMO IGLESIAS FLORES","ITCO_SIMB":"SJ","ITCO_MONTO":null,"ITCO_OBS":null,"ITCO_FILA":141,"ITCO_JOIN":"Coincidencia por Nº de Parcela"},"geometry":{"type":"MultiPolygon","coordinates":[[[[-83.848546,9.673955],[-83.849594,9.671994],[-83.85027,9.670957],[-83.850793,9.67004],[-83.851259,9.669258],[-83.853089,9.669427],[-83.853289,9.669443],[-83.856566,9.66971],[-83.857137,9.670668],[-83.859388,9.670402],[-83.859354,9.671295],[-83.859236,9.671653],[-83.859233,9.671995],[-83.859171,9.672961],[-83.859022,9.674194],[-83.858849,9.675715],[-83.858701,9.67738],[-83.85852,9.67873],[-83.858309,9.680138],[-83.858254,9.681286],[-83.858141,9.682682],[-83.857974,9.684001],[-83.85786,9.685061],[-83.857745,9.68624],[-83.857659,9.687377],[-83.857582,9.688291],[-83.857467,9.689274],[-83.857302,9.690131],[-83.857253,9.691053],[-83.857216,9.692161],[-83.857126,9.693285],[-83.856537,9.692857],[-83.855349,9.692261],[-83.854026,9.691522],[-83.853089,9.690914],[-83.851124,9.689767],[-83.850388,9.689334],[-83.849184,9.688648],[-83.848641,9.688362],[-83.847901,9.687995],[-83.846948,9.687427],[-83.84608,9.686958],[-83.845065,9.686394],[-83.842772,9.685145],[-83.842361,9.684859],[-83.842402,9.684509],[-83.842994,9.683562],[-83.844648,9.680797],[-83.846072,9.678359],[-83.847372,9.675928],[-83.848546,9.673955]]]]}},{"type":"Feature","properties":{"id":270,"CLASE":"Finca del Estado","DETALLE":null,"RELAC. ASP":"Parcialmente dentro del P.N. Tapanti","ITCO_PROP":"CRISTOBAL GUTIERREZ GUTIERREZ","ITCO_SIMB":"S.P. E.A","ITCO_MONTO":"444.002.35","ITCO_OBS":null,"ITCO_FILA":220,"ITCO_JOIN":"Coincidencia por Nº de Parcela"},"geometry":{"type":"MultiPolygon","coordinates":[[[[-83.882741,9.697811],[-83.889973,9.710329],[-83.889996,9.713555],[-83.890037,9.714302],[-83.889987,9.714824],[-83.889905,9.714906],[-83.889777,9.714955],[-83.889584,9.715073],[-83.889354,9.715224],[-83.889095,9.715264],[-83.88893,9.715366],[-83.88884,9.715648],[-83.888897,9.716031],[-83.888839,9.71637],[-83.888778,9.716676],[-83.888716,9.716749],[-83.888428,9.717002],[-83.888115,9.71723],[-83.887774,9.717475],[-83.887498,9.71765],[-83.887301,9.717875],[-83.887235,9.71818],[-83.887214,9.71878],[-83.887161,9.719437],[-83.887091,9.720077],[-83.887008,9.720506],[-83.886926,9.720775],[-83.886831,9.720954],[-83.886696,9.721093],[-83.88649,9.72126],[-83.886354,9.721415],[-83.886321,9.721546],[-83.88649,9.72168],[-83.886646,9.721741],[-83.887024,9.722019],[-83.887645,9.722407],[-83.888097,9.722652],[-83.888467,9.722937],[-83.888747,9.723072],[-83.889158,9.723386],[-83.889507,9.723594],[-83.889939,9.723896],[-83.890436,9.724186],[-83.890638,9.724284],[-83.890749,9.724472],[-83.891341,9.724774],[-83.891645,9.725031],[-83.891974,9.725219],[-83.892175,9.725386],[-83.892496,9.725639],[-83.892763,9.725757],[-83.893228,9.726137],[-83.893511,9.726296],[-83.893906,9.726627],[-83.894494,9.726982],[-83.895069,9.727341],[-83.89482,9.734945],[-83.895914,9.7355],[-83.896432,9.735949],[-83.89695,9.736471],[-83.897312,9.736765],[-83.897279,9.737116],[-83.896842,9.737988],[-83.89667,9.73847],[-83.896447,9.738935],[-83.896258,9.739408],[-83.896077,9.739897],[-83.895921,9.740093],[-83.894696,9.739334],[-83.893709,9.738836],[-83.892673,9.738265],[-83.89162,9.737848],[-83.891513,9.737995],[-83.89134,9.738329],[-83.89111,9.738721],[-83.890937,9.739104],[-83.890748,9.739414],[-83.890509,9.739773],[-83.890065,9.740116],[-83.889637,9.740352],[-83.889259,9.740629],[-83.889181,9.740976],[-83.889427,9.741237],[-83.889711,9.741515],[-83.88981,9.741821],[-83.889785,9.742041],[-83.889682,9.742253],[-83.889513,9.742535],[-83.889324,9.74291],[-83.889246,9.743044],[-83.889118,9.743273],[-83.888925,9.743571],[-83.888748,9.743889],[-83.888731,9.744284],[-83.888772,9.744505],[-83.888986,9.744754],[-83.889089,9.745194],[-83.889093,9.745488],[-83.889126,9.745773],[-83.888978,9.746059],[-83.888805,9.746193],[-83.888463,9.746463],[-83.888064,9.746658],[-83.887633,9.747017],[-83.887353,9.747217],[-83.887069,9.747531],[-83.886867,9.747861],[-83.886662,9.748192],[-83.886559,9.748648],[-83.886489,9.748926],[-83.886283,9.749374],[-83.886065,9.749701],[-83.885781,9.750129],[-83.885448,9.750451],[-83.885127,9.750733],[-83.884654,9.750961],[-83.884099,9.75134],[-83.883823,9.751666],[-83.883474,9.751923],[-83.883177,9.752192],[-83.882877,9.752392],[-83.882503,9.752567],[-83.882042,9.752824],[-83.88166,9.752995],[-83.881281,9.753077],[-83.880763,9.753077],[-83.880442,9.753125],[-83.879896,9.753117],[-83.879583,9.753137],[-83.879233,9.753292],[-83.878793,9.75337],[-83.878596,9.753357],[-83.878218,9.753108],[-83.87802,9.752933],[-83.877901,9.752529],[-83.877869,9.752158],[-83.877881,9.751742],[-83.877848,9.751273],[-83.877594,9.750481],[-83.877347,9.749869],[-83.877051,9.749339],[-83.876743,9.748857],[-83.876414,9.74851],[-83.875974,9.748131],[-83.875177,9.747617],[-83.874466,9.747282],[-83.87382,9.747016],[-83.873117,9.746784],[-83.872911,9.746739],[-83.872303,9.746547],[-83.871698,9.746383],[-83.871415,9.746346],[-83.870954,9.746334],[-83.870621,9.746428],[-83.870226,9.74653],[-83.869864,9.74655],[-83.869548,9.746566],[-83.868988,9.74657],[-83.868569,9.746611],[-83.868269,9.746598],[-83.867767,9.746627],[-83.867204,9.746814],[-83.866887,9.746818],[-83.866385,9.746846],[-83.865822,9.746858],[-83.86525,9.746866],[-83.864817,9.746854],[-83.864872,9.746389],[-83.864776,9.745991],[-83.864646,9.745742],[-83.864396,9.745485],[-83.864196,9.745283],[-83.863948,9.745091],[-83.863744,9.744985],[-83.863417,9.744928],[-83.863115,9.744942],[-83.862733,9.744974],[-83.862428,9.745085],[-83.862013,9.745201],[-83.861805,9.745258],[-83.861546,9.745329],[-83.861254,9.745315],[-83.861133,9.745284],[-83.860989,9.745217],[-83.860849,9.744976],[-83.86079,9.744715],[-83.860691,9.744456],[-83.86049,9.744019],[-83.860373,9.743837],[-83.860303,9.74347],[-83.860338,9.743321],[-83.860406,9.743211],[-83.860535,9.743154],[-83.860698,9.743089],[-83.860813,9.742985],[-83.860887,9.74283],[-83.860934,9.742669],[-83.861025,9.742592],[-83.861152,9.742477],[-83.861329,9.742451],[-83.861504,9.742471],[-83.861911,9.742478],[-83.861913,9.742257],[-83.861924,9.742082],[-83.861971,9.741986],[-83.862047,9.741917],[-83.862345,9.741905],[-83.862559,9.741929],[-83.862703,9.742058],[-83.862884,9.742184],[-83.863114,9.74227],[-83.863291,9.742248],[-83.863548,9.74213],[-83.864216,9.741863],[-83.864568,9.74181],[-83.864829,9.741638],[-83.864985,9.741435],[-83.865088,9.741222],[-83.865078,9.740994],[-83.864967,9.740782],[-83.864755,9.740547],[-83.864509,9.740253],[-83.864207,9.739915],[-83.864116,9.73958],[-83.864018,9.739058],[-83.864035,9.738397],[-83.86402,9.738218],[-83.864,9.737989],[-83.863969,9.73781],[-83.863848,9.737697],[-83.863554,9.73731],[-83.863361,9.737],[-83.863135,9.736555],[-83.862894,9.736173],[-83.862675,9.735884],[-83.862522,9.735672],[-83.862381,9.735398],[-83.862278,9.735178],[-83.862087,9.734815],[-83.861999,9.734507],[-83.861931,9.734103],[-83.861919,9.733903],[-83.861861,9.733668],[-83.86187,9.733403],[-83.862059,9.733159],[-83.862421,9.732979],[-83.862643,9.732694],[-83.862988,9.732343],[-83.863408,9.732001],[-83.863688,9.731674],[-83.863721,9.731332],[-83.863458,9.730842],[-83.858853,9.73071],[-83.85766,9.730726],[-83.857488,9.73044],[-83.857471,9.73022],[-83.857405,9.729983],[-83.857282,9.729754],[-83.857077,9.729567],[-83.856879,9.729297],[-83.856855,9.729077],[-83.856863,9.7288],[-83.856839,9.728522],[-83.856707,9.728359],[-83.85623,9.727894],[-83.855745,9.727616],[-83.855351,9.727624],[-83.854684,9.727591],[-83.85438,9.727444],[-83.85406,9.727175],[-83.853772,9.72671],[-83.853443,9.726122],[-83.853205,9.725616],[-83.852926,9.725355],[-83.852621,9.725069],[-83.852079,9.72489],[-83.851635,9.7248],[-83.851084,9.724767],[-83.850615,9.724799],[-83.850113,9.725077],[-83.849718,9.725289],[-83.849315,9.72537],[-83.848978,9.72528],[-83.848666,9.72497],[-83.848592,9.724505],[-83.848658,9.724211],[-83.848773,9.72395],[-83.848987,9.723656],[-83.849152,9.723298],[-83.849029,9.723028],[-83.848601,9.722849],[-83.848165,9.722538],[-83.847664,9.721877],[-83.847335,9.721535],[-83.84671,9.721183],[-83.846094,9.720889],[-83.845296,9.720816],[-83.844803,9.720832],[-83.844178,9.720758],[-83.843709,9.720676],[-83.843249,9.720382],[-83.842936,9.719991],[-83.842665,9.719476],[-83.842566,9.719395],[-83.841991,9.719321],[-83.841555,9.719231],[-83.841308,9.719084],[-83.841161,9.718758],[-83.841202,9.718423],[-83.841227,9.718097],[-83.840906,9.717836],[-83.840561,9.717689],[-83.839952,9.717778],[-83.839319,9.718039],[-83.838241,9.718357],[-83.837838,9.718471],[-83.837254,9.718528],[-83.836967,9.718511],[-83.83672,9.718356],[-83.836465,9.718119],[-83.836301,9.717728],[-83.836515,9.717189],[-83.837009,9.716455],[-83.848267,9.697614],[-83.852658,9.697567],[-83.861868,9.69775],[-83.870305,9.697737],[-83.882741,9.697811]]]]}},{"type":"Feature","properties":{"id":130,"CLASE":"Finca del Estado","DETALLE":null,"RELAC. ASP":"Dentro de P.N. Tapanti","ITCO_PROP":"JESUS GOMEZ CORDOBA","ITCO_SIMB":"P E N A","ITCO_MONTO":null,"ITCO_OBS":null,"ITCO_FILA":82,"ITCO_JOIN":"Coincidencia por Nº de Parcela"},"geometry":{"type":"MultiPolygon","coordinates":[[[[-83.917493,9.706925],[-83.917377,9.709072],[-83.917303,9.710082],[-83.917221,9.711069],[-83.917115,9.712241],[-83.917056,9.713854],[-83.917005,9.715244],[-83.916982,9.71567],[-83.916918,9.716101],[-83.917504,9.716122],[-83.918061,9.716247],[-83.918695,9.716347],[-83.918656,9.716746],[-83.918489,9.718705],[-83.918233,9.720702],[-83.917985,9.722934],[-83.917706,9.725299],[-83.917637,9.725931],[-83.91056,9.724967],[-83.911171,9.715422],[-83.91451,9.715716],[-83.915713,9.7058],[-83.91755,9.706063],[-83.917493,9.706925]]]]}},{"type":"Feature","properties":{"id":null,"CLASE":"Finca del Estado","DETALLE":null,"RELAC. ASP":"Dentro de R.F. Rio Macho","ITCO_PROP":null,"ITCO_SIMB":null,"ITCO_MONTO":null,"ITCO_OBS":null,"ITCO_FILA":null,"ITCO_JOIN":null},"geometry":{"type":"MultiPolygon","coordinates":[[[[-83.932149,9.718266],[-83.930282,9.718045],[-83.930554,9.715475],[-83.932339,9.715427],[-83.932149,9.718266]]]]}},{"type":"Feature","properties":{"id":123,"CLASE":"Finca del Estado","DETALLE":"Area posible puesto El Empalme","RELAC. ASP":"Parcialmente dentro de R.F. Rio Macho","ITCO_PROP":"JOSE ROJAS CORDERO","ITCO_SIMB":"(S.P.G.P.-E.A.)","ITCO_MONTO":"71.545.60","ITCO_OBS":null,"ITCO_FILA":75,"ITCO_JOIN":"Coincidencia por Nº de Parcela"},"geometry":{"type":"MultiPolygon","coordinates":[[[[-83.940167,9.719467],[-83.93765,9.719091],[-83.938556,9.711879],[-83.938564,9.710981],[-83.941122,9.711393],[-83.940941,9.712075],[-83.940167,9.719467]]]]}},{"type":"Feature","properties":{"id":null,"CLASE":"Finca del Estado","DETALLE":"Inocente Brenes R.","RELAC. ASP":"Fuera de P.N. Tapanti","ITCO_PROP":null,"ITCO_SIMB":null,"ITCO_MONTO":null,"ITCO_OBS":null,"ITCO_FILA":null,"ITCO_JOIN":null},"geometry":{"type":"MultiPolygon","coordinates":[[[[-83.912153,9.736618],[-83.912609,9.737104],[-83.913402,9.738095],[-83.913393,9.742109],[-83.91304,9.742272],[-83.912875,9.742329],[-83.912669,9.742566],[-83.912472,9.742598],[-83.912209,9.742664],[-83.912028,9.742786],[-83.911633,9.743071],[-83.911452,9.743194],[-83.911123,9.743259],[-83.911133,9.736838],[-83.912153,9.736618]]]]}},{"type":"Feature","properties":{"id":294,"CLASE":"Finca del Estado","DETALLE":"Luis y Bolivar Guzman Gonzales","RELAC. ASP":"Dentro de P.N. Tapanti","ITCO_PROP":"LUIS Y BOLIVAR GUZMAN GONZALEZ","ITCO_SIMB":"S P E A ","ITCO_MONTO":"69.144.04","ITCO_OBS":null,"ITCO_FILA":237,"ITCO_JOIN":"Coincidencia por Nº de Parcela"},"geometry":{"type":"MultiPolygon","coordinates":[[[[-83.801901,9.73918],[-83.80183,9.739067],[-83.801578,9.738656],[-83.801107,9.737918],[-83.800627,9.737169],[-83.800352,9.736616],[-83.799977,9.736082],[-83.799521,9.73536],[-83.799153,9.734687],[-83.798774,9.734007],[-83.798418,9.733584],[-83.797714,9.733507],[-83.797005,9.733438],[-83.796763,9.733464],[-83.796556,9.733245],[-83.796679,9.732858],[-83.796754,9.732258],[-83.796844,9.731654],[-83.796911,9.730949],[-83.797285,9.730794],[-83.797523,9.73066],[-83.798437,9.730277],[-83.799115,9.729889],[-83.799703,9.729645],[-83.800065,9.729503],[-83.800783,9.729199],[-83.801394,9.728863],[-83.801725,9.72873],[-83.802299,9.728457],[-83.802761,9.728235],[-83.803012,9.728189],[-83.803304,9.728064],[-83.803493,9.727936],[-83.803874,9.727747],[-83.804121,9.727675],[-83.804367,9.727547],[-83.80467,9.727396],[-83.804986,9.727249],[-83.805404,9.727097],[-83.805953,9.726985],[-83.806138,9.727568],[-83.806363,9.728184],[-83.806417,9.728617],[-83.806385,9.728899],[-83.806431,9.72956],[-83.806535,9.730171],[-83.806694,9.730494],[-83.806945,9.730774],[-83.807146,9.731093],[-83.807169,9.73122],[-83.807196,9.731773],[-83.807238,9.732341],[-83.807346,9.732921],[-83.807373,9.733378],[-83.807497,9.733812],[-83.807505,9.734066],[-83.807531,9.734354],[-83.807764,9.734665],[-83.807949,9.7349],[-83.808019,9.73508],[-83.808112,9.735564],[-83.808181,9.736102],[-83.808285,9.736594],[-83.808343,9.736943],[-83.808378,9.737435],[-83.808346,9.737769],[-83.808141,9.737796],[-83.807901,9.737884],[-83.807688,9.737878],[-83.803439,9.732776],[-83.801111,9.734047],[-83.804727,9.738545],[-83.804567,9.738612],[-83.804048,9.738688],[-83.80341,9.738857],[-83.802763,9.739014],[-83.802372,9.739125],[-83.801901,9.73918]]]]}},{"type":"Feature","properties":{"id":306,"CLASE":"Finca del Estado","DETALLE":null,"RELAC. ASP":"Dentro de P.N. Tapanti","ITCO_PROP":"SEGUNDO RODRIGUEZ CABEZAS","ITCO_SIMB":"P E N A ","ITCO_MONTO":"56.817.95","ITCO_OBS":null,"ITCO_FILA":242,"ITCO_JOIN":"Coincidencia por Nº de Parcela"},"geometry":{"type":"MultiPolygon","coordinates":[[[[-83.786131,9.760362],[-83.786566,9.76139],[-83.787715,9.765136],[-83.787016,9.76578],[-83.785897,9.766587],[-83.785641,9.76781],[-83.784654,9.767997],[-83.779885,9.766004],[-83.778939,9.766003],[-83.778685,9.765203],[-83.778061,9.762592],[-83.777627,9.760618],[-83.777274,9.758994],[-83.777241,9.758822],[-83.781962,9.758728],[-83.782242,9.759111],[-83.78299,9.759593],[-83.783623,9.759985],[-83.786131,9.760362]]]]}},{"type":"Feature","properties":{"id":310,"CLASE":"Finca del Estado","DETALLE":null,"RELAC. ASP":"Dentro de P.N. Tapanti","ITCO_PROP":"RODOLFO VICENTE PEREZ","ITCO_SIMB":"S P E A ","ITCO_MONTO":"37.020.25","ITCO_OBS":null,"ITCO_FILA":246,"ITCO_JOIN":"Coincidencia por Nº de Parcela"},"geometry":{"type":"MultiPolygon","coordinates":[[[[-83.784704,9.753147],[-83.78452,9.753428],[-83.784186,9.753589],[-83.783865,9.753866],[-83.783273,9.753776],[-83.782677,9.753788],[-83.781727,9.75373],[-83.779675,9.753639],[-83.778873,9.753573],[-83.777668,9.753507],[-83.77655,9.753478],[-83.775781,9.753425],[-83.773606,9.75335],[-83.773487,9.753231],[-83.773528,9.752138],[-83.773592,9.749385],[-83.774883,9.749504],[-83.775911,9.749574],[-83.777223,9.749628],[-83.780541,9.749785],[-83.782753,9.749909],[-83.783494,9.749934],[-83.783563,9.750129],[-83.783728,9.750342],[-83.783921,9.750578],[-83.784069,9.750766],[-83.784258,9.750999],[-83.784381,9.751166],[-83.784475,9.751399],[-83.784459,9.751643],[-83.784327,9.75179],[-83.784249,9.751957],[-83.784294,9.752276],[-83.784343,9.752418],[-83.784487,9.752684],[-83.784721,9.752984],[-83.784704,9.753147]]]]}},{"type":"Feature","properties":{"id":334,"CLASE":"Finca del Estado","DETALLE":null,"RELAC. ASP":"Dentro de P.N. Tapanti","ITCO_PROP":"JORGE NEREO BRENES MENDEZ ","ITCO_SIMB":"PAGADA","ITCO_MONTO":null,"ITCO_OBS":null,"ITCO_FILA":265,"ITCO_JOIN":"Coincidencia por Nº de Parcela"},"geometry":{"type":"MultiPolygon","coordinates":[[[[-83.745145,9.777005],[-83.747973,9.777452],[-83.748144,9.776055],[-83.748207,9.774584],[-83.748266,9.773462],[-83.748465,9.771849],[-83.746045,9.771448],[-83.74474,9.771185],[-83.744752,9.771147],[-83.744916,9.770038],[-83.745145,9.768233],[-83.745332,9.767242],[-83.74548,9.766071],[-83.745577,9.765387],[-83.746021,9.762169],[-83.74615,9.76117],[-83.746341,9.759634],[-83.746625,9.757695],[-83.746889,9.756136],[-83.747138,9.754262],[-83.747333,9.752891],[-83.747625,9.751109],[-83.747959,9.749108],[-83.748127,9.748119],[-83.748755,9.748172],[-83.749722,9.748327],[-83.750969,9.748593],[-83.751952,9.748693],[-83.753191,9.748955],[-83.753725,9.749063],[-83.75441,9.749087],[-83.755293,9.749237],[-83.75599,9.749357],[-83.75678,9.749488],[-83.757205,9.749519],[-83.75722,9.751055],[-83.759256,9.751302],[-83.761068,9.751622],[-83.762171,9.751723],[-83.763379,9.751947],[-83.764126,9.752066],[-83.765133,9.752217],[-83.766089,9.752298],[-83.766418,9.752425],[-83.766286,9.753543],[-83.766188,9.754483],[-83.76608,9.754499],[-83.765504,9.758278],[-83.765158,9.760478],[-83.764987,9.761285],[-83.764851,9.762022],[-83.764684,9.763055],[-83.764544,9.763658],[-83.764443,9.764606],[-83.764334,9.765325],[-83.764275,9.765801],[-83.764155,9.766358],[-83.764,9.766811],[-83.763964,9.767514],[-83.763887,9.767994],[-83.762795,9.767897],[-83.761525,9.767742],[-83.761409,9.767823],[-83.761308,9.768299],[-83.761238,9.768741],[-83.761214,9.769071],[-83.760773,9.769067],[-83.760362,9.769116],[-83.760084,9.769124],[-83.759673,9.769231],[-83.759538,9.769254],[-83.759375,9.769246],[-83.759158,9.769181],[-83.758903,9.769062],[-83.75764,9.769118],[-83.757214,9.769364],[-83.756618,9.769751],[-83.756315,9.770216],[-83.756032,9.770815],[-83.75587,9.771095],[-83.755447,9.771391],[-83.754785,9.77187],[-83.754331,9.772331],[-83.753878,9.772787],[-83.753475,9.773137],[-83.753239,9.773398],[-83.753037,9.773674],[-83.75277,9.774108],[-83.752677,9.774523],[-83.752552,9.774868],[-83.752556,9.775079],[-83.752517,9.775291],[-83.752412,9.775529],[-83.752234,9.775705],[-83.752056,9.775782],[-83.751959,9.776154],[-83.751823,9.776381],[-83.751637,9.776504],[-83.751482,9.776673],[-83.751378,9.776826],[-83.751223,9.776976],[-83.750951,9.777206],[-83.750762,9.777486],[-83.750516,9.777647],[-83.750457,9.777812],[-83.750281,9.777997],[-83.750076,9.778265],[-83.749841,9.778532],[-83.749632,9.778753],[-83.749361,9.778989],[-83.74915,9.779186],[-83.749,9.779352],[-83.74881,9.779551],[-83.748712,9.779749],[-83.748611,9.779912],[-83.748353,9.780081],[-83.7482,9.780248],[-83.747929,9.780388],[-83.74746,9.780914],[-83.747076,9.781597],[-83.746681,9.782073],[-83.746142,9.782491],[-83.745581,9.782621],[-83.745286,9.782775],[-83.745042,9.783059],[-83.744728,9.783316],[-83.744527,9.783408],[-83.744206,9.783435],[-83.744206,9.782974],[-83.744326,9.782705],[-83.744431,9.782459],[-83.744548,9.781603],[-83.744606,9.780923],[-83.744746,9.780074],[-83.744863,9.779333],[-83.744992,9.778419],[-83.745136,9.777067],[-83.745145,9.777005]]]]}},{"type":"Feature","properties":{"id":344,"CLASE":"Finca del Estado","DETALLE":null,"RELAC. ASP":"Dentro de P.N. Tapanti","ITCO_PROP":"LEONIDAS MARTINEZ MARTINEZ","ITCO_SIMB":"NC","ITCO_MONTO":null,"ITCO_OBS":null,"ITCO_FILA":275,"ITCO_JOIN":"Coincidencia por Nº de Parcela"},"geometry":{"type":"MultiPolygon","coordinates":[[[[-83.723794,9.770274],[-83.723062,9.770157],[-83.722612,9.770089],[-83.721937,9.769899],[-83.721513,9.7698],[-83.721062,9.769714],[-83.720735,9.769615],[-83.720708,9.76964],[-83.720599,9.77017],[-83.720494,9.770529],[-83.720378,9.770873],[-83.72032,9.771381],[-83.72025,9.771363],[-83.71939,9.771212],[-83.718604,9.771069],[-83.717123,9.770767],[-83.717295,9.770176],[-83.717701,9.768489],[-83.718129,9.766669],[-83.718266,9.766132],[-83.7185,9.765613],[-83.719023,9.765673],[-83.719631,9.765894],[-83.72075,9.766104],[-83.721777,9.766337],[-83.723245,9.766592],[-83.724179,9.766776],[-83.725793,9.769657],[-83.725993,9.770121],[-83.726011,9.770654],[-83.725855,9.770956],[-83.725685,9.771106],[-83.725444,9.771158],[-83.725191,9.771084],[-83.724969,9.771003],[-83.724788,9.770756],[-83.724543,9.770513],[-83.724339,9.770278],[-83.724065,9.770178],[-83.723794,9.770274]]]]}},{"type":"Feature","properties":{"id":null,"CLASE":"Finca del Estado","DETALLE":"356-359 No se identifica división","RELAC. ASP":"Dentro de P.N. Tapanti","ITCO_PROP":null,"ITCO_SIMB":null,"ITCO_MONTO":null,"ITCO_OBS":null,"ITCO_FILA":null,"ITCO_JOIN":null},"geometry":{"type":"MultiPolygon","coordinates":[[[[-83.704702,9.768406],[-83.705001,9.768431],[-83.705233,9.768627],[-83.705612,9.769],[-83.705894,9.769369],[-83.706208,9.769668],[-83.706525,9.769991],[-83.706796,9.770307],[-83.707272,9.770633],[-83.707686,9.770918],[-83.708301,9.771141],[-83.70887,9.77143],[-83.709536,9.771526],[-83.7099,9.771665],[-83.710225,9.771888],[-83.710476,9.77213],[-83.710852,9.772353],[-83.711057,9.772461],[-83.711432,9.772538],[-83.711835,9.772757],[-83.712225,9.7731],[-83.712514,9.773305],[-83.712435,9.774169],[-83.711102,9.774005],[-83.710072,9.773908],[-83.708492,9.773703],[-83.707617,9.773583],[-83.706166,9.773405],[-83.704996,9.773247],[-83.704261,9.773154],[-83.702813,9.773018],[-83.701605,9.772868],[-83.700649,9.772784],[-83.699745,9.772628],[-83.699942,9.768186],[-83.700112,9.768091],[-83.702322,9.768409],[-83.704687,9.768595],[-83.704702,9.768406]]]]}},{"type":"Feature","properties":{"id":250,"CLASE":"Finca del Estado","DETALLE":null,"RELAC. ASP":"Dentro de P.N. Tapanti","ITCO_PROP":"JUBENAL ZUÑIGA ZUÑIGA","ITCO_SIMB":"N C","ITCO_MONTO":null,"ITCO_OBS":null,"ITCO_FILA":200,"ITCO_JOIN":"Coincidencia por Nº de Parcela"},"geometry":{"type":"MultiPolygon","coordinates":[[[[-83.776522,9.638082],[-83.772109,9.637436],[-83.772107,9.632394],[-83.772121,9.631328],[-83.77661,9.632307],[-83.776591,9.63536],[-83.776522,9.638082]]]]}},{"type":"Feature","properties":{"id":228,"CLASE":"Finca del Estado","DETALLE":null,"RELAC. ASP":"Dentro de P.N. Tapanti","ITCO_PROP":"ERNESTO BARRANTES RAMIREZ","ITCO_SIMB":"N E","ITCO_MONTO":null,"ITCO_OBS":null,"ITCO_FILA":178,"ITCO_JOIN":"Coincidencia por Nº de Parcela"},"geometry":{"type":"MultiPolygon","coordinates":[[[[-83.730469,9.599856],[-83.730229,9.599986],[-83.712209,9.600839],[-83.714371,9.589227],[-83.714534,9.589119],[-83.715261,9.589266],[-83.716081,9.589351],[-83.717025,9.589613],[-83.718449,9.589799],[-83.71906,9.590083],[-83.719981,9.59033],[-83.721026,9.590369],[-83.729245,9.590821],[-83.7294,9.59096],[-83.729861,9.595031],[-83.730038,9.595884],[-83.730469,9.599856]]]]}},{"type":"Feature","properties":{"id":243,"CLASE":"Finca del Estado","DETALLE":null,"RELAC. ASP":"Dentro de R.F. Rio Macho","ITCO_PROP":"VICENTE QUIROS CECILIANO","ITCO_SIMB":"C E N A ","ITCO_MONTO":"18.556.95","ITCO_OBS":null,"ITCO_FILA":193,"ITCO_JOIN":"Coincidencia por Nº de Parcela"},"geometry":{"type":"MultiPolygon","coordinates":[[[[-83.702482,9.555247],[-83.701362,9.556075],[-83.699695,9.557363],[-83.698493,9.55832],[-83.697645,9.558995],[-83.696924,9.559478],[-83.696238,9.560071],[-83.69718,9.560636],[-83.697988,9.561069],[-83.698752,9.561498],[-83.699291,9.561682],[-83.698161,9.561964],[-83.695903,9.562084],[-83.694712,9.562229],[-83.693502,9.562398],[-83.692665,9.561094],[-83.691393,9.559196],[-83.690307,9.557507],[-83.690036,9.556946],[-83.69009,9.556913],[-83.690274,9.556773],[-83.690496,9.556583],[-83.690744,9.556343],[-83.691137,9.556194],[-83.691222,9.556094],[-83.691503,9.55586],[-83.69165,9.555731],[-83.69186,9.555347],[-83.692088,9.555129],[-83.692313,9.554902],[-83.692762,9.554667],[-83.693031,9.554465],[-83.693246,9.554388],[-83.693577,9.554391],[-83.693871,9.554374],[-83.694122,9.554297],[-83.694347,9.554272],[-83.694838,9.554257],[-83.695231,9.554237],[-83.695552,9.554258],[-83.696295,9.554193],[-83.69693,9.554217],[-83.69763,9.554218],[-83.698145,9.554203],[-83.699027,9.554184],[-83.699623,9.554235],[-83.700288,9.55427],[-83.700749,9.554455],[-83.70129,9.554547],[-83.702037,9.554655],[-83.702133,9.555036],[-83.702331,9.555124],[-83.702482,9.555247]]]]}},{"type":"Feature","properties":{"id":230,"CLASE":"Finca del Estado","DETALLE":null,"RELAC. ASP":"Dentro de P.N. Tapanti","ITCO_PROP":"CARLOS CHAVES VARGAS","ITCO_SIMB":"C E N A ","ITCO_MONTO":null,"ITCO_OBS":null,"ITCO_FILA":180,"ITCO_JOIN":"Coincidencia por Nº de Parcela"},"geometry":{"type":"MultiPolygon","coordinates":[[[[-83.739424,9.571185],[-83.738805,9.573442],[-83.738009,9.576403],[-83.737061,9.579621],[-83.7363,9.582052],[-83.735823,9.584021],[-83.735199,9.586131],[-83.73431,9.589318],[-83.733965,9.59035],[-83.733904,9.590867],[-83.733826,9.591397],[-83.73374,9.591314],[-83.73299,9.59053],[-83.732495,9.590034],[-83.731957,9.589492],[-83.730863,9.588451],[-83.730128,9.587651],[-83.729003,9.586467],[-83.738346,9.570322],[-83.739424,9.571185]]]]}},{"type":"Feature","properties":{"id":349,"CLASE":"Finca del Estado","DETALLE":null,"RELAC. ASP":"Dentro de P.N. Tapanti","ITCO_PROP":"ISAIAS FALLAS SANCHEZ","ITCO_SIMB":"NC","ITCO_MONTO":null,"ITCO_OBS":null,"ITCO_FILA":280,"ITCO_JOIN":"Coincidencia por Nº de Parcela"},"geometry":{"type":"MultiPolygon","coordinates":[[[[-83.712296,9.780163],[-83.712399,9.780352],[-83.712666,9.780682],[-83.712875,9.780951],[-83.713022,9.781078],[-83.713266,9.781205],[-83.713641,9.781344],[-83.714025,9.781444],[-83.7143,9.781437],[-83.714629,9.781318],[-83.71488,9.781245],[-83.715028,9.781157],[-83.715369,9.781065],[-83.715671,9.781042],[-83.715984,9.781119],[-83.716189,9.781258],[-83.716688,9.781683],[-83.716711,9.78176],[-83.716903,9.782533],[-83.716969,9.783165],[-83.716998,9.78368],[-83.716991,9.784239],[-83.716931,9.784305],[-83.716509,9.78415],[-83.716197,9.783952],[-83.715693,9.783767],[-83.715048,9.783745],[-83.714381,9.783509],[-83.713291,9.783221],[-83.712231,9.783029],[-83.712179,9.780398],[-83.712296,9.780163]]]]}},{"type":"Feature","properties":{"id":351,"CLASE":"Finca del Estado","DETALLE":null,"RELAC. ASP":"Dentro de P.N. Tapanti","ITCO_PROP":"JOSE ANGEL DIAZ CORDERO","ITCO_SIMB":"SPEA","ITCO_MONTO":"32.931.25","ITCO_OBS":null,"ITCO_FILA":282,"ITCO_JOIN":"Coincidencia por Nº de Parcela"},"geometry":{"type":"MultiPolygon","coordinates":[[[[-83.70802,9.781677],[-83.7095,9.781758],[-83.712208,9.78187],[-83.712231,9.783029],[-83.711756,9.784014],[-83.711533,9.784639],[-83.711362,9.785051],[-83.711198,9.785396],[-83.709856,9.785116],[-83.708759,9.784835],[-83.707617,9.784628],[-83.706394,9.784274],[-83.705364,9.784097],[-83.7044,9.783846],[-83.702569,9.783521],[-83.703356,9.781947],[-83.703675,9.781418],[-83.704823,9.781379],[-83.70635,9.781529],[-83.707566,9.781631],[-83.70802,9.781677]]]]}},{"type":"Feature","properties":{"id":348,"CLASE":"Finca del Estado","DETALLE":null,"RELAC. ASP":"Dentro de P.N. Tapanti","ITCO_PROP":"SAMUEL MORA CASTILLO","ITCO_SIMB":"SPEA","ITCO_MONTO":"20.386.80","ITCO_OBS":null,"ITCO_FILA":279,"ITCO_JOIN":"Coincidencia por Nº de Parcela"},"geometry":{"type":"MultiPolygon","coordinates":[[[[-83.716688,9.781683],[-83.716189,9.781258],[-83.715984,9.781119],[-83.715671,9.781042],[-83.715369,9.781065],[-83.715028,9.781157],[-83.71488,9.781245],[-83.714629,9.781318],[-83.7143,9.781437],[-83.714025,9.781444],[-83.713641,9.781344],[-83.713266,9.781205],[-83.713022,9.781078],[-83.712875,9.780951],[-83.712666,9.780682],[-83.712399,9.780352],[-83.712296,9.780163],[-83.712641,9.779473],[-83.715407,9.779828],[-83.716631,9.780135],[-83.716475,9.780613],[-83.716541,9.781186],[-83.716688,9.781683]]]]}},{"type":"Feature","properties":{"id":null,"CLASE":"Finca del Estado","DETALLE":"Podría ser parte de 351, 349, 352 o independiente","RELAC. ASP":"Dentro de P.N. Tapanti","ITCO_PROP":null,"ITCO_SIMB":null,"ITCO_MONTO":null,"ITCO_OBS":null,"ITCO_FILA":null,"ITCO_JOIN":null},"geometry":{"type":"MultiPolygon","coordinates":[[[[-83.712208,9.78187],[-83.7095,9.781758],[-83.70802,9.781677],[-83.70879,9.781492],[-83.709245,9.781519],[-83.709597,9.781357],[-83.71002,9.781119],[-83.710339,9.780954],[-83.710662,9.780689],[-83.710885,9.780513],[-83.711389,9.780497],[-83.71159,9.780593],[-83.711772,9.780616],[-83.712027,9.780624],[-83.712182,9.780574],[-83.712208,9.78187]]]]}},{"type":"Feature","properties":{"id":350,"CLASE":"Finca del Estado","DETALLE":null,"RELAC. ASP":"Dentro de P.N. Tapanti","ITCO_PROP":"ISTITUTO DE TIERRAS Y COLONIZACION","ITCO_SIMB":"SGP","ITCO_MONTO":null,"ITCO_OBS":null,"ITCO_FILA":281,"ITCO_JOIN":"Coincidencia por Nº de Parcela"},"geometry":{"type":"MultiPolygon","coordinates":[[[[-83.700649,9.772784],[-83.701605,9.772868],[-83.702813,9.773018],[-83.704261,9.773154],[-83.704175,9.774372],[-83.704084,9.775666],[-83.704033,9.776476],[-83.703893,9.777417],[-83.703792,9.777882],[-83.703698,9.77921],[-83.703648,9.779679],[-83.700364,9.77933],[-83.70028,9.779302],[-83.70023,9.779081],[-83.700649,9.772784]]]]}},{"type":"Feature","properties":{"id":352,"CLASE":"Finca del Estado","DETALLE":null,"RELAC. ASP":"Dentro de P.N. Tapanti","ITCO_PROP":"RAFAEL UREÑA MONGE","ITCO_SIMB":"PENA","ITCO_MONTO":"29.999.95","ITCO_OBS":null,"ITCO_FILA":283,"ITCO_JOIN":"Coincidencia por Nº de Parcela"},"geometry":{"type":"MultiPolygon","coordinates":[[[[-83.704033,9.776476],[-83.712176,9.777356],[-83.712071,9.778663],[-83.712478,9.7792],[-83.712641,9.779473],[-83.712179,9.780398],[-83.712182,9.780574],[-83.712027,9.780624],[-83.711772,9.780616],[-83.71159,9.780593],[-83.711389,9.780497],[-83.710885,9.780513],[-83.709013,9.780294],[-83.703648,9.779679],[-83.703698,9.77921],[-83.703792,9.777882],[-83.703893,9.777417],[-83.704033,9.776476]]]]}},{"type":"Feature","properties":{"id":357,"CLASE":"Finca del Estado","DETALLE":null,"RELAC. ASP":"Dentro de P.N. Tapanti","ITCO_PROP":"JORGE MORA CORDERO","ITCO_SIMB":"NC - EA","ITCO_MONTO":"29.992.70","ITCO_OBS":null,"ITCO_FILA":288,"ITCO_JOIN":"Coincidencia por Nº de Parcela"},"geometry":{"type":"MultiPolygon","coordinates":[[[[-83.712514,9.773305],[-83.712225,9.7731],[-83.711835,9.772757],[-83.711432,9.772538],[-83.711057,9.772461],[-83.710852,9.772353],[-83.710476,9.77213],[-83.710225,9.771888],[-83.7099,9.771665],[-83.709536,9.771526],[-83.70887,9.77143],[-83.708301,9.771141],[-83.707686,9.770918],[-83.707272,9.770633],[-83.706796,9.770307],[-83.706525,9.769991],[-83.706208,9.769668],[-83.705894,9.769369],[-83.705612,9.769],[-83.705233,9.768627],[-83.705001,9.768431],[-83.704702,9.768406],[-83.704934,9.765476],[-83.705038,9.765388],[-83.706728,9.766272],[-83.707595,9.766781],[-83.708047,9.766958],[-83.708618,9.767318],[-83.709003,9.767532],[-83.713428,9.769853],[-83.713329,9.772552],[-83.713047,9.77253],[-83.712669,9.772426],[-83.712573,9.772662],[-83.712514,9.773305]]]]}},{"type":"Feature","properties":{"id":348,"CLASE":"Finca del Estado","DETALLE":null,"RELAC. ASP":"Dentro de P.N. Tapanti","ITCO_PROP":"SAMUEL MORA CASTILLO","ITCO_SIMB":"SPEA","ITCO_MONTO":"20.386.80","ITCO_OBS":null,"ITCO_FILA":279,"ITCO_JOIN":"Coincidencia por Nº de Parcela"},"geometry":{"type":"MultiPolygon","coordinates":[[[[-83.717123,9.770767],[-83.718604,9.771069],[-83.71939,9.771212],[-83.72025,9.771363],[-83.720764,9.771497],[-83.721186,9.771571],[-83.722259,9.771752],[-83.723175,9.771917],[-83.723007,9.772601],[-83.722862,9.772998],[-83.722613,9.773424],[-83.722223,9.77399],[-83.721945,9.774214],[-83.721663,9.774409],[-83.721236,9.774622],[-83.720877,9.774747],[-83.720439,9.774912],[-83.720142,9.775118],[-83.719916,9.775544],[-83.71993,9.775915],[-83.720126,9.776331],[-83.720133,9.776739],[-83.720152,9.776945],[-83.720166,9.777306],[-83.720107,9.777677],[-83.720199,9.778115],[-83.72014,9.778291],[-83.71995,9.778453],[-83.719702,9.778387],[-83.719409,9.778239],[-83.719168,9.778081],[-83.718375,9.777874],[-83.718168,9.777804],[-83.717578,9.777543],[-83.717122,9.777447],[-83.716548,9.7772],[-83.716285,9.777097],[-83.716192,9.776924],[-83.716178,9.776655],[-83.7162,9.776424],[-83.716308,9.775993],[-83.716371,9.775457],[-83.71651,9.774379],[-83.716636,9.773828],[-83.716674,9.773324],[-83.716875,9.772257],[-83.716957,9.7715],[-83.717121,9.770776],[-83.717123,9.770767]]]]}},{"type":"Feature","properties":{"id":345,"CLASE":"Finca del Estado","DETALLE":null,"RELAC. ASP":"Dentro de P.N. Tapanti","ITCO_PROP":"LEONIDAS MARTINEZ MARTINEZ","ITCO_SIMB":"NC","ITCO_MONTO":"73.762.55","ITCO_OBS":null,"ITCO_FILA":276,"ITCO_JOIN":"Coincidencia por Nº de Parcela"},"geometry":{"type":"MultiPolygon","coordinates":[[[[-83.72032,9.771381],[-83.720378,9.770873],[-83.720494,9.770529],[-83.720599,9.77017],[-83.720708,9.76964],[-83.720735,9.769615],[-83.721062,9.769714],[-83.721513,9.7698],[-83.721937,9.769899],[-83.722612,9.770089],[-83.723062,9.770157],[-83.723794,9.770274],[-83.723535,9.770597],[-83.723356,9.770928],[-83.723274,9.771512],[-83.723175,9.771917],[-83.722259,9.771752],[-83.721186,9.771571],[-83.720764,9.771497],[-83.72032,9.771381]]]]}},{"type":"Feature","properties":{"id":343,"CLASE":"Finca del Estado","DETALLE":null,"RELAC. ASP":"Dentro de P.N. Tapanti","ITCO_PROP":"ARTURO CORDERO GUTIERREZ","ITCO_SIMB":"PENA ","ITCO_MONTO":"430.751.55","ITCO_OBS":null,"ITCO_FILA":274,"ITCO_JOIN":"Coincidencia por Nº de Parcela"},"geometry":{"type":"MultiPolygon","coordinates":[[[[-83.71983,9.758661],[-83.719824,9.758715],[-83.718899,9.758641],[-83.717728,9.758574],[-83.717357,9.758507],[-83.716379,9.758352],[-83.715378,9.758234],[-83.714108,9.758091],[-83.714008,9.757762],[-83.713934,9.75746],[-83.71391,9.757326],[-83.713899,9.757],[-83.713853,9.756743],[-83.713768,9.756583],[-83.713648,9.756529],[-83.713194,9.756511],[-83.712867,9.756516],[-83.71268,9.756383],[-83.712523,9.756192],[-83.712338,9.755984],[-83.71224,9.755778],[-83.712173,9.755473],[-83.712029,9.755219],[-83.711909,9.754974],[-83.711807,9.754726],[-83.711598,9.754503],[-83.711475,9.754402],[-83.711305,9.75429],[-83.711205,9.754161],[-83.711036,9.753964],[-83.710849,9.753916],[-83.710732,9.753846],[-83.710601,9.753644],[-83.710384,9.753452],[-83.710107,9.753139],[-83.719211,9.753765],[-83.719124,9.753969],[-83.719073,9.754453],[-83.719082,9.754862],[-83.719092,9.755175],[-83.719157,9.755444],[-83.719267,9.755809],[-83.719397,9.756162],[-83.719559,9.756614],[-83.719621,9.756973],[-83.719677,9.757244],[-83.719686,9.757566],[-83.71969,9.75796],[-83.719784,9.758238],[-83.719825,9.75858],[-83.71983,9.758661]]]]}},{"type":"Feature","properties":{"id":null,"CLASE":"Finca del Estado","DETALLE":null,"RELAC. ASP":"Dentro de P.N. Tapanti","ITCO_PROP":null,"ITCO_SIMB":null,"ITCO_MONTO":null,"ITCO_OBS":null,"ITCO_FILA":null,"ITCO_JOIN":null},"geometry":{"type":"MultiPolygon","coordinates":[[[[-83.719817,9.755022],[-83.719962,9.755039],[-83.720868,9.755159],[-83.722599,9.755341],[-83.72383,9.755426],[-83.725402,9.755551],[-83.727078,9.755683],[-83.728402,9.755806],[-83.731414,9.756078],[-83.732959,9.75619],[-83.733686,9.756272],[-83.733188,9.760146],[-83.73304,9.761241],[-83.732744,9.763326],[-83.732401,9.765596],[-83.73209,9.767908],[-83.731732,9.770304],[-83.731603,9.771715],[-83.731601,9.771714],[-83.730956,9.771618],[-83.729829,9.771463],[-83.729132,9.771219],[-83.727916,9.77102],[-83.727316,9.770916],[-83.726263,9.770687],[-83.7261,9.770474],[-83.726078,9.770246],[-83.726357,9.769665],[-83.726554,9.769353],[-83.726747,9.769055],[-83.727051,9.768618],[-83.727322,9.768015],[-83.727389,9.767426],[-83.727353,9.766558],[-83.727338,9.76611],[-83.72725,9.765749],[-83.72682,9.76558],[-83.726138,9.765314],[-83.725764,9.765097],[-83.725423,9.764792],[-83.725037,9.764446],[-83.724426,9.764144],[-83.723766,9.764117],[-83.723332,9.764069],[-83.722813,9.764135],[-83.722253,9.764219],[-83.721605,9.764362],[-83.721219,9.764281],[-83.721064,9.76406],[-83.721079,9.763685],[-83.721194,9.763321],[-83.72132,9.762975],[-83.721617,9.76256],[-83.721777,9.762155],[-83.721914,9.761788],[-83.721944,9.761347],[-83.721885,9.76092],[-83.721697,9.760567],[-83.721012,9.759941],[-83.720848,9.759761],[-83.720704,9.759485],[-83.7205,9.759268],[-83.720352,9.758981],[-83.720282,9.758668],[-83.72023,9.758227],[-83.720118,9.757784],[-83.720015,9.757307],[-83.719863,9.756727],[-83.719767,9.756303],[-83.719707,9.755851],[-83.719715,9.75559],[-83.719804,9.755095],[-83.719817,9.755022]]]]}},{"type":"Feature","properties":{"id":null,"CLASE":"Finca del Estado","DETALLE":null,"RELAC. ASP":"Dentro de P.N. Tapanti","ITCO_PROP":null,"ITCO_SIMB":null,"ITCO_MONTO":null,"ITCO_OBS":null,"ITCO_FILA":null,"ITCO_JOIN":null},"geometry":{"type":"MultiPolygon","coordinates":[[[[-83.735486,9.743789],[-83.735438,9.744263],[-83.73529,9.745438],[-83.735127,9.746625],[-83.734952,9.74745],[-83.734866,9.74828],[-83.734768,9.749079],[-83.734613,9.750077],[-83.734426,9.751064],[-83.734332,9.752232],[-83.734192,9.752954],[-83.734076,9.753706],[-83.733924,9.754732],[-83.731887,9.754653],[-83.728,9.754366],[-83.725035,9.75416],[-83.724028,9.754172],[-83.724122,9.754073],[-83.724293,9.753935],[-83.724533,9.753628],[-83.724698,9.753363],[-83.724789,9.753192],[-83.724828,9.752814],[-83.724778,9.752535],[-83.724671,9.752366],[-83.724497,9.752162],[-83.724279,9.751853],[-83.723987,9.751666],[-83.723809,9.751419],[-83.723611,9.751249],[-83.723524,9.751121],[-83.723387,9.750864],[-83.72334,9.750724],[-83.723344,9.750559],[-83.723445,9.750378],[-83.723646,9.750187],[-83.723786,9.749979],[-83.723921,9.749803],[-83.724014,9.749768],[-83.724305,9.749765],[-83.724626,9.749792],[-83.724882,9.749807],[-83.725114,9.749842],[-83.72535,9.749877],[-83.72553,9.749892],[-83.725818,9.749916],[-83.726051,9.749962],[-83.726264,9.749947],[-83.726442,9.749885],[-83.726717,9.749744],[-83.726818,9.749571],[-83.726822,9.749409],[-83.726806,9.749248],[-83.726771,9.749131],[-83.726706,9.748914],[-83.726536,9.748622],[-83.726486,9.748461],[-83.72651,9.748316],[-83.726588,9.748156],[-83.726677,9.748071],[-83.726904,9.74788],[-83.727062,9.747743],[-83.727175,9.747664],[-83.727618,9.747489],[-83.727796,9.747413],[-83.728029,9.747288],[-83.728389,9.747248],[-83.728843,9.747194],[-83.729015,9.747225],[-83.729317,9.747325],[-83.729576,9.747412],[-83.729897,9.747487],[-83.730323,9.747494],[-83.730653,9.747542],[-83.730916,9.747554],[-83.731242,9.747572],[-83.731569,9.747584],[-83.731843,9.747495],[-83.732051,9.747367],[-83.732147,9.747297],[-83.732288,9.746999],[-83.732478,9.746687],[-83.732682,9.746522],[-83.733194,9.746029],[-83.733694,9.745677],[-83.734143,9.745357],[-83.734329,9.745022],[-83.73457,9.744449],[-83.734645,9.744305],[-83.734902,9.743857],[-83.735486,9.743789]]]]}},{"type":"Feature","properties":{"id":341,"CLASE":"Finca del Estado","DETALLE":null,"RELAC. ASP":"Dentro de P.N. Tapanti","ITCO_PROP":"LUIS SANABRIA LEON","ITCO_SIMB":"PENA - Num","ITCO_MONTO":"81.516.00","ITCO_OBS":null,"ITCO_FILA":272,"ITCO_JOIN":"Coincidencia por Nº de Parcela"},"geometry":{"type":"MultiPolygon","coordinates":[[[[-83.74457,9.771712],[-83.743854,9.771058],[-83.743026,9.770098],[-83.742175,9.769306],[-83.741502,9.768637],[-83.740535,9.767584],[-83.740526,9.768229],[-83.740387,9.768467],[-83.740301,9.769066],[-83.740137,9.770802],[-83.73966,9.773415],[-83.739363,9.77336],[-83.73837,9.773117],[-83.736798,9.772814],[-83.735753,9.772563],[-83.735219,9.772474],[-83.734226,9.772238],[-83.733744,9.772135],[-83.732765,9.772024],[-83.731603,9.771715],[-83.731732,9.770304],[-83.73209,9.767908],[-83.732401,9.765596],[-83.732744,9.763326],[-83.73304,9.761241],[-83.733188,9.760146],[-83.733686,9.756272],[-83.732959,9.75619],[-83.731414,9.756078],[-83.728402,9.755806],[-83.727078,9.755683],[-83.725402,9.755551],[-83.72383,9.755426],[-83.722599,9.755341],[-83.720868,9.755159],[-83.719962,9.755039],[-83.719817,9.755022],[-83.719843,9.754876],[-83.719929,9.754699],[-83.720053,9.754534],[-83.7202,9.754385],[-83.720382,9.75422],[-83.720545,9.754097],[-83.720738,9.753897],[-83.720994,9.753817],[-83.721192,9.753744],[-83.721561,9.753614],[-83.721803,9.753591],[-83.722053,9.753603],[-83.722218,9.753649],[-83.722421,9.753776],[-83.722667,9.753922],[-83.723036,9.754135],[-83.723235,9.754247],[-83.7234,9.754324],[-83.723562,9.754387],[-83.723779,9.754361],[-83.723954,9.754249],[-83.724028,9.754172],[-83.725035,9.75416],[-83.728,9.754366],[-83.731887,9.754653],[-83.733924,9.754732],[-83.734076,9.753706],[-83.734192,9.752954],[-83.734332,9.752232],[-83.734426,9.751064],[-83.734613,9.750077],[-83.734768,9.749079],[-83.734866,9.74828],[-83.734952,9.74745],[-83.735127,9.746625],[-83.73529,9.745438],[-83.735438,9.744263],[-83.735486,9.743789],[-83.735601,9.74362],[-83.735824,9.74358],[-83.736072,9.74347],[-83.736298,9.743397],[-83.736595,9.743246],[-83.736803,9.743084],[-83.737022,9.742871],[-83.737226,9.74264],[-83.737393,9.742564],[-83.737645,9.742408],[-83.737782,9.742326],[-83.737873,9.742313],[-83.738008,9.742506],[-83.738169,9.742596],[-83.738377,9.742635],[-83.738568,9.742655],[-83.738824,9.742737],[-83.739103,9.742825],[-83.73953,9.742927],[-83.740585,9.742961],[-83.741017,9.743043],[-83.741498,9.743129],[-83.742081,9.743509],[-83.742431,9.74366],[-83.742908,9.743681],[-83.743677,9.743693],[-83.744043,9.743661],[-83.744351,9.743531],[-83.744672,9.743453],[-83.745194,9.743413],[-83.745795,9.743271],[-83.746263,9.743263],[-83.746814,9.743353],[-83.747464,9.743199],[-83.748213,9.743069],[-83.748863,9.742669],[-83.748755,9.743868],[-83.748127,9.748119],[-83.747959,9.749108],[-83.747625,9.751109],[-83.747333,9.752891],[-83.747138,9.754262],[-83.746889,9.756136],[-83.746625,9.757695],[-83.746341,9.759634],[-83.74615,9.76117],[-83.746021,9.762169],[-83.745577,9.765387],[-83.74548,9.766071],[-83.745332,9.767242],[-83.745145,9.768233],[-83.744916,9.770038],[-83.744752,9.771147],[-83.74457,9.771712]]]]}},{"type":"Feature","properties":{"id":335,"CLASE":"Finca del Estado","DETALLE":null,"RELAC. ASP":"Dentro de P.N. Tapanti","ITCO_PROP":"CONSTANTINO UREÑA BERMUDEZ","ITCO_SIMB":"S P G P -EA","ITCO_MONTO":"32.467.44","ITCO_OBS":"PAGADA","ITCO_FILA":266,"ITCO_JOIN":"Coincidencia por Nº de Parcela"},"geometry":{"type":"MultiPolygon","coordinates":[[[[-83.74474,9.771185],[-83.746045,9.771448],[-83.748465,9.771849],[-83.748266,9.773462],[-83.748207,9.774584],[-83.748144,9.776055],[-83.747973,9.777452],[-83.745145,9.777005],[-83.745424,9.775166],[-83.74481,9.775082],[-83.744004,9.774953],[-83.743967,9.774254],[-83.744069,9.773859],[-83.744417,9.773866],[-83.744499,9.77286],[-83.74455,9.772104],[-83.74457,9.771712],[-83.74474,9.771185]]]]}},{"type":"Feature","properties":{"id":338,"CLASE":"Finca del Estado","DETALLE":null,"RELAC. ASP":"Dentro de P.N. Tapanti","ITCO_PROP":"RAUL DIAZ CORDERO Y JOSE RAF. SOLORZANO","ITCO_SIMB":"S P G P ","ITCO_MONTO":null,"ITCO_OBS":null,"ITCO_FILA":269,"ITCO_JOIN":"Coincidencia por Nº de Parcela"},"geometry":{"type":"MultiPolygon","coordinates":[[[[-83.73966,9.773415],[-83.740137,9.770802],[-83.740301,9.769066],[-83.740387,9.768467],[-83.740526,9.768229],[-83.740535,9.767584],[-83.741502,9.768637],[-83.742175,9.769306],[-83.743026,9.770098],[-83.743854,9.771058],[-83.74457,9.771712],[-83.74455,9.772104],[-83.744499,9.77286],[-83.744417,9.773866],[-83.744069,9.773859],[-83.743967,9.774254],[-83.743293,9.774113],[-83.742707,9.773966],[-83.741743,9.773781],[-83.740794,9.773641],[-83.739919,9.773464],[-83.73966,9.773415]]]]}},{"type":"Feature","properties":{"id":353,"CLASE":"Finca del Estado","DETALLE":null,"RELAC. ASP":"Dentro de P.N. Tapanti","ITCO_PROP":"CLEMENTINA DIAZ PEREIRA","ITCO_SIMB":"PENA - Num","ITCO_MONTO":null,"ITCO_OBS":null,"ITCO_FILA":284,"ITCO_JOIN":"Coincidencia por Nº de Parcela"},"geometry":{"type":"MultiPolygon","coordinates":[[[[-83.712176,9.777356],[-83.704033,9.776476],[-83.704084,9.775666],[-83.704175,9.774372],[-83.704261,9.773154],[-83.704996,9.773247],[-83.706166,9.773405],[-83.707617,9.773583],[-83.708492,9.773703],[-83.710072,9.773908],[-83.711102,9.774005],[-83.712435,9.774169],[-83.712423,9.774294],[-83.712176,9.777356]]]]}},{"type":"Feature","properties":{"id":296,"CLASE":"Finca del Estado","DETALLE":null,"RELAC. ASP":"Parcialmente dentro del P.N. Tapanti","ITCO_PROP":"LUIS BARAHONA JIMENEZ","ITCO_SIMB":"C E N A ","ITCO_MONTO":null,"ITCO_OBS":null,"ITCO_FILA":239,"ITCO_JOIN":"Coincidencia por Nº de Parcela"},"geometry":{"type":"MultiPolygon","coordinates":[[[[-83.798892,9.745552],[-83.799758,9.745641],[-83.800486,9.74578],[-83.801742,9.745948],[-83.806124,9.754422],[-83.801365,9.763606],[-83.794407,9.763447],[-83.794673,9.759629],[-83.795071,9.754497],[-83.79546,9.74988],[-83.795791,9.746323],[-83.795915,9.745344],[-83.798892,9.745552]]]]}},{"type":"Feature","properties":{"id":293,"CLASE":"Finca del Estado","DETALLE":"Miguel Martinez","RELAC. ASP":"Parcialmente dentro del P.N. Tapanti","ITCO_PROP":"MIGUEL MARTINEZ","ITCO_SIMB":"C E N A ","ITCO_MONTO":null,"ITCO_OBS":null,"ITCO_FILA":236,"ITCO_JOIN":"Coincidencia por Nº de Parcela"},"geometry":{"type":"MultiPolygon","coordinates":[[[[-83.799716,9.739177],[-83.799906,9.739166],[-83.800072,9.739181],[-83.800351,9.739216],[-83.800482,9.739178],[-83.800722,9.739193],[-83.800982,9.739159],[-83.801168,9.739028],[-83.801361,9.739044],[-83.80157,9.739155],[-83.801752,9.739198],[-83.801901,9.73918],[-83.802372,9.739125],[-83.802763,9.739014],[-83.80341,9.738857],[-83.804048,9.738688],[-83.804567,9.738612],[-83.804727,9.738545],[-83.807688,9.737878],[-83.807901,9.737884],[-83.808141,9.737796],[-83.808346,9.737769],[-83.808466,9.737946],[-83.808571,9.738172],[-83.808772,9.738334],[-83.808962,9.738426],[-83.809016,9.738433],[-83.808994,9.738546],[-83.809093,9.738873],[-83.808969,9.739232],[-83.808936,9.73977],[-83.809051,9.74026],[-83.809067,9.740586],[-83.809108,9.740912],[-83.802156,9.746747],[-83.801742,9.745948],[-83.800486,9.74578],[-83.799758,9.745641],[-83.798892,9.745552],[-83.798668,9.745111],[-83.798553,9.744711],[-83.798506,9.744505],[-83.798354,9.743703],[-83.798252,9.743118],[-83.798199,9.74293],[-83.798086,9.742588],[-83.797967,9.742329],[-83.797936,9.741992],[-83.798146,9.741866],[-83.798461,9.74169],[-83.798825,9.741521],[-83.79908,9.741301],[-83.799388,9.741161],[-83.799511,9.741177],[-83.799855,9.741287],[-83.800054,9.741432],[-83.800157,9.741445],[-83.800237,9.741426],[-83.800377,9.74119],[-83.800435,9.740904],[-83.80032,9.740578],[-83.799999,9.73999],[-83.799613,9.739231],[-83.799606,9.73922],[-83.799716,9.739177]]]]}},{"type":"Feature","properties":{"id":292,"CLASE":"Finca del Estado","DETALLE":"Jimenez Meza","RELAC. ASP":"Dentro de P.N. Tapanti","ITCO_PROP":"ELIECER ARCE GOMEZ","ITCO_SIMB":"P E N A  -Nm","ITCO_MONTO":null,"ITCO_OBS":null,"ITCO_FILA":235,"ITCO_JOIN":"Coincidencia por Nº de Parcela"},"geometry":{"type":"MultiPolygon","coordinates":[[[[-83.808346,9.737769],[-83.808378,9.737435],[-83.808343,9.736943],[-83.808285,9.736594],[-83.808181,9.736102],[-83.808112,9.735564],[-83.808019,9.73508],[-83.807949,9.7349],[-83.807764,9.734665],[-83.807531,9.734354],[-83.807505,9.734066],[-83.807497,9.733812],[-83.807373,9.733378],[-83.807346,9.732921],[-83.807238,9.732341],[-83.807196,9.731773],[-83.807169,9.73122],[-83.807146,9.731093],[-83.806945,9.730774],[-83.806694,9.730494],[-83.806535,9.730171],[-83.806431,9.72956],[-83.806385,9.728899],[-83.806417,9.728617],[-83.807017,9.728621],[-83.807905,9.728546],[-83.809196,9.728404],[-83.809967,9.728374],[-83.809974,9.728429],[-83.809772,9.728794],[-83.809677,9.729133],[-83.80965,9.729471],[-83.809633,9.729949],[-83.809641,9.730297],[-83.809673,9.73062],[-83.809741,9.730857],[-83.809868,9.731126],[-83.809957,9.731454],[-83.810071,9.731663],[-83.81018,9.731819],[-83.810237,9.732059],[-83.810183,9.732269],[-83.810118,9.732603],[-83.810024,9.732742],[-83.809966,9.732785],[-83.809847,9.732829],[-83.809662,9.732993],[-83.809593,9.733061],[-83.809549,9.733131],[-83.809531,9.733244],[-83.809543,9.733391],[-83.809589,9.733526],[-83.809701,9.733682],[-83.80983,9.733777],[-83.809981,9.733881],[-83.810051,9.734048],[-83.810103,9.73421],[-83.810155,9.734407],[-83.810185,9.734617],[-83.810296,9.734941],[-83.810295,9.735496],[-83.810287,9.736165],[-83.810171,9.736515],[-83.809916,9.736776],[-83.809587,9.737054],[-83.809233,9.737706],[-83.809044,9.738285],[-83.809016,9.738433],[-83.808962,9.738426],[-83.808772,9.738334],[-83.808571,9.738172],[-83.808466,9.737946],[-83.808346,9.737769]]]]}},{"type":"Feature","properties":{"id":296,"CLASE":"Finca del Estado","DETALLE":"Luis Barahona Jiménez","RELAC. ASP":"Dentro de P.N. Tapanti","ITCO_PROP":"LUIS BARAHONA JIMENEZ","ITCO_SIMB":"C E N A ","ITCO_MONTO":null,"ITCO_OBS":null,"ITCO_FILA":239,"ITCO_JOIN":"Coincidencia por Nº de Parcela"},"geometry":{"type":"MultiPolygon","coordinates":[[[[-83.796763,9.733464],[-83.797005,9.733438],[-83.797714,9.733507],[-83.798418,9.733584],[-83.798774,9.734007],[-83.799153,9.734687],[-83.799521,9.73536],[-83.799977,9.736082],[-83.800352,9.736616],[-83.800627,9.737169],[-83.801107,9.737918],[-83.801578,9.738656],[-83.80183,9.739067],[-83.801901,9.73918],[-83.801752,9.739198],[-83.80157,9.739155],[-83.801361,9.739044],[-83.801168,9.739028],[-83.800982,9.739159],[-83.800722,9.739193],[-83.800482,9.739178],[-83.800351,9.739216],[-83.800072,9.739181],[-83.799906,9.739166],[-83.799716,9.739177],[-83.799606,9.73922],[-83.799227,9.738652],[-83.798938,9.738185],[-83.798786,9.73793],[-83.798531,9.737572],[-83.798278,9.737054],[-83.797989,9.736648],[-83.797792,9.736236],[-83.79767,9.736024],[-83.797461,9.735793],[-83.797354,9.735569],[-83.797192,9.73521],[-83.797083,9.734637],[-83.796841,9.73391],[-83.796763,9.733464]]]]}},{"type":"Feature","properties":{"id":126,"CLASE":"Finca del Estado","DETALLE":null,"RELAC. ASP":"Dentro de P.N. Tapanti","ITCO_PROP":"JUAN DE DIOS RIVERA GOMEZ","ITCO_SIMB":"E.A.-N.C.","ITCO_MONTO":"*33.800.05","ITCO_OBS":null,"ITCO_FILA":78,"ITCO_JOIN":"Coincidencia por Nº de Parcela"},"geometry":{"type":"MultiPolygon","coordinates":[[[[-83.923859,9.717108],[-83.923953,9.716429],[-83.923992,9.715768],[-83.924046,9.715177],[-83.924167,9.714581],[-83.924298,9.713978],[-83.924356,9.713736],[-83.924399,9.713003],[-83.924492,9.7121],[-83.924566,9.711563],[-83.92474,9.710491],[-83.924845,9.709512],[-83.924927,9.70908],[-83.924939,9.709082],[-83.928212,9.709556],[-83.928105,9.710518],[-83.928059,9.710898],[-83.927961,9.71151],[-83.927915,9.712019],[-83.927656,9.71299],[-83.927574,9.713818],[-83.927512,9.714944],[-83.927421,9.715589],[-83.927289,9.716176],[-83.927223,9.716792],[-83.927153,9.717563],[-83.926278,9.717424],[-83.925472,9.71733],[-83.924259,9.717175],[-83.923859,9.717108]]]]}},{"type":"Feature","properties":{"id":129,"CLASE":"Finca del Estado","DETALLE":null,"RELAC. ASP":"Dentro de P.N. Tapanti","ITCO_PROP":"RODRIGO ARAGON GOMEZ","ITCO_SIMB":"NC - EA","ITCO_MONTO":"*33.952.50","ITCO_OBS":null,"ITCO_FILA":81,"ITCO_JOIN":"Coincidencia por Nº de Parcela"},"geometry":{"type":"MultiPolygon","coordinates":[[[[-83.918695,9.716347],[-83.918061,9.716247],[-83.917504,9.716122],[-83.916918,9.716101],[-83.916982,9.71567],[-83.917005,9.715244],[-83.917056,9.713854],[-83.917115,9.712241],[-83.917221,9.711069],[-83.917303,9.710082],[-83.917377,9.709072],[-83.917493,9.706925],[-83.919708,9.707287],[-83.919653,9.708224],[-83.919537,9.709814],[-83.919226,9.711627],[-83.919164,9.712817],[-83.919079,9.71367],[-83.918916,9.715083],[-83.918695,9.716347]]]]}},{"type":"Feature","properties":{"id":128,"CLASE":"Finca del Estado","DETALLE":null,"RELAC. ASP":"Dentro de P.N. Tapanti","ITCO_PROP":"REINALDO ARAGON GOMEZ","ITCO_SIMB":"NC - EA","ITCO_MONTO":"*33.640.35","ITCO_OBS":null,"ITCO_FILA":80,"ITCO_JOIN":"Coincidencia por Nº de Parcela"},"geometry":{"type":"MultiPolygon","coordinates":[[[[-83.92092,9.716742],[-83.918695,9.716347],[-83.918916,9.715083],[-83.919079,9.71367],[-83.919164,9.712817],[-83.919226,9.711627],[-83.919537,9.709814],[-83.919653,9.708224],[-83.919708,9.707287],[-83.917493,9.706925],[-83.91755,9.706063],[-83.921305,9.706601],[-83.921798,9.708657],[-83.921985,9.708682],[-83.92195,9.708981],[-83.921825,9.710602],[-83.921624,9.712284],[-83.921352,9.713989],[-83.921181,9.715725],[-83.92092,9.716742]]]]}},{"type":"Feature","properties":{"id":127,"CLASE":"Finca del Estado","DETALLE":null,"RELAC. ASP":"Dentro de P.N. Tapanti","ITCO_PROP":"BOLIVAR GOMEZ CORDOBA","ITCO_SIMB":"(S.I.-N-C)","ITCO_MONTO":null,"ITCO_OBS":null,"ITCO_FILA":79,"ITCO_JOIN":"Coincidencia por Nº de Parcela"},"geometry":{"type":"MultiPolygon","coordinates":[[[[-83.924927,9.70908],[-83.924845,9.709512],[-83.92474,9.710491],[-83.924566,9.711563],[-83.924492,9.7121],[-83.924399,9.713003],[-83.924356,9.713736],[-83.924298,9.713978],[-83.924167,9.714581],[-83.924046,9.715177],[-83.923992,9.715768],[-83.923953,9.716429],[-83.923859,9.717108],[-83.92333,9.71702],[-83.922474,9.716901],[-83.921381,9.716799],[-83.92092,9.716742],[-83.921181,9.715725],[-83.921352,9.713989],[-83.921624,9.712284],[-83.921825,9.710602],[-83.92195,9.708981],[-83.921985,9.708682],[-83.924927,9.70908]]]]}},{"type":"Feature","properties":{"id":189,"CLASE":"Finca del Estado","DETALLE":"Puesto La Esperanza","RELAC. ASP":"Dentro de P.N. Tapanti","ITCO_PROP":"ERNESTO RAMIREZ PIEDRA ","ITCO_SIMB":"(P E N A ) ","ITCO_MONTO":null,"ITCO_OBS":null,"ITCO_FILA":140,"ITCO_JOIN":"Coincidencia por Nº de Parcela"},"geometry":{"type":"MultiPolygon","coordinates":[[[[-83.857126,9.693285],[-83.857216,9.692161],[-83.857253,9.691053],[-83.857302,9.690131],[-83.857467,9.689274],[-83.857582,9.688291],[-83.857659,9.687377],[-83.857745,9.68624],[-83.85786,9.685061],[-83.857974,9.684001],[-83.858141,9.682682],[-83.858254,9.681286],[-83.858309,9.680138],[-83.85852,9.67873],[-83.858701,9.67738],[-83.858849,9.675715],[-83.859022,9.674194],[-83.859171,9.672961],[-83.859233,9.671995],[-83.859236,9.671653],[-83.859428,9.67154],[-83.860168,9.671067],[-83.86081,9.670741],[-83.861599,9.670431],[-83.862192,9.670023],[-83.86331,9.669795],[-83.864132,9.669861],[-83.864625,9.670269],[-83.864707,9.671167],[-83.865167,9.671607],[-83.865677,9.671966],[-83.866121,9.672162],[-83.86691,9.672864],[-83.867305,9.67337],[-83.867732,9.674219],[-83.867731,9.674921],[-83.867937,9.676038],[-83.86778,9.67727],[-83.867598,9.678853],[-83.867376,9.680493],[-83.86721,9.682516],[-83.867112,9.683193],[-83.866988,9.68383],[-83.866782,9.686032],[-83.866641,9.687183],[-83.866567,9.687868],[-83.868392,9.68804],[-83.868836,9.688448],[-83.869321,9.688995],[-83.869568,9.68897],[-83.869971,9.688644],[-83.870571,9.688139],[-83.870892,9.68791],[-83.871603,9.688228],[-83.871764,9.688086],[-83.87206,9.687817],[-83.872455,9.687426],[-83.872817,9.68714],[-83.873179,9.686708],[-83.873483,9.686431],[-83.873672,9.686276],[-83.874059,9.686153],[-83.874511,9.686113],[-83.874988,9.686031],[-83.875456,9.686105],[-83.875571,9.686888],[-83.875579,9.687916],[-83.875587,9.688446],[-83.876319,9.688973],[-83.876339,9.689365],[-83.876207,9.690013],[-83.876108,9.691017],[-83.876063,9.691812],[-83.875869,9.692612],[-83.87575,9.693301],[-83.875618,9.694068],[-83.87561,9.694512],[-83.875404,9.695557],[-83.874873,9.695626],[-83.873788,9.69547],[-83.873114,9.695364],[-83.872526,9.69518],[-83.871268,9.695119],[-83.870729,9.695098],[-83.869853,9.694963],[-83.869224,9.694902],[-83.868431,9.694779],[-83.867576,9.694738],[-83.866803,9.694595],[-83.865997,9.694501],[-83.864505,9.694308],[-83.863888,9.694247],[-83.863222,9.694177],[-83.861997,9.693977],[-83.86129,9.693875],[-83.860582,9.693785],[-83.85888,9.693621],[-83.858075,9.693494],[-83.857256,9.693379],[-83.857126,9.693285]]]]}},{"type":"Feature","properties":{"id":224,"CLASE":"Finca del Estado","DETALLE":null,"RELAC. ASP":"Parcialmente dentro del P.N. Tapanti","ITCO_PROP":"OCTAVIO CECILIANO CALDERON","ITCO_SIMB":"N C ","ITCO_MONTO":null,"ITCO_OBS":"COMPRADA A ESPIRIDION","ITCO_FILA":174,"ITCO_JOIN":"Coincidencia por Nº de Parcela"},"geometry":{"type":"MultiPolygon","coordinates":[[[[-83.775141,9.603867],[-83.774725,9.604592],[-83.775091,9.60681],[-83.773742,9.607545],[-83.770396,9.607306],[-83.771121,9.604337],[-83.771911,9.604231],[-83.775141,9.603867]]]]}},{"type":"Feature","properties":{"id":223,"CLASE":"Finca del Estado","DETALLE":null,"RELAC. ASP":"Parcialmente dentro del P.N. Tapanti","ITCO_PROP":"JOSE CECILIANO CALDERON ","ITCO_SIMB":"N C ","ITCO_MONTO":null,"ITCO_OBS":null,"ITCO_FILA":173,"ITCO_JOIN":"Coincidencia por Nº de Parcela"},"geometry":{"type":"MultiPolygon","coordinates":[[[[-83.778902,9.603354],[-83.778927,9.603998],[-83.778922,9.605151],[-83.778985,9.60552],[-83.778815,9.605582],[-83.775148,9.606779],[-83.775091,9.60681],[-83.774725,9.604592],[-83.775141,9.603867],[-83.778902,9.603354]]]]}},{"type":"Feature","properties":{"id":222,"CLASE":"Finca del Estado","DETALLE":null,"RELAC. ASP":"Parcialmente dentro del P.N. Tapanti","ITCO_PROP":"MANUEL CECILIANO CALDERON ","ITCO_SIMB":"N C ","ITCO_MONTO":null,"ITCO_OBS":null,"ITCO_FILA":172,"ITCO_JOIN":"Coincidencia por Nº de Parcela"},"geometry":{"type":"MultiPolygon","coordinates":[[[[-83.782389,9.602844],[-83.782379,9.605135],[-83.781673,9.604748],[-83.781356,9.604645],[-83.780649,9.604914],[-83.778985,9.60552],[-83.778922,9.605151],[-83.778927,9.603998],[-83.778902,9.603354],[-83.782389,9.602844]]]]}},{"type":"Feature","properties":{"id":221,"CLASE":"Finca del Estado","DETALLE":null,"RELAC. ASP":"Parcialmente dentro del P.N. Tapanti","ITCO_PROP":"CARMEN CECILIA CALDERON ","ITCO_SIMB":"N C ","ITCO_MONTO":null,"ITCO_OBS":null,"ITCO_FILA":171,"ITCO_JOIN":"Coincidencia por Nº de Parcela"},"geometry":{"type":"MultiPolygon","coordinates":[[[[-83.787684,9.602219],[-83.788868,9.603048],[-83.788577,9.605577],[-83.786285,9.604277],[-83.786133,9.604281],[-83.785816,9.604461],[-83.783657,9.605634],[-83.783485,9.605675],[-83.783012,9.605483],[-83.782379,9.605135],[-83.782389,9.602844],[-83.787684,9.602219]]]]}},{"type":"Feature","properties":{"id":220,"CLASE":"Finca del Estado","DETALLE":null,"RELAC. ASP":"Dentro de P.N. Tapanti","ITCO_PROP":"SANTANA BARAHONA ARAYA","ITCO_SIMB":"N C ","ITCO_MONTO":null,"ITCO_OBS":null,"ITCO_FILA":170,"ITCO_JOIN":"Coincidencia por Nº de Parcela"},"geometry":{"type":"MultiPolygon","coordinates":[[[[-83.804109,9.615317],[-83.804056,9.615691],[-83.803984,9.616998],[-83.803811,9.618338],[-83.803696,9.619631],[-83.803629,9.620649],[-83.803545,9.621231],[-83.80352,9.621847],[-83.803441,9.62234],[-83.803354,9.623067],[-83.802935,9.623001],[-83.801965,9.62289],[-83.800321,9.622718],[-83.799425,9.622558],[-83.79843,9.622407],[-83.797423,9.622296],[-83.79654,9.622247],[-83.795972,9.622234],[-83.795413,9.622148],[-83.794846,9.62203],[-83.79453,9.621895],[-83.794419,9.621715],[-83.794489,9.620846],[-83.794642,9.619051],[-83.794751,9.616914],[-83.794858,9.616404],[-83.794912,9.615262],[-83.794978,9.61456],[-83.79501,9.61418],[-83.795386,9.614228],[-83.795836,9.614299],[-83.796187,9.614342],[-83.796385,9.614392],[-83.796597,9.614453],[-83.797125,9.614498],[-83.797731,9.614575],[-83.798256,9.614629],[-83.798809,9.614675],[-83.799546,9.614758],[-83.800188,9.61481],[-83.800799,9.614894],[-83.801364,9.615029],[-83.802054,9.615089],[-83.802893,9.615186],[-83.804007,9.615298],[-83.804109,9.615317]]]]}},{"type":"Feature","properties":{"id":208,"CLASE":"Finca del Estado","DETALLE":null,"RELAC. ASP":"Dentro de P.N. Tapanti","ITCO_PROP":"VICTOR VASQUEZ CORDERO","ITCO_SIMB":"P E N A ","ITCO_MONTO":"60.000.00","ITCO_OBS":null,"ITCO_FILA":159,"ITCO_JOIN":"Coincidencia por Nº de Parcela"},"geometry":{"type":"MultiPolygon","coordinates":[[[[-83.83081,9.636645],[-83.830965,9.636509],[-83.83117,9.636277],[-83.831352,9.636031],[-83.831509,9.635799],[-83.831767,9.635576],[-83.831896,9.635453],[-83.831967,9.635231],[-83.83217,9.634999],[-83.832323,9.634876],[-83.832455,9.634648],[-83.832636,9.634402],[-83.832729,9.634277],[-83.83302,9.633993],[-83.833204,9.633713],[-83.833414,9.63347],[-83.833675,9.633122],[-83.83388,9.632923],[-83.834061,9.632632],[-83.834376,9.632334],[-83.834541,9.632049],[-83.83468,9.631853],[-83.834928,9.631593],[-83.835207,9.631216],[-83.835594,9.630726],[-83.835892,9.63036],[-83.836119,9.630042],[-83.836473,9.629635],[-83.836795,9.629193],[-83.836976,9.628977],[-83.837083,9.629266],[-83.837576,9.629683],[-83.837913,9.629903],[-83.83843,9.63005],[-83.838899,9.630128],[-83.839298,9.630271],[-83.839635,9.630589],[-83.839729,9.630814],[-83.839766,9.631124],[-83.839762,9.631434],[-83.839716,9.631633],[-83.839613,9.631907],[-83.83949,9.632184],[-83.83942,9.632514],[-83.839457,9.6328],[-83.839634,9.633],[-83.839917,9.633212],[-83.840213,9.633363],[-83.840488,9.633372],[-83.840363,9.633569],[-83.840182,9.633824],[-83.839713,9.634285],[-83.839423,9.634597],[-83.839211,9.634915],[-83.838981,9.635062],[-83.838753,9.63541],[-83.838549,9.635541],[-83.838325,9.635798],[-83.837986,9.636155],[-83.837696,9.636542],[-83.837414,9.636821],[-83.836809,9.637567],[-83.836447,9.63791],[-83.836275,9.638118],[-83.836073,9.638387],[-83.835678,9.638742],[-83.835532,9.638995],[-83.835378,9.639186],[-83.835107,9.639455],[-83.834897,9.639667],[-83.834743,9.639822],[-83.83466,9.639932],[-83.834535,9.640122],[-83.834356,9.640302],[-83.834282,9.640291],[-83.834081,9.640161],[-83.833855,9.639873],[-83.833452,9.639528],[-83.833096,9.639191],[-83.832885,9.63893],[-83.83263,9.638753],[-83.832197,9.638344],[-83.831893,9.638073],[-83.831691,9.637816],[-83.831416,9.637624],[-83.831217,9.637391],[-83.831005,9.637253],[-83.830841,9.637087],[-83.830701,9.636867],[-83.83081,9.636645]]]]}},{"type":"Feature","properties":{"id":209,"CLASE":"Finca del Estado","DETALLE":null,"RELAC. ASP":"Dentro de P.N. Tapanti","ITCO_PROP":"ARACELLY QUESADA CORDOBA","ITCO_SIMB":"( C E N A )","ITCO_MONTO":"128.096.05","ITCO_OBS":null,"ITCO_FILA":160,"ITCO_JOIN":"Coincidencia por Nº de Parcela"},"geometry":{"type":"MultiPolygon","coordinates":[[[[-83.826513,9.630797],[-83.826618,9.630514],[-83.826847,9.630196],[-83.827186,9.629747],[-83.827592,9.629236],[-83.827845,9.628795],[-83.828318,9.628161],[-83.828762,9.627479],[-83.829111,9.626968],[-83.829402,9.626499],[-83.830018,9.625685],[-83.830529,9.625003],[-83.831088,9.624194],[-83.831451,9.623616],[-83.831766,9.623219],[-83.832212,9.622547],[-83.832227,9.622562],[-83.832704,9.622962],[-83.83332,9.623533],[-83.833616,9.623696],[-83.83406,9.623917],[-83.834643,9.624064],[-83.835112,9.624154],[-83.835786,9.624375],[-83.836838,9.625232],[-83.837183,9.625477],[-83.837528,9.625591],[-83.837947,9.625697],[-83.838457,9.625852],[-83.838679,9.626008],[-83.838736,9.626367],[-83.838572,9.626815],[-83.838391,9.627109],[-83.83807,9.627468],[-83.83786,9.627663],[-83.837523,9.627981],[-83.837256,9.628471],[-83.836976,9.628977],[-83.836795,9.629193],[-83.836473,9.629635],[-83.836119,9.630042],[-83.835892,9.63036],[-83.835594,9.630726],[-83.835207,9.631216],[-83.834928,9.631593],[-83.83468,9.631853],[-83.834541,9.632049],[-83.834376,9.632334],[-83.834061,9.632632],[-83.83388,9.632923],[-83.833675,9.633122],[-83.833414,9.63347],[-83.833204,9.633713],[-83.83302,9.633993],[-83.832729,9.634277],[-83.832636,9.634402],[-83.832455,9.634648],[-83.832323,9.634876],[-83.83217,9.634999],[-83.831967,9.635231],[-83.831896,9.635453],[-83.831767,9.635576],[-83.831509,9.635799],[-83.831352,9.636031],[-83.83117,9.636277],[-83.830965,9.636509],[-83.83081,9.636645],[-83.830658,9.636386],[-83.83042,9.636135],[-83.830141,9.635694],[-83.829875,9.635418],[-83.829719,9.63511],[-83.829559,9.634921],[-83.828925,9.634106],[-83.828469,9.633474],[-83.82717,9.631596],[-83.82704,9.631401],[-83.826887,9.631179],[-83.826513,9.630797]]]]}},{"type":"Feature","properties":{"id":212,"CLASE":"Finca del Estado","DETALLE":null,"RELAC. ASP":"Dentro de P.N. Tapanti","ITCO_PROP":"GREGRORIO FONSECA HERNANDEZ","ITCO_SIMB":"S P E A ","ITCO_MONTO":"32.759.35","ITCO_OBS":null,"ITCO_FILA":163,"ITCO_JOIN":"Coincidencia por Nº de Parcela"},"geometry":{"type":"MultiPolygon","coordinates":[[[[-83.828431,9.618313],[-83.828068,9.618465],[-83.827786,9.618659],[-83.827485,9.618772],[-83.827147,9.618753],[-83.826655,9.618715],[-83.826401,9.618859],[-83.826107,9.619045],[-83.825754,9.619363],[-83.825469,9.619574],[-83.825071,9.619833],[-83.824668,9.6202],[-83.824359,9.620429],[-83.824038,9.620629],[-83.823662,9.620947],[-83.823466,9.621091],[-83.823045,9.621383],[-83.822805,9.621598],[-83.822689,9.621706],[-83.822485,9.621805],[-83.822353,9.621837],[-83.821938,9.621726],[-83.821326,9.621583],[-83.820939,9.621485],[-83.820512,9.621326],[-83.82043,9.621244],[-83.820664,9.620963],[-83.821022,9.620567],[-83.821339,9.620213],[-83.821783,9.619768],[-83.82217,9.619381],[-83.822597,9.618953],[-83.823369,9.618107],[-83.823584,9.617905],[-83.823933,9.617544],[-83.824123,9.617356],[-83.824307,9.617127],[-83.824568,9.616857],[-83.828431,9.618313]]]]}},{"type":"Feature","properties":{"id":210,"CLASE":"Finca del Estado","DETALLE":null,"RELAC. ASP":"Dentro de P.N. Tapanti","ITCO_PROP":"ELIAS GUILLEN QUESADA ","ITCO_SIMB":"C E N A ","ITCO_MONTO":"44.962.50","ITCO_OBS":null,"ITCO_FILA":161,"ITCO_JOIN":"Coincidencia por Nº de Parcela"},"geometry":{"type":"MultiPolygon","coordinates":[[[[-83.828341,9.628126],[-83.828022,9.627762],[-83.827782,9.627433],[-83.827513,9.627015],[-83.827309,9.626739],[-83.827064,9.626299],[-83.826917,9.626066],[-83.8267,9.625843],[-83.826507,9.625473],[-83.82633,9.625214],[-83.826059,9.624882],[-83.825918,9.624638],[-83.825552,9.624152],[-83.825322,9.623755],[-83.82512,9.623383],[-83.825275,9.623286],[-83.825585,9.623038],[-83.825688,9.622917],[-83.826008,9.622749],[-83.82628,9.622572],[-83.826669,9.622248],[-83.827048,9.622082],[-83.827261,9.621879],[-83.827697,9.621578],[-83.828017,9.621379],[-83.828392,9.621152],[-83.828721,9.620906],[-83.829079,9.62066],[-83.82975,9.620218],[-83.830084,9.620021],[-83.831544,9.619071],[-83.831563,9.619163],[-83.831538,9.619616],[-83.831406,9.619926],[-83.831143,9.620358],[-83.831044,9.620733],[-83.831027,9.62119],[-83.83129,9.621598],[-83.831742,9.62208],[-83.832212,9.622547],[-83.831766,9.623219],[-83.831451,9.623616],[-83.831088,9.624194],[-83.830529,9.625003],[-83.830018,9.625685],[-83.829402,9.626499],[-83.829111,9.626968],[-83.828762,9.627479],[-83.828341,9.628126]]]]}},{"type":"Feature","properties":{"id":217,"CLASE":"Finca del Estado","DETALLE":null,"RELAC. ASP":"Dentro de P.N. Tapanti","ITCO_PROP":"HIGINIO AGUILAR SANCHEZ","ITCO_SIMB":"N C ","ITCO_MONTO":null,"ITCO_OBS":null,"ITCO_FILA":167,"ITCO_JOIN":"Coincidencia por Nº de Parcela"},"geometry":{"type":"MultiPolygon","coordinates":[[[[-83.8138,9.615424],[-83.813718,9.618191],[-83.813765,9.619234],[-83.813723,9.620029],[-83.81371,9.620694],[-83.813603,9.620723],[-83.80942,9.619219],[-83.807525,9.618598],[-83.807562,9.61835],[-83.807849,9.617663],[-83.808317,9.616707],[-83.808656,9.616049],[-83.808928,9.615362],[-83.809148,9.614813],[-83.809649,9.614989],[-83.810312,9.615193],[-83.810942,9.615472],[-83.811476,9.615638],[-83.812216,9.615677],[-83.812731,9.61554],[-83.813275,9.615512],[-83.813791,9.615427],[-83.8138,9.615424]]]]}},{"type":"Feature","properties":{"id":216,"CLASE":"Finca del Estado","DETALLE":null,"RELAC. ASP":"Fuera de P.N. Tapanti","ITCO_PROP":"HIGINIO AGUILAR SANCHEZ","ITCO_SIMB":"N C ","ITCO_MONTO":null,"ITCO_OBS":null,"ITCO_FILA":166,"ITCO_JOIN":"Coincidencia por Nº de Parcela"},"geometry":{"type":"MultiPolygon","coordinates":[[[[-83.821097,9.616772],[-83.821067,9.616628],[-83.820853,9.616368],[-83.819879,9.616197],[-83.819216,9.615946],[-83.818739,9.615723],[-83.818176,9.615519],[-83.817188,9.615438],[-83.816792,9.61539],[-83.816148,9.615347],[-83.81558,9.6153],[-83.814449,9.615233],[-83.813791,9.615427],[-83.813275,9.615512],[-83.812731,9.61554],[-83.812216,9.615677],[-83.811476,9.615638],[-83.810942,9.615472],[-83.810312,9.615193],[-83.809649,9.614989],[-83.809148,9.614813],[-83.808728,9.614633],[-83.807507,9.61414],[-83.806998,9.613967],[-83.806745,9.613815],[-83.806411,9.613625],[-83.806242,9.613521],[-83.806044,9.613374],[-83.806042,9.612692],[-83.806128,9.612335],[-83.806173,9.611954],[-83.806178,9.611582],[-83.806226,9.611028],[-83.806313,9.610386],[-83.8065,9.609666],[-83.811251,9.611675],[-83.818566,9.614453],[-83.82307,9.616283],[-83.821936,9.616805],[-83.821097,9.616772]]]]}},{"type":"Feature","properties":{"id":214,"CLASE":"Finca del Estado","DETALLE":null,"RELAC. ASP":"Dentro de P.N. Tapanti","ITCO_PROP":"HIGINIO ZUÑIGA CALDERON ","ITCO_SIMB":"N C ","ITCO_MONTO":null,"ITCO_OBS":null,"ITCO_FILA":165,"ITCO_JOIN":"Coincidencia por Nº de Parcela"},"geometry":{"type":"MultiPolygon","coordinates":[[[[-83.813718,9.618191],[-83.8138,9.615424],[-83.814449,9.615233],[-83.81558,9.6153],[-83.816148,9.615347],[-83.816792,9.61539],[-83.817188,9.615438],[-83.818176,9.615519],[-83.818739,9.615723],[-83.819216,9.615946],[-83.819879,9.616197],[-83.820853,9.616368],[-83.821067,9.616628],[-83.821097,9.616772],[-83.821086,9.618862],[-83.82111,9.619121],[-83.821022,9.619223],[-83.820855,9.619231],[-83.820255,9.619168],[-83.819371,9.61909],[-83.817927,9.618787],[-83.816897,9.618683],[-83.816276,9.618595],[-83.815496,9.618498],[-83.815095,9.618414],[-83.814515,9.618312],[-83.814141,9.618251],[-83.813718,9.618191]]]]}},{"type":"Feature","properties":{"id":90,"CLASE":"Finca del Estado","DETALLE":null,"RELAC. ASP":"Fuera de P.N. Tapanti","ITCO_PROP":"WALTER CHINCHILLA","ITCO_SIMB":"S.I.-P.F.)","ITCO_MONTO":null,"ITCO_OBS":null,"ITCO_FILA":60,"ITCO_JOIN":"Coincidencia por Nº de Parcela"},"geometry":{"type":"MultiPolygon","coordinates":[[[[-83.806175,9.611871],[-83.805781,9.611889],[-83.80538,9.611856],[-83.805084,9.611794],[-83.804941,9.611709],[-83.804665,9.611595],[-83.804475,9.611469],[-83.804483,9.611382],[-83.804627,9.609829],[-83.804757,9.609057],[-83.804915,9.607106],[-83.804973,9.6064],[-83.805174,9.604719],[-83.805294,9.603228],[-83.805394,9.602252],[-83.807096,9.602633],[-83.8065,9.609666],[-83.806313,9.610386],[-83.806226,9.611028],[-83.806178,9.611582],[-83.806175,9.611871]]]]}},{"type":"Feature","properties":{"id":218,"CLASE":"Finca del Estado","DETALLE":null,"RELAC. ASP":"Dentro de P.N. Tapanti","ITCO_PROP":"ELPIDIO ABARCA HERNANDEZ","ITCO_SIMB":"N C ","ITCO_MONTO":null,"ITCO_OBS":null,"ITCO_FILA":168,"ITCO_JOIN":"Coincidencia por Nº de Parcela"},"geometry":{"type":"MultiPolygon","coordinates":[[[[-83.803545,9.621231],[-83.803629,9.620649],[-83.803696,9.619631],[-83.803811,9.618338],[-83.803984,9.616998],[-83.804056,9.615691],[-83.804109,9.615317],[-83.804504,9.615391],[-83.805391,9.615552],[-83.8061,9.615598],[-83.806436,9.615629],[-83.806649,9.614975],[-83.806759,9.614568],[-83.806998,9.613967],[-83.807507,9.61414],[-83.808728,9.614633],[-83.809148,9.614813],[-83.808928,9.615362],[-83.808656,9.616049],[-83.808317,9.616707],[-83.807849,9.617663],[-83.807562,9.61835],[-83.807525,9.618598],[-83.807204,9.619226],[-83.806755,9.620335],[-83.806299,9.62153],[-83.805763,9.622684],[-83.804428,9.621803],[-83.803545,9.621231]]]]}},{"type":"Feature","properties":{"id":219,"CLASE":"Finca del Estado","DETALLE":null,"RELAC. ASP":"Parcialmente dentro del P.N. Tapanti","ITCO_PROP":"DORA EMILIA GARITA GARITA ","ITCO_SIMB":"N C ","ITCO_MONTO":null,"ITCO_OBS":null,"ITCO_FILA":169,"ITCO_JOIN":"Coincidencia por Nº de Parcela"},"geometry":{"type":"MultiPolygon","coordinates":[[[[-83.804475,9.611469],[-83.804665,9.611595],[-83.804941,9.611709],[-83.805084,9.611794],[-83.80538,9.611856],[-83.805781,9.611889],[-83.806175,9.611871],[-83.806173,9.611954],[-83.806128,9.612335],[-83.806042,9.612692],[-83.806044,9.613374],[-83.806242,9.613521],[-83.806411,9.613625],[-83.806745,9.613815],[-83.806998,9.613967],[-83.806759,9.614568],[-83.806649,9.614975],[-83.806436,9.615629],[-83.8061,9.615598],[-83.805391,9.615552],[-83.804504,9.615391],[-83.804109,9.615317],[-83.804118,9.615251],[-83.804224,9.613972],[-83.804392,9.612301],[-83.804475,9.611469]]]]}},{"type":"Feature","properties":{"id":252,"CLASE":"Finca del Estado","DETALLE":null,"RELAC. ASP":"Dentro de P.N. Tapanti","ITCO_PROP":"ALVARO  SOLANO JIMENEZ ","ITCO_SIMB":"N C","ITCO_MONTO":null,"ITCO_OBS":null,"ITCO_FILA":202,"ITCO_JOIN":"Coincidencia por Nº de Parcela"},"geometry":{"type":"MultiPolygon","coordinates":[[[[-83.767149,9.637084],[-83.762548,9.636742],[-83.76262,9.631631],[-83.763643,9.631712],[-83.764005,9.631716],[-83.764462,9.63178],[-83.765029,9.631811],[-83.765578,9.631821],[-83.766259,9.631937],[-83.766679,9.631962],[-83.767045,9.631966],[-83.767246,9.632028],[-83.767247,9.632028],[-83.767149,9.637084]]]]}},{"type":"Feature","properties":{"id":251,"CLASE":"Finca del Estado","DETALLE":null,"RELAC. ASP":"Dentro de P.N. Tapanti","ITCO_PROP":"FERNANDO SOLANO JIMENEZ","ITCO_SIMB":"N C","ITCO_MONTO":null,"ITCO_OBS":null,"ITCO_FILA":201,"ITCO_JOIN":"Coincidencia por Nº de Parcela"},"geometry":{"type":"MultiPolygon","coordinates":[[[[-83.772109,9.637436],[-83.767149,9.637084],[-83.767247,9.632028],[-83.768013,9.63202],[-83.768351,9.632078],[-83.76904,9.632115],[-83.769642,9.63219],[-83.770542,9.632256],[-83.771211,9.632284],[-83.772107,9.632394],[-83.772109,9.637436]]]]}},{"type":"Feature","properties":{"id":250,"CLASE":"Finca del Estado","DETALLE":null,"RELAC. ASP":"Dentro de P.N. Tapanti","ITCO_PROP":"JUBENAL ZUÑIGA ZUÑIGA","ITCO_SIMB":"N C","ITCO_MONTO":null,"ITCO_OBS":null,"ITCO_FILA":200,"ITCO_JOIN":"Coincidencia por Nº de Parcela"},"geometry":{"type":"MultiPolygon","coordinates":[[[[-83.776522,9.638082],[-83.776591,9.63536],[-83.77661,9.632307],[-83.776632,9.632312],[-83.781461,9.633245],[-83.780965,9.638703],[-83.77968,9.638591],[-83.779019,9.638452],[-83.778082,9.638302],[-83.776522,9.638082]]]]}},{"type":"Feature","properties":{"id":246,"CLASE":"Finca del Estado","DETALLE":null,"RELAC. ASP":"Dentro de P.N. Tapanti","ITCO_PROP":"OVIDIO SOLANO JIMENEZ","ITCO_SIMB":"N C ","ITCO_MONTO":null,"ITCO_OBS":null,"ITCO_FILA":196,"ITCO_JOIN":"Coincidencia por Nº de Parcela"},"geometry":{"type":"MultiPolygon","coordinates":[[[[-83.772109,9.637436],[-83.776522,9.638082],[-83.776453,9.642787],[-83.776183,9.642706],[-83.775803,9.642341],[-83.775684,9.641984],[-83.77515,9.641649],[-83.774763,9.64161],[-83.7745,9.64143],[-83.773764,9.641368],[-83.772952,9.641191],[-83.77212,9.641217],[-83.772109,9.637436]]]]}},{"type":"Feature","properties":{"id":248,"CLASE":"Finca del Estado","DETALLE":null,"RELAC. ASP":"Dentro de P.N. Tapanti","ITCO_PROP":"HERIBERTO SOLANO JIMENEZ","ITCO_SIMB":"N C ","ITCO_MONTO":null,"ITCO_OBS":null,"ITCO_FILA":198,"ITCO_JOIN":"Coincidencia por Nº de Parcela"},"geometry":{"type":"MultiPolygon","coordinates":[[[[-83.762548,9.636742],[-83.767149,9.637084],[-83.767061,9.641646],[-83.766912,9.64155],[-83.766661,9.641281],[-83.766328,9.640989],[-83.766233,9.640942],[-83.766126,9.640944],[-83.765913,9.640989],[-83.765499,9.641041],[-83.765434,9.641085],[-83.76537,9.641254],[-83.765333,9.641657],[-83.765263,9.642131],[-83.76517,9.642302],[-83.764983,9.642415],[-83.764667,9.642525],[-83.764261,9.642572],[-83.763951,9.642549],[-83.763556,9.642384],[-83.763104,9.64218],[-83.76279,9.641888],[-83.762477,9.64178],[-83.762548,9.636742]]]]}},{"type":"Feature","properties":{"id":247,"CLASE":"Finca del Estado","DETALLE":null,"RELAC. ASP":"Dentro de P.N. Tapanti","ITCO_PROP":"MARCO TULIO SOLANO JIMENEZ ","ITCO_SIMB":"N C ","ITCO_MONTO":null,"ITCO_OBS":null,"ITCO_FILA":197,"ITCO_JOIN":"Coincidencia por Nº de Parcela"},"geometry":{"type":"MultiPolygon","coordinates":[[[[-83.767149,9.637084],[-83.772109,9.637436],[-83.77212,9.641217],[-83.772046,9.641445],[-83.771997,9.641709],[-83.771877,9.64182],[-83.77173,9.641881],[-83.771577,9.641883],[-83.77139,9.64181],[-83.771136,9.641658],[-83.770945,9.641449],[-83.770647,9.641268],[-83.770455,9.641093],[-83.769876,9.641588],[-83.769702,9.641695],[-83.769489,9.641805],[-83.769255,9.641828],[-83.769192,9.641784],[-83.769092,9.641686],[-83.769058,9.641594],[-83.768995,9.641464],[-83.768859,9.641451],[-83.768651,9.641485],[-83.76838,9.641593],[-83.768082,9.641695],[-83.767839,9.641755],[-83.76753,9.641783],[-83.767347,9.64179],[-83.767227,9.641752],[-83.767061,9.641646],[-83.767149,9.637084]]]]}},{"type":"Feature","properties":{"id":206,"CLASE":"Finca del Estado","DETALLE":null,"RELAC. ASP":"Dentro de P.N. Tapanti","ITCO_PROP":"VICTOR MANUEL ANGULO BARQUERO","ITCO_SIMB":"N C ","ITCO_MONTO":null,"ITCO_OBS":null,"ITCO_FILA":157,"ITCO_JOIN":"Coincidencia por Nº de Parcela"},"geometry":{"type":"MultiPolygon","coordinates":[[[[-83.820838,9.644532],[-83.820622,9.645578],[-83.820283,9.646629],[-83.81991,9.648021],[-83.81959,9.649049],[-83.819327,9.650199],[-83.819126,9.650673],[-83.818849,9.651639],[-83.818374,9.652797],[-83.818193,9.652641],[-83.817926,9.65238],[-83.817765,9.652254],[-83.817393,9.652233],[-83.81732,9.652078],[-83.81726,9.651915],[-83.817233,9.651821],[-83.817244,9.651595],[-83.817244,9.651419],[-83.817203,9.651321],[-83.817077,9.65115],[-83.8168,9.651113],[-83.816477,9.651266],[-83.816366,9.6514],[-83.81622,9.651492],[-83.816109,9.651506],[-83.816041,9.65148],[-83.815926,9.651378],[-83.815877,9.651237],[-83.815881,9.651106],[-83.815997,9.650568],[-83.81612,9.650236],[-83.816299,9.649316],[-83.816518,9.648323],[-83.816629,9.647811],[-83.816761,9.64716],[-83.816874,9.64663],[-83.817017,9.645861],[-83.817126,9.645455],[-83.81728,9.644711],[-83.817354,9.644474],[-83.817437,9.644187],[-83.817496,9.644072],[-83.817499,9.643832],[-83.817543,9.643854],[-83.817709,9.644005],[-83.817882,9.644185],[-83.817978,9.64443],[-83.818097,9.644532],[-83.818204,9.644579],[-83.818344,9.644548],[-83.818432,9.644512],[-83.818437,9.644512],[-83.818523,9.644322],[-83.818556,9.643997],[-83.818645,9.643738],[-83.818801,9.643542],[-83.818904,9.643462],[-83.819107,9.643434],[-83.819311,9.643446],[-83.819429,9.64344],[-83.819785,9.643729],[-83.819984,9.643983],[-83.820184,9.644171],[-83.820232,9.644272],[-83.820294,9.644393],[-83.820408,9.644454],[-83.820596,9.644503],[-83.820838,9.644532]]]]}},{"type":"Feature","properties":{"id":204,"CLASE":"Finca del Estado","DETALLE":null,"RELAC. ASP":"Dentro de P.N. Tapanti","ITCO_PROP":"HERALDO ANGULO SALAZAR","ITCO_SIMB":"N C ","ITCO_MONTO":null,"ITCO_OBS":null,"ITCO_FILA":155,"ITCO_JOIN":"Coincidencia por Nº de Parcela"},"geometry":{"type":"MultiPolygon","coordinates":[[[[-83.819901,9.64805],[-83.820409,9.648073],[-83.820965,9.648108],[-83.821734,9.648147],[-83.822935,9.648298],[-83.823487,9.648319],[-83.823379,9.649276],[-83.823273,9.65045],[-83.823137,9.651477],[-83.823029,9.652076],[-83.822913,9.652546],[-83.822814,9.652481],[-83.822616,9.652358],[-83.822341,9.652179],[-83.822082,9.651909],[-83.821897,9.651705],[-83.82163,9.651729],[-83.821465,9.65195],[-83.821301,9.652166],[-83.821247,9.652517],[-83.821264,9.652965],[-83.821136,9.653214],[-83.820914,9.653275],[-83.820663,9.653189],[-83.82047,9.653018],[-83.820322,9.652683],[-83.820084,9.652267],[-83.819879,9.652124],[-83.81964,9.6521],[-83.8195,9.652226],[-83.819471,9.652524],[-83.819442,9.652752],[-83.819368,9.652924],[-83.81915,9.653046],[-83.818924,9.653103],[-83.818711,9.653074],[-83.818546,9.652992],[-83.818374,9.652797],[-83.818849,9.651639],[-83.819126,9.650673],[-83.819327,9.650199],[-83.81959,9.649049],[-83.819901,9.64805]]]]}},{"type":"Feature","properties":{"id":201,"CLASE":"Finca del Estado","DETALLE":null,"RELAC. ASP":"Dentro de P.N. Tapanti","ITCO_PROP":"AGUILES GONZALEZ ANGULO","ITCO_SIMB":"N C ","ITCO_MONTO":null,"ITCO_OBS":null,"ITCO_FILA":152,"ITCO_JOIN":"Coincidencia por Nº de Parcela"},"geometry":{"type":"MultiPolygon","coordinates":[[[[-83.825811,9.652481],[-83.825858,9.6521],[-83.825897,9.651692],[-83.825901,9.651468],[-83.825897,9.651017],[-83.826071,9.649066],[-83.826134,9.648549],[-83.828437,9.648708],[-83.828442,9.649245],[-83.828425,9.649853],[-83.828432,9.650497],[-83.828456,9.650713],[-83.828544,9.650955],[-83.828701,9.651312],[-83.828725,9.651412],[-83.828904,9.65166],[-83.829057,9.651883],[-83.829161,9.652158],[-83.829247,9.652316],[-83.829257,9.65247],[-83.82924,9.652563],[-83.829175,9.6527],[-83.829006,9.652941],[-83.828753,9.653178],[-83.828605,9.653493],[-83.828601,9.653724],[-83.828519,9.653793],[-83.828264,9.653964],[-83.828058,9.654033],[-83.827857,9.653968],[-83.827689,9.653793],[-83.827639,9.653617],[-83.827845,9.653336],[-83.827894,9.653046],[-83.827652,9.652879],[-83.827479,9.653119],[-83.827306,9.65325],[-83.827068,9.653368],[-83.826858,9.653352],[-83.826567,9.653201],[-83.826373,9.652882],[-83.826061,9.652654],[-83.825897,9.652535],[-83.825811,9.652481]]]]}},{"type":"Feature","properties":{"id":193,"CLASE":"Finca del Estado","DETALLE":null,"RELAC. ASP":"Dentro de P.N. Tapanti","ITCO_PROP":"SOCORRO RIVERA RAMIREZ","ITCO_SIMB":"( NC - E N A )","ITCO_MONTO":null,"ITCO_OBS":null,"ITCO_FILA":144,"ITCO_JOIN":"Coincidencia por Nº de Parcela"},"geometry":{"type":"MultiPolygon","coordinates":[[[[-83.849371,9.658347],[-83.847891,9.658944],[-83.842837,9.659048],[-83.842615,9.658852],[-83.842216,9.658713],[-83.841958,9.658521],[-83.84183,9.658203],[-83.841703,9.657926],[-83.841448,9.657505],[-83.841284,9.657334],[-83.841025,9.656975],[-83.840873,9.656758],[-83.840807,9.656567],[-83.841827,9.655678],[-83.842481,9.655707],[-83.844257,9.65574],[-83.845519,9.655802],[-83.846571,9.65577],[-83.847681,9.65577],[-83.848302,9.655771],[-83.848837,9.655734],[-83.849954,9.656895],[-83.850123,9.657226],[-83.850229,9.657576],[-83.850283,9.658206],[-83.849371,9.658347]]]]}},{"type":"Feature","properties":{"id":239,"CLASE":"Se Investiga Posible Pago","DETALLE":null,"RELAC. ASP":"Dentro de R.F. Rio Macho","ITCO_PROP":"ARCENIO ABARCA SALAZAR","ITCO_SIMB":"C E N A ","ITCO_MONTO":null,"ITCO_OBS":null,"ITCO_FILA":189,"ITCO_JOIN":"Coincidencia por Nº de Parcela"},"geometry":{"type":"MultiPolygon","coordinates":[[[[-83.705975,9.570838],[-83.705468,9.571558],[-83.704967,9.57228],[-83.704415,9.572993],[-83.703944,9.573683],[-83.701499,9.577123],[-83.699455,9.580078],[-83.697343,9.581762],[-83.697126,9.581649],[-83.696958,9.581413],[-83.695841,9.579622],[-83.695091,9.578597],[-83.693714,9.57656],[-83.692774,9.575263],[-83.69374,9.573656],[-83.695438,9.570769],[-83.695595,9.570308],[-83.695717,9.569803],[-83.695897,9.569015],[-83.695884,9.568788],[-83.696044,9.568545],[-83.696161,9.567301],[-83.696545,9.567816],[-83.697015,9.568296],[-83.697902,9.569228],[-83.699404,9.56979],[-83.702281,9.570817],[-83.705975,9.570838]]]]}},{"type":"Feature","properties":{"id":null,"CLASE":"Se Investiga Posible Pago","DETALLE":null,"RELAC. ASP":"Dentro de P.N. Tapanti","ITCO_PROP":null,"ITCO_SIMB":null,"ITCO_MONTO":null,"ITCO_OBS":null,"ITCO_FILA":null,"ITCO_JOIN":null},"geometry":{"type":"MultiPolygon","coordinates":[[[[-83.895203,9.735139],[-83.89482,9.734945],[-83.895069,9.727341],[-83.894494,9.726982],[-83.89438,9.726913],[-83.893906,9.726627],[-83.893873,9.726599],[-83.893511,9.726296],[-83.893228,9.726137],[-83.892763,9.725757],[-83.892496,9.725639],[-83.892175,9.725386],[-83.891974,9.725219],[-83.891645,9.725031],[-83.891341,9.724774],[-83.890749,9.724472],[-83.890638,9.724284],[-83.890436,9.724186],[-83.890125,9.724005],[-83.889939,9.723896],[-83.889507,9.723594],[-83.889207,9.723416],[-83.889091,9.723335],[-83.888747,9.723072],[-83.888467,9.722937],[-83.888097,9.722652],[-83.887645,9.722407],[-83.887024,9.722019],[-83.886646,9.721741],[-83.88649,9.72168],[-83.886321,9.721546],[-83.886354,9.721415],[-83.88649,9.72126],[-83.886696,9.721093],[-83.886831,9.720954],[-83.886926,9.720775],[-83.886953,9.720687],[-83.887091,9.720077],[-83.887161,9.719437],[-83.887214,9.71878],[-83.887235,9.71818],[-83.887301,9.717875],[-83.887498,9.71765],[-83.887633,9.717565],[-83.887774,9.717475],[-83.88796,9.717341],[-83.888428,9.717002],[-83.888716,9.716749],[-83.888778,9.716676],[-83.888801,9.71656],[-83.888839,9.71637],[-83.888897,9.716031],[-83.88884,9.715648],[-83.888925,9.715383],[-83.889095,9.715264],[-83.889324,9.715228],[-83.889777,9.714955],[-83.889905,9.714906],[-83.889987,9.714824],[-83.890037,9.714302],[-83.890034,9.714256],[-83.889996,9.713555],[-83.889973,9.710329],[-83.895186,9.703763],[-83.895852,9.704507],[-83.896195,9.704726],[-83.896607,9.704814],[-83.897229,9.704785],[-83.897504,9.704955],[-83.897867,9.705203],[-83.898136,9.705748],[-83.898489,9.706123],[-83.898847,9.706157],[-83.899249,9.705846],[-83.899842,9.705583],[-83.900214,9.705656],[-83.900464,9.705977],[-83.900846,9.706259],[-83.901121,9.706449],[-83.901567,9.70661],[-83.902111,9.706746],[-83.902611,9.707422],[-83.903444,9.708239],[-83.904159,9.709008],[-83.904752,9.709485],[-83.905178,9.709913],[-83.905296,9.710239],[-83.905061,9.710598],[-83.905139,9.710788],[-83.905448,9.711255],[-83.905737,9.711615],[-83.906026,9.712028],[-83.906354,9.712427],[-83.914934,9.712219],[-83.91451,9.715716],[-83.911171,9.715422],[-83.91056,9.724967],[-83.917637,9.725931],[-83.919442,9.726177],[-83.918846,9.726277],[-83.918557,9.726274],[-83.918136,9.726367],[-83.918003,9.726452],[-83.917832,9.72678],[-83.917547,9.726965],[-83.91729,9.727157],[-83.917045,9.727254],[-83.916741,9.727246],[-83.916493,9.727273],[-83.916322,9.727392],[-83.916307,9.727645],[-83.916179,9.727905],[-83.915934,9.728161],[-83.915221,9.728148],[-83.914986,9.728019],[-83.914738,9.727929],[-83.914383,9.727788],[-83.914177,9.727815],[-83.914013,9.727929],[-83.913834,9.728187],[-83.913547,9.728432],[-83.913299,9.728478],[-83.913047,9.728422],[-83.91289,9.728366],[-83.912618,9.728216],[-83.912395,9.728138],[-83.91226,9.728164],[-83.912015,9.728371],[-83.911802,9.728471],[-83.911522,9.728502],[-83.911226,9.728337],[-83.911049,9.728203],[-83.910932,9.728028],[-83.910721,9.728025],[-83.910373,9.728072],[-83.910189,9.728222],[-83.909929,9.72839],[-83.909718,9.728672],[-83.909498,9.728842],[-83.909265,9.72893],[-83.908833,9.729107],[-83.909128,9.729277],[-83.909645,9.729377],[-83.910044,9.729489],[-83.910145,9.729652],[-83.910343,9.729995],[-83.910358,9.73026],[-83.910368,9.730514],[-83.910483,9.730583],[-83.910844,9.730771],[-83.911221,9.731016],[-83.911402,9.731244],[-83.911598,9.731444],[-83.911729,9.731572],[-83.911847,9.731818],[-83.912023,9.731974],[-83.912108,9.732081],[-83.912297,9.732348],[-83.912278,9.732673],[-83.912159,9.736064],[-83.912153,9.736618],[-83.911133,9.736838],[-83.910626,9.737003],[-83.910071,9.73725],[-83.909607,9.737366],[-83.909188,9.737386],[-83.908763,9.737295],[-83.908397,9.737146],[-83.907894,9.73688],[-83.90743,9.73664],[-83.906378,9.736127],[-83.90547,9.735731],[-83.904463,9.735309],[-83.903176,9.735264],[-83.902914,9.735549],[-83.90247,9.735977],[-83.902123,9.736431],[-83.901763,9.736813],[-83.901424,9.736988],[-83.900927,9.737007],[-83.900541,9.736968],[-83.899994,9.736835],[-83.899066,9.73666],[-83.898687,9.736575],[-83.898282,9.736384],[-83.89786,9.736031],[-83.897445,9.73568],[-83.897132,9.735327],[-83.896184,9.735096],[-83.895203,9.735139]]]]}},{"type":"Feature","properties":{"id":null,"CLASE":"Se Investiga Posible Pago","DETALLE":null,"RELAC. ASP":"Fuera de P.N. Tapanti","ITCO_PROP":null,"ITCO_SIMB":null,"ITCO_MONTO":null,"ITCO_OBS":null,"ITCO_FILA":null,"ITCO_JOIN":null},"geometry":{"type":"MultiPolygon","coordinates":[[[[-83.760726,9.771297],[-83.760465,9.77293],[-83.760288,9.773932],[-83.760292,9.774615],[-83.760731,9.775068],[-83.760912,9.775353],[-83.761311,9.775618],[-83.761919,9.775837],[-83.762289,9.775974],[-83.76252,9.776107],[-83.760888,9.786268],[-83.75904,9.786057],[-83.758128,9.785974],[-83.757496,9.785966],[-83.756493,9.785834],[-83.755886,9.785729],[-83.754687,9.785541],[-83.754008,9.785317],[-83.752592,9.785369],[-83.751739,9.785398],[-83.750702,9.78564],[-83.75004,9.785793],[-83.749366,9.785921],[-83.748187,9.786378],[-83.747409,9.786778],[-83.746926,9.786931],[-83.746617,9.787086],[-83.746078,9.787419],[-83.743636,9.787417],[-83.74376,9.786192],[-83.74411,9.783678],[-83.744206,9.783435],[-83.744527,9.783408],[-83.744728,9.783316],[-83.745042,9.783059],[-83.745286,9.782775],[-83.745581,9.782621],[-83.746142,9.782491],[-83.746681,9.782073],[-83.747076,9.781597],[-83.74746,9.780914],[-83.747929,9.780388],[-83.7482,9.780248],[-83.748353,9.780081],[-83.748611,9.779912],[-83.748712,9.779749],[-83.74881,9.779551],[-83.749,9.779352],[-83.74915,9.779186],[-83.749361,9.778989],[-83.749632,9.778753],[-83.749841,9.778532],[-83.750076,9.778265],[-83.750281,9.777997],[-83.750457,9.777812],[-83.750516,9.777647],[-83.750762,9.777486],[-83.750951,9.777206],[-83.751223,9.776976],[-83.751378,9.776826],[-83.751482,9.776673],[-83.751637,9.776504],[-83.751823,9.776381],[-83.751959,9.776154],[-83.752056,9.775782],[-83.752234,9.775705],[-83.752412,9.775529],[-83.752517,9.775291],[-83.752556,9.775079],[-83.752552,9.774868],[-83.752677,9.774523],[-83.75277,9.774108],[-83.753037,9.773674],[-83.753239,9.773398],[-83.753475,9.773137],[-83.753878,9.772787],[-83.754331,9.772331],[-83.754785,9.77187],[-83.755447,9.771391],[-83.75587,9.771095],[-83.756032,9.770815],[-83.756315,9.770216],[-83.756618,9.769751],[-83.757214,9.769364],[-83.75764,9.769118],[-83.758903,9.769062],[-83.759158,9.769181],[-83.759375,9.769246],[-83.759538,9.769254],[-83.759673,9.769231],[-83.760084,9.769124],[-83.760362,9.769116],[-83.760773,9.769067],[-83.761214,9.769071],[-83.760726,9.771297]]]]}},{"type":"Feature","properties":{"id":null,"CLASE":"","DETALLE":"Parcelas Taquetaque","RELAC. ASP":"Fuera de P.N. Tapanti","ITCO_PROP":null,"ITCO_SIMB":null,"ITCO_MONTO":null,"ITCO_OBS":null,"ITCO_FILA":null,"ITCO_JOIN":null},"geometry":{"type":"MultiPolygon","coordinates":[[[[-83.716891,9.784758],[-83.716978,9.785064],[-83.717077,9.785469],[-83.717087,9.785693],[-83.717237,9.786119],[-83.717479,9.786605],[-83.717808,9.787265],[-83.718126,9.787972],[-83.718306,9.788433],[-83.718434,9.788774],[-83.718492,9.789024],[-83.718572,9.78944],[-83.7186,9.789631],[-83.718576,9.789845],[-83.718475,9.79022],[-83.717945,9.790935],[-83.717489,9.791367],[-83.717126,9.791926],[-83.716963,9.792558],[-83.716865,9.792874],[-83.716683,9.793268],[-83.716359,9.79372],[-83.716109,9.794308],[-83.716006,9.794537],[-83.715887,9.795256],[-83.715784,9.795543],[-83.715661,9.796229],[-83.715523,9.796788],[-83.715405,9.797133],[-83.714929,9.797517],[-83.714346,9.797857],[-83.713399,9.798099],[-83.710781,9.797907],[-83.7081,9.797438],[-83.707408,9.797316],[-83.704331,9.795246],[-83.703719,9.794706],[-83.700667,9.791936],[-83.699359,9.790544],[-83.694836,9.788517],[-83.693562,9.787986],[-83.692831,9.787567],[-83.69217,9.787216],[-83.691694,9.787138],[-83.690499,9.786588],[-83.68993,9.786072],[-83.689509,9.785541],[-83.688676,9.784957],[-83.688613,9.784305],[-83.688619,9.783712],[-83.688879,9.783182],[-83.689488,9.782366],[-83.689949,9.782142],[-83.690572,9.781798],[-83.692067,9.7814],[-83.693058,9.781139],[-83.69372,9.781105],[-83.69471,9.781014],[-83.696304,9.780791],[-83.697515,9.78088],[-83.698309,9.780934],[-83.698745,9.781212],[-83.699759,9.781675],[-83.700431,9.782098],[-83.700969,9.782585],[-83.701675,9.783014],[-83.702052,9.783243],[-83.702569,9.783521],[-83.7044,9.783846],[-83.705364,9.784097],[-83.706394,9.784274],[-83.707617,9.784628],[-83.708759,9.784835],[-83.709856,9.785116],[-83.711198,9.785396],[-83.711362,9.785051],[-83.711533,9.784639],[-83.711756,9.784014],[-83.712231,9.783029],[-83.713291,9.783221],[-83.714381,9.783509],[-83.715048,9.783745],[-83.715693,9.783767],[-83.716197,9.783952],[-83.716509,9.78415],[-83.716931,9.784305],[-83.716891,9.784758]]]]}},{"type":"Feature","properties":{"id":330,"CLASE":"","DETALLE":null,"RELAC. ASP":"Fuera de P.N. Tapanti","ITCO_PROP":null,"ITCO_SIMB":null,"ITCO_MONTO":null,"ITCO_OBS":null,"ITCO_FILA":null,"ITCO_JOIN":null},"geometry":{"type":"MultiPolygon","coordinates":[[[[-83.741608,9.786174],[-83.740573,9.786358],[-83.739244,9.7866],[-83.738473,9.786731],[-83.737624,9.786835],[-83.73707,9.786834],[-83.736496,9.786766],[-83.734496,9.786725],[-83.733315,9.786603],[-83.733343,9.785326],[-83.73262,9.784718],[-83.732701,9.782351],[-83.733231,9.781968],[-83.733616,9.781623],[-83.734068,9.781282],[-83.734649,9.780943],[-83.735105,9.780972],[-83.736299,9.781124],[-83.737718,9.781424],[-83.738441,9.781561],[-83.739865,9.781781],[-83.741416,9.782047],[-83.742607,9.782223],[-83.743546,9.782425],[-83.744352,9.782644],[-83.744326,9.782705],[-83.744206,9.782974],[-83.744206,9.783435],[-83.74411,9.783678],[-83.743819,9.785766],[-83.741608,9.786174]]]]}},{"type":"Feature","properties":{"id":238,"CLASE":"Finca del Estado","DETALLE":null,"RELAC. ASP":"Dentro de R.F. Rio Macho","ITCO_PROP":"BELFORD Y BARTOLOME ABARCA HERNANDEZ","ITCO_SIMB":"S P E A ","ITCO_MONTO":null,"ITCO_OBS":null,"ITCO_FILA":188,"ITCO_JOIN":"Coincidencia por Nº de Parcela"},"geometry":{"type":"MultiPolygon","coordinates":[[[[-83.700881,9.56658],[-83.700909,9.566271],[-83.700927,9.565223],[-83.701011,9.56409],[-83.70112,9.563116],[-83.701118,9.562201],[-83.70115,9.561538],[-83.70056,9.561532],[-83.70018,9.56159],[-83.699291,9.561682],[-83.699698,9.56104],[-83.69999,9.560822],[-83.700434,9.560129],[-83.700723,9.559621],[-83.701182,9.559021],[-83.701621,9.558139],[-83.701746,9.558068],[-83.701748,9.558135],[-83.702149,9.558704],[-83.702691,9.559165],[-83.703395,9.559527],[-83.704099,9.559881],[-83.704849,9.560196],[-83.705723,9.560289],[-83.706528,9.560236],[-83.706233,9.561277],[-83.705962,9.561841],[-83.705776,9.562375],[-83.705559,9.562812],[-83.705322,9.56348],[-83.705082,9.564003],[-83.704969,9.564333],[-83.704531,9.565431],[-83.704279,9.566095],[-83.703648,9.566152],[-83.703304,9.566217],[-83.702375,9.566382],[-83.701895,9.566504],[-83.701423,9.566569],[-83.700881,9.56658]]]]}},{"type":"Feature","properties":{"id":240,"CLASE":"Finca del Estado","DETALLE":null,"RELAC. ASP":"Dentro de R.F. Rio Macho","ITCO_PROP":"BELFORD ABARCA HERNANDEZ","ITCO_SIMB":"C E N A ","ITCO_MONTO":null,"ITCO_OBS":null,"ITCO_FILA":190,"ITCO_JOIN":"Coincidencia por Nº de Parcela"},"geometry":{"type":"MultiPolygon","coordinates":[[[[-83.692011,9.56782],[-83.691859,9.566989],[-83.691646,9.566143],[-83.691351,9.565148],[-83.692458,9.564964],[-83.694397,9.564853],[-83.695262,9.564758],[-83.696106,9.564597],[-83.696934,9.564584],[-83.698282,9.564432],[-83.699099,9.564305],[-83.699998,9.564184],[-83.700626,9.564142],[-83.701009,9.564117],[-83.700927,9.565223],[-83.700909,9.566271],[-83.700881,9.56658],[-83.700471,9.566718],[-83.699778,9.566829],[-83.699136,9.566851],[-83.69864,9.567093],[-83.69775,9.567123],[-83.696283,9.567287],[-83.695037,9.567435],[-83.694333,9.567534],[-83.693501,9.56766],[-83.692886,9.567779],[-83.692011,9.56782]]]]}},{"type":"Feature","properties":{"id":241,"CLASE":"Finca del Estado","DETALLE":null,"RELAC. ASP":"Dentro de R.F. Rio Macho","ITCO_PROP":"BARTOLOME ABARCA HERNANDEZ","ITCO_SIMB":"C E N A ","ITCO_MONTO":null,"ITCO_OBS":null,"ITCO_FILA":191,"ITCO_JOIN":"Coincidencia por Nº de Parcela"},"geometry":{"type":"MultiPolygon","coordinates":[[[[-83.692458,9.564964],[-83.69226,9.564449],[-83.692187,9.564055],[-83.69195,9.563559],[-83.691784,9.563245],[-83.691591,9.562539],[-83.692365,9.562572],[-83.693502,9.562398],[-83.694712,9.562229],[-83.695903,9.562084],[-83.698161,9.561964],[-83.699291,9.561682],[-83.70018,9.56159],[-83.70056,9.561532],[-83.70115,9.561538],[-83.701118,9.562201],[-83.70112,9.563116],[-83.701011,9.56409],[-83.701009,9.564117],[-83.700626,9.564142],[-83.699998,9.564184],[-83.699099,9.564305],[-83.698282,9.564432],[-83.696934,9.564584],[-83.696106,9.564597],[-83.695262,9.564758],[-83.694397,9.564853],[-83.692458,9.564964]]]]}},{"type":"Feature","properties":{"id":244,"CLASE":"Finca del Estado","DETALLE":null,"RELAC. ASP":"Dentro de R.F. Rio Macho","ITCO_PROP":"EZEQUIAS MONGE UREÑA","ITCO_SIMB":"S P G P ","ITCO_MONTO":"70.857.55","ITCO_OBS":null,"ITCO_FILA":194,"ITCO_JOIN":"Coincidencia por Nº de Parcela"},"geometry":{"type":"MultiPolygon","coordinates":[[[[-83.690036,9.556946],[-83.690307,9.557507],[-83.691393,9.559196],[-83.692665,9.561094],[-83.693502,9.562398],[-83.692365,9.562572],[-83.691591,9.562539],[-83.691784,9.563245],[-83.69195,9.563559],[-83.692187,9.564055],[-83.69226,9.564449],[-83.692458,9.564964],[-83.691351,9.565148],[-83.691646,9.566143],[-83.691859,9.566989],[-83.692011,9.56782],[-83.692018,9.568381],[-83.69213,9.568531],[-83.692208,9.568708],[-83.692335,9.568984],[-83.692327,9.569611],[-83.692284,9.569726],[-83.692127,9.572068],[-83.692378,9.573217],[-83.692408,9.573862],[-83.69257,9.574078],[-83.69274,9.574861],[-83.692774,9.575263],[-83.692693,9.575249],[-83.692461,9.575209],[-83.692043,9.574955],[-83.691312,9.57447],[-83.690798,9.574166],[-83.690082,9.573716],[-83.68951,9.57337],[-83.688802,9.572966],[-83.688539,9.572766],[-83.68866,9.572509],[-83.688849,9.57219],[-83.689024,9.571895],[-83.68916,9.571495],[-83.689381,9.571089],[-83.689535,9.570897],[-83.68957,9.570731],[-83.689428,9.570136],[-83.689359,9.569679],[-83.689208,9.568872],[-83.689132,9.568112],[-83.689045,9.567205],[-83.688934,9.566683],[-83.688778,9.56597],[-83.688651,9.565286],[-83.688572,9.564566],[-83.68852,9.564082],[-83.688362,9.563126],[-83.688115,9.562928],[-83.687927,9.56267],[-83.687624,9.562351],[-83.687361,9.562046],[-83.687052,9.56183],[-83.686598,9.561313],[-83.686459,9.561019],[-83.686395,9.560328],[-83.686278,9.559661],[-83.686141,9.55902],[-83.685991,9.558271],[-83.685924,9.557697],[-83.68575,9.556769],[-83.68589,9.556771],[-83.686103,9.556802],[-83.686269,9.556852],[-83.686426,9.556862],[-83.686557,9.556829],[-83.686681,9.556789],[-83.686919,9.556803],[-83.687081,9.556876],[-83.687221,9.557014],[-83.687387,9.557152],[-83.687509,9.557145],[-83.687718,9.557001],[-83.687877,9.556874],[-83.687991,9.556815],[-83.688099,9.5568],[-83.688316,9.556854],[-83.688683,9.556866],[-83.688823,9.5569],[-83.689136,9.557023],[-83.689366,9.557118],[-83.689585,9.557254],[-83.689705,9.557262],[-83.689794,9.557181],[-83.689852,9.557061],[-83.690036,9.556946]]]]}},{"type":"Feature","properties":{"id":242,"CLASE":"Finca del Estado","DETALLE":null,"RELAC. ASP":"Dentro de R.F. Rio Macho","ITCO_PROP":"SIGIFREDO ARAYA ROBLES","ITCO_SIMB":"C E N A ","ITCO_MONTO":null,"ITCO_OBS":null,"ITCO_FILA":192,"ITCO_JOIN":"Coincidencia por Nº de Parcela"},"geometry":{"type":"MultiPolygon","coordinates":[[[[-83.699291,9.561682],[-83.698752,9.561498],[-83.697988,9.561069],[-83.69718,9.560636],[-83.696238,9.560071],[-83.696924,9.559478],[-83.697645,9.558995],[-83.698493,9.55832],[-83.699695,9.557363],[-83.701362,9.556075],[-83.702482,9.555247],[-83.702578,9.555324],[-83.702701,9.555885],[-83.702538,9.556407],[-83.702027,9.556952],[-83.701733,9.55742],[-83.701746,9.558068],[-83.701621,9.558139],[-83.701182,9.559021],[-83.700723,9.559621],[-83.700434,9.560129],[-83.69999,9.560822],[-83.699698,9.56104],[-83.699291,9.561682]]]]}},{"type":"Feature","properties":{"id":226,"CLASE":"","DETALLE":null,"RELAC. ASP":"Dentro de P.N. Tapanti","ITCO_PROP":"AUGUSTO AGUILERA ROJAS","ITCO_SIMB":"N C ","ITCO_MONTO":null,"ITCO_OBS":null,"ITCO_FILA":176,"ITCO_JOIN":"Coincidencia por Nº de Parcela"},"geometry":{"type":"MultiPolygon","coordinates":[[[[-83.742188,9.57515],[-83.744895,9.574599],[-83.745078,9.575139],[-83.745222,9.575873],[-83.745579,9.576984],[-83.746441,9.579956],[-83.746632,9.580399],[-83.746977,9.58184],[-83.747177,9.582395],[-83.747255,9.582838],[-83.74731,9.583072],[-83.747236,9.583108],[-83.746594,9.583384],[-83.744957,9.583916],[-83.744754,9.583488],[-83.744722,9.583208],[-83.744439,9.582383],[-83.744102,9.581087],[-83.743735,9.580182],[-83.743437,9.579265],[-83.743207,9.578667],[-83.742684,9.577033],[-83.742442,9.575885],[-83.742281,9.575564],[-83.742188,9.57515]]]]}},{"type":"Feature","properties":{"id":231,"CLASE":"Finca del Estado","DETALLE":null,"RELAC. ASP":"Dentro de P.N. Tapanti","ITCO_PROP":"CARLOS CHAVES VARGAS","ITCO_SIMB":"C E N A ","ITCO_MONTO":null,"ITCO_OBS":null,"ITCO_FILA":181,"ITCO_JOIN":"Coincidencia por Nº de Parcela"},"geometry":{"type":"MultiPolygon","coordinates":[[[[-83.738346,9.570322],[-83.729003,9.586467],[-83.728945,9.586406],[-83.726799,9.584207],[-83.725705,9.583108],[-83.724719,9.582093],[-83.724127,9.581486],[-83.724445,9.581356],[-83.724661,9.581179],[-83.724967,9.581072],[-83.725432,9.58083],[-83.725722,9.580719],[-83.726318,9.58042],[-83.726798,9.580052],[-83.736791,9.569044],[-83.738311,9.570293],[-83.738346,9.570322]]]]}},{"type":"Feature","properties":{"id":227,"CLASE":"Finca del Estado","DETALLE":"El polígono parece dividido (Pueden ser 2 en realidad)","RELAC. ASP":"Dentro de P.N. Tapanti","ITCO_PROP":"MAURO CAMACHO CHAVARRIA","ITCO_SIMB":"N C ","ITCO_MONTO":null,"ITCO_OBS":null,"ITCO_FILA":177,"ITCO_JOIN":"Coincidencia por Nº de Parcela"},"geometry":{"type":"MultiPolygon","coordinates":[[[[-83.733826,9.591397],[-83.733904,9.590867],[-83.733965,9.59035],[-83.73431,9.589318],[-83.735199,9.586131],[-83.735823,9.584021],[-83.7363,9.582052],[-83.737061,9.579621],[-83.738009,9.576403],[-83.738805,9.573442],[-83.739424,9.571185],[-83.73985,9.571393],[-83.740337,9.571578],[-83.740778,9.571578],[-83.741212,9.571509],[-83.741676,9.571402],[-83.742319,9.571088],[-83.743047,9.570635],[-83.744208,9.569998],[-83.743999,9.570382],[-83.743371,9.571595],[-83.74279,9.572755],[-83.742139,9.57396],[-83.741712,9.575097],[-83.741325,9.575757],[-83.740697,9.576955],[-83.740209,9.5775],[-83.739829,9.578007],[-83.73948,9.579044],[-83.7391,9.579827],[-83.738953,9.580572],[-83.738681,9.581824],[-83.738534,9.582085],[-83.738069,9.582384],[-83.73755,9.582699],[-83.737372,9.583313],[-83.737433,9.583943],[-83.737564,9.584757],[-83.737664,9.58541],[-83.737501,9.586078],[-83.737269,9.5868],[-83.737214,9.5873],[-83.737074,9.587975],[-83.736973,9.588413],[-83.737143,9.588843],[-83.737197,9.589427],[-83.737127,9.589942],[-83.736778,9.590303],[-83.736306,9.590771],[-83.73595,9.591055],[-83.735624,9.591462],[-83.73533,9.591792],[-83.734997,9.59193],[-83.734795,9.592333],[-83.733826,9.591397]]]]}},{"type":"Feature","properties":{"id":207,"CLASE":"Finca del Estado","DETALLE":null,"RELAC. ASP":"Dentro de P.N. Tapanti","ITCO_PROP":"HIGINIO AGUILAR SANCHEZ","ITCO_SIMB":"N C ","ITCO_MONTO":null,"ITCO_OBS":null,"ITCO_FILA":158,"ITCO_JOIN":"Coincidencia por Nº de Parcela"},"geometry":{"type":"MultiPolygon","coordinates":[[[[-83.832624,9.648619],[-83.832043,9.648108],[-83.831409,9.647648],[-83.83075,9.647278],[-83.829588,9.647268],[-83.828438,9.647223],[-83.828438,9.647171],[-83.828508,9.643481],[-83.828632,9.643476],[-83.828792,9.643532],[-83.828914,9.643648],[-83.829043,9.643828],[-83.829174,9.643954],[-83.82932,9.64406],[-83.829427,9.644115],[-83.829522,9.644142],[-83.830077,9.644146],[-83.831285,9.644094],[-83.832342,9.644053],[-83.832642,9.643997],[-83.832926,9.643895],[-83.83316,9.643687],[-83.833689,9.64363],[-83.833665,9.645409],[-83.833655,9.647413],[-83.833089,9.648096],[-83.832675,9.648556],[-83.832624,9.648619]]]]}},{"type":"Feature","properties":{"id":198,"CLASE":"Finca del Estado","DETALLE":null,"RELAC. ASP":"Dentro de P.N. Tapanti","ITCO_PROP":"MARTILIANO NAVARRO NAVARRO","ITCO_SIMB":"( NC - S.  I )","ITCO_MONTO":null,"ITCO_OBS":null,"ITCO_FILA":149,"ITCO_JOIN":"Coincidencia por Nº de Parcela"},"geometry":{"type":"MultiPolygon","coordinates":[[[[-83.845018,9.643578],[-83.844524,9.643793],[-83.843321,9.64415],[-83.841929,9.644648],[-83.840623,9.645129],[-83.839079,9.645607],[-83.837657,9.646149],[-83.835658,9.646791],[-83.834954,9.647044],[-83.834338,9.647288],[-83.833892,9.647384],[-83.833655,9.647413],[-83.833665,9.645409],[-83.833689,9.64363],[-83.834562,9.643536],[-83.835553,9.64339],[-83.836704,9.64324],[-83.838098,9.642947],[-83.839479,9.642747],[-83.840379,9.642585],[-83.841341,9.642385],[-83.842104,9.642222],[-83.843278,9.642052],[-83.844135,9.641905],[-83.844595,9.641816],[-83.844871,9.642956],[-83.845018,9.643578]]]]}},{"type":"Feature","properties":{"id":197,"CLASE":"Finca del Estado","DETALLE":null,"RELAC. ASP":"Dentro de P.N. Tapanti","ITCO_PROP":"MIGUEL SERRANO BRENES","ITCO_SIMB":"S P G P ","ITCO_MONTO":"*30.000.00","ITCO_OBS":null,"ITCO_FILA":148,"ITCO_JOIN":"Coincidencia por Nº de Parcela"},"geometry":{"type":"MultiPolygon","coordinates":[[[[-83.845174,9.645796],[-83.844839,9.645904],[-83.844026,9.646237],[-83.842526,9.646664],[-83.840582,9.647361],[-83.838306,9.648065],[-83.835973,9.64885],[-83.835582,9.648998],[-83.835139,9.648669],[-83.834492,9.648124],[-83.833733,9.647476],[-83.833655,9.647413],[-83.833892,9.647384],[-83.834338,9.647288],[-83.834954,9.647044],[-83.835658,9.646791],[-83.837657,9.646149],[-83.839079,9.645607],[-83.840623,9.645129],[-83.841929,9.644648],[-83.843321,9.64415],[-83.844524,9.643793],[-83.845018,9.643578],[-83.845117,9.644],[-83.845137,9.645224],[-83.845174,9.645796]]]]}},{"type":"Feature","properties":{"id":196,"CLASE":"Finca del Estado","DETALLE":null,"RELAC. ASP":"Dentro de P.N. Tapanti","ITCO_PROP":"JUAN SERRANO BRENES","ITCO_SIMB":"S P G P ","ITCO_MONTO":"*23.308.00","ITCO_OBS":null,"ITCO_FILA":147,"ITCO_JOIN":"Coincidencia por Nº de Parcela"},"geometry":{"type":"MultiPolygon","coordinates":[[[[-83.845608,9.647917],[-83.844405,9.648267],[-83.842393,9.64893],[-83.840733,9.649435],[-83.839214,9.649957],[-83.837168,9.650567],[-83.836201,9.650878],[-83.835893,9.649958],[-83.835582,9.648998],[-83.835973,9.64885],[-83.838306,9.648065],[-83.840582,9.647361],[-83.842526,9.646664],[-83.844026,9.646237],[-83.844839,9.645904],[-83.845174,9.645796],[-83.84519,9.646052],[-83.845194,9.646623],[-83.845305,9.647166],[-83.845498,9.647733],[-83.845608,9.647917]]]]}},{"type":"Feature","properties":{"id":203,"CLASE":"Finca del Estado","DETALLE":null,"RELAC. ASP":"Dentro de P.N. Tapanti","ITCO_PROP":"CARLOS FLORES O ANITA NUÑEZ","ITCO_SIMB":"N C ","ITCO_MONTO":"PAGADA","ITCO_OBS":null,"ITCO_FILA":154,"ITCO_JOIN":"Coincidencia por Nº de Parcela"},"geometry":{"type":"MultiPolygon","coordinates":[[[[-83.828725,9.651412],[-83.82918,9.651431],[-83.830137,9.651487],[-83.83077,9.651596],[-83.83265,9.65184],[-83.833586,9.651979],[-83.834384,9.652091],[-83.83546,9.652216],[-83.836633,9.652326],[-83.836754,9.652898],[-83.836795,9.653051],[-83.836556,9.653156],[-83.836277,9.653377],[-83.836153,9.653809],[-83.836038,9.654209],[-83.835906,9.65447],[-83.835758,9.654804],[-83.83547,9.65509],[-83.834849,9.655314],[-83.834553,9.655273],[-83.834121,9.655264],[-83.833937,9.655207],[-83.833583,9.655146],[-83.833106,9.655105],[-83.832847,9.655003],[-83.832379,9.654925],[-83.832157,9.654892],[-83.8317,9.654761],[-83.831417,9.6547],[-83.831117,9.654675],[-83.830833,9.654708],[-83.830574,9.654663],[-83.830295,9.654532],[-83.830138,9.654393],[-83.829921,9.654116],[-83.829625,9.653859],[-83.829345,9.653683],[-83.828922,9.653683],[-83.828601,9.653724],[-83.828605,9.653493],[-83.828753,9.653178],[-83.829006,9.652941],[-83.829175,9.6527],[-83.82924,9.652563],[-83.829257,9.65247],[-83.829247,9.652316],[-83.829161,9.652158],[-83.829057,9.651883],[-83.828904,9.65166],[-83.828725,9.651412]]]]}},{"type":"Feature","properties":{"id":205,"CLASE":"Finca del Estado","DETALLE":null,"RELAC. ASP":"Dentro de P.N. Tapanti","ITCO_PROP":"JAVIER ANGULO SALAZAR  ","ITCO_SIMB":"N C ","ITCO_MONTO":null,"ITCO_OBS":null,"ITCO_FILA":156,"ITCO_JOIN":"Coincidencia por Nº de Parcela"},"geometry":{"type":"MultiPolygon","coordinates":[[[[-83.823487,9.648319],[-83.822935,9.648298],[-83.821734,9.648147],[-83.820965,9.648108],[-83.820409,9.648073],[-83.819901,9.64805],[-83.81991,9.648021],[-83.820283,9.646629],[-83.820622,9.645578],[-83.820838,9.644532],[-83.820884,9.644537],[-83.82109,9.64462],[-83.821319,9.644777],[-83.821517,9.64493],[-83.82168,9.644998],[-83.821843,9.645116],[-83.822015,9.645194],[-83.822176,9.645228],[-83.822389,9.645227],[-83.822552,9.645152],[-83.822817,9.645003],[-83.823062,9.644891],[-83.823348,9.644835],[-83.823625,9.644845],[-83.82389,9.644871],[-83.823987,9.644869],[-83.823992,9.64509],[-83.823913,9.645622],[-83.82382,9.646124],[-83.823661,9.647644],[-83.823489,9.648302],[-83.823487,9.648319]]]]}},{"type":"Feature","properties":{"id":202,"CLASE":"Finca del Estado","DETALLE":null,"RELAC. ASP":"Dentro de P.N. Tapanti","ITCO_PROP":"GRACIELA SALAZAR DE ANGULO","ITCO_SIMB":"N C ","ITCO_MONTO":null,"ITCO_OBS":null,"ITCO_FILA":153,"ITCO_JOIN":"Coincidencia por Nº de Parcela"},"geometry":{"type":"MultiPolygon","coordinates":[[[[-83.828437,9.648708],[-83.826104,9.648547],[-83.824499,9.648434],[-83.823487,9.648319],[-83.823489,9.648302],[-83.823661,9.647644],[-83.82382,9.646124],[-83.823913,9.645622],[-83.823992,9.64509],[-83.823987,9.644869],[-83.82399,9.644869],[-83.824122,9.644845],[-83.824469,9.644641],[-83.824642,9.644507],[-83.824852,9.644425],[-83.825111,9.644391],[-83.825402,9.644458],[-83.825637,9.644556],[-83.825988,9.644542],[-83.826272,9.644467],[-83.826634,9.644304],[-83.826981,9.644143],[-83.827244,9.644061],[-83.827528,9.643949],[-83.827723,9.643798],[-83.827925,9.64365],[-83.828225,9.643491],[-83.828508,9.643481],[-83.828438,9.647171],[-83.828433,9.648336],[-83.828437,9.648708]]]]}},{"type":"Feature","properties":{"id":203,"CLASE":"Finca del Estado","DETALLE":null,"RELAC. ASP":"Dentro de P.N. Tapanti","ITCO_PROP":"CARLOS FLORES O ANITA NUÑEZ","ITCO_SIMB":"N C ","ITCO_MONTO":"PAGADA","ITCO_OBS":null,"ITCO_FILA":154,"ITCO_JOIN":"Coincidencia por Nº de Parcela"},"geometry":{"type":"MultiPolygon","coordinates":[[[[-83.826134,9.648549],[-83.826071,9.649066],[-83.825897,9.651017],[-83.825901,9.651468],[-83.825897,9.651692],[-83.825858,9.6521],[-83.825811,9.652481],[-83.825695,9.652409],[-83.825432,9.652441],[-83.825239,9.652653],[-83.824976,9.652898],[-83.824766,9.652947],[-83.824507,9.652881],[-83.823952,9.652791],[-83.823586,9.652701],[-83.823036,9.652628],[-83.822913,9.652546],[-83.823029,9.652076],[-83.823137,9.651477],[-83.823273,9.65045],[-83.823379,9.649276],[-83.823487,9.648319],[-83.824499,9.648434],[-83.826104,9.648547],[-83.826134,9.648549]]]]}},{"type":"Feature","properties":{"id":269,"CLASE":"Finca del Estado","DETALLE":null,"RELAC. ASP":"Dentro de P.N. Tapanti","ITCO_PROP":"ADELIA TORRES HERNANDEZ","ITCO_SIMB":"S.I.","ITCO_MONTO":null,"ITCO_OBS":null,"ITCO_FILA":219,"ITCO_JOIN":"Coincidencia por Nº de Parcela"},"geometry":{"type":"MultiPolygon","coordinates":[[[[-83.830137,9.651487],[-83.830272,9.651215],[-83.830556,9.650982],[-83.830766,9.650742],[-83.830976,9.650505],[-83.831242,9.650178],[-83.831509,9.649887],[-83.832127,9.649259],[-83.832616,9.64863],[-83.832675,9.648556],[-83.833089,9.648096],[-83.833655,9.647413],[-83.833733,9.647476],[-83.834492,9.648124],[-83.835139,9.648669],[-83.835582,9.648998],[-83.835893,9.649958],[-83.836201,9.650878],[-83.836314,9.651335],[-83.836485,9.651751],[-83.836627,9.6523],[-83.836633,9.652326],[-83.83546,9.652216],[-83.834384,9.652091],[-83.833586,9.651979],[-83.83265,9.65184],[-83.83077,9.651596],[-83.830137,9.651487]]]]}},{"type":"Feature","properties":{"id":200,"CLASE":"Finca del Estado","DETALLE":null,"RELAC. ASP":"Dentro de P.N. Tapanti","ITCO_PROP":"EVELIO QUIROS NAVARRO","ITCO_SIMB":"( C E N A )","ITCO_MONTO":"26.080.84","ITCO_OBS":null,"ITCO_FILA":151,"ITCO_JOIN":"Coincidencia por Nº de Parcela"},"geometry":{"type":"MultiPolygon","coordinates":[[[[-83.828438,9.647223],[-83.829588,9.647268],[-83.83075,9.647278],[-83.831409,9.647648],[-83.832043,9.648108],[-83.832624,9.648619],[-83.832616,9.64863],[-83.832127,9.649259],[-83.831509,9.649887],[-83.831242,9.650178],[-83.830976,9.650505],[-83.830766,9.650742],[-83.830556,9.650982],[-83.830272,9.651215],[-83.830137,9.651487],[-83.82918,9.651431],[-83.828725,9.651412],[-83.828701,9.651312],[-83.828544,9.650955],[-83.828456,9.650713],[-83.828432,9.650497],[-83.828425,9.649853],[-83.828442,9.649245],[-83.828433,9.648336],[-83.828438,9.647223]]]]}},{"type":"Feature","properties":{"id":null,"CLASE":"","DETALLE":null,"RELAC. ASP":"Parcialmente dentro de R.F. Rio Macho","ITCO_PROP":null,"ITCO_SIMB":null,"ITCO_MONTO":null,"ITCO_OBS":null,"ITCO_FILA":null,"ITCO_JOIN":null},"geometry":{"type":"MultiPolygon","coordinates":[[[[-83.927153,9.717563],[-83.930282,9.718045],[-83.930414,9.718061],[-83.930304,9.722044],[-83.931133,9.722249],[-83.933843,9.722653],[-83.93675,9.723145],[-83.936614,9.72437],[-83.935832,9.730671],[-83.935621,9.732175],[-83.935259,9.732181],[-83.92988,9.731988],[-83.929843,9.732654],[-83.929821,9.733333],[-83.929779,9.733693],[-83.929475,9.734322],[-83.928997,9.734573],[-83.928516,9.734894],[-83.928041,9.735107],[-83.927565,9.735263],[-83.927104,9.735414],[-83.926786,9.735778],[-83.926531,9.736279],[-83.926099,9.737281],[-83.925913,9.738122],[-83.925932,9.738842],[-83.925927,9.739829],[-83.925628,9.740135],[-83.925035,9.740446],[-83.924677,9.740602],[-83.924079,9.740762],[-83.923456,9.740748],[-83.922794,9.740825],[-83.922373,9.741258],[-83.92201,9.74172],[-83.921485,9.74206],[-83.921108,9.742221],[-83.920583,9.742308],[-83.920049,9.742259],[-83.919333,9.741962],[-83.918757,9.741534],[-83.918203,9.741359],[-83.917409,9.741403],[-83.91688,9.74132],[-83.91638,9.741062],[-83.91613,9.740624],[-83.915905,9.7399],[-83.915601,9.739306],[-83.915219,9.739],[-83.914567,9.7388],[-83.914106,9.73879],[-83.913817,9.738688],[-83.913606,9.738435],[-83.913402,9.738095],[-83.912609,9.737104],[-83.912153,9.736618],[-83.912159,9.736064],[-83.912278,9.732673],[-83.912297,9.732348],[-83.912108,9.732081],[-83.912023,9.731974],[-83.911847,9.731818],[-83.911729,9.731572],[-83.911598,9.731444],[-83.911402,9.731244],[-83.911221,9.731016],[-83.910844,9.730771],[-83.910483,9.730583],[-83.910368,9.730514],[-83.910358,9.73026],[-83.910343,9.729995],[-83.910145,9.729652],[-83.910044,9.729489],[-83.909645,9.729377],[-83.909128,9.729277],[-83.908833,9.729107],[-83.909265,9.72893],[-83.909498,9.728842],[-83.909718,9.728672],[-83.909929,9.72839],[-83.910189,9.728222],[-83.910373,9.728072],[-83.910721,9.728025],[-83.910932,9.728028],[-83.911049,9.728203],[-83.911226,9.728337],[-83.911522,9.728502],[-83.911802,9.728471],[-83.912015,9.728371],[-83.91226,9.728164],[-83.912395,9.728138],[-83.912618,9.728216],[-83.91289,9.728366],[-83.913047,9.728422],[-83.913299,9.728478],[-83.913547,9.728432],[-83.913834,9.728187],[-83.914013,9.727929],[-83.914177,9.727815],[-83.914383,9.727788],[-83.914738,9.727929],[-83.914986,9.728019],[-83.915221,9.728148],[-83.915934,9.728161],[-83.916179,9.727905],[-83.916307,9.727645],[-83.916322,9.727392],[-83.916493,9.727273],[-83.916741,9.727246],[-83.917045,9.727254],[-83.91729,9.727157],[-83.917547,9.726965],[-83.917832,9.72678],[-83.918003,9.726452],[-83.918136,9.726367],[-83.918557,9.726274],[-83.918846,9.726277],[-83.919442,9.726177],[-83.9198,9.724101],[-83.92015,9.721327],[-83.92041,9.718973],[-83.92055,9.7181],[-83.92092,9.716742],[-83.921381,9.716799],[-83.922474,9.716901],[-83.92333,9.71702],[-83.923859,9.717108],[-83.924259,9.717175],[-83.925472,9.71733],[-83.926278,9.717424],[-83.927153,9.717563]],[[-83.930002,9.728702],[-83.930505,9.72317],[-83.926138,9.722459],[-83.923604,9.722109],[-83.921295,9.721787],[-83.921245,9.727331],[-83.923044,9.727631],[-83.925909,9.728066],[-83.929336,9.728609],[-83.930002,9.728702]]]]}},{"type":"Feature","properties":{"id":254,"CLASE":"","DETALLE":null,"RELAC. ASP":"Fuera de P.N. Tapanti","ITCO_PROP":"AUGUSTO CALVO CALDERON Y BIENVENIDO NUÑEZ CORDOBA","ITCO_SIMB":"N C ","ITCO_MONTO":null,"ITCO_OBS":null,"ITCO_FILA":204,"ITCO_JOIN":"Coincidencia por Nº de Parcela"},"geometry":{"type":"MultiPolygon","coordinates":[[[[-83.929475,9.734322],[-83.929779,9.733693],[-83.929821,9.733333],[-83.929843,9.732654],[-83.92988,9.731988],[-83.935259,9.732181],[-83.935621,9.732175],[-83.935606,9.732281],[-83.933474,9.733511],[-83.933454,9.73372],[-83.932895,9.733953],[-83.932542,9.73425],[-83.931758,9.734653],[-83.931424,9.734945],[-83.931285,9.734989],[-83.930542,9.735536],[-83.930259,9.735616],[-83.93007,9.735777],[-83.929813,9.735956],[-83.929379,9.73619],[-83.929475,9.734322]]]]}},{"type":"Feature","properties":{"id":257,"CLASE":"","DETALLE":null,"RELAC. ASP":"Dentro de R.F. Rio Macho","ITCO_PROP":"MIGUEL ARAYA RODRIGUEZ","ITCO_SIMB":"N C ","ITCO_MONTO":null,"ITCO_OBS":null,"ITCO_FILA":207,"ITCO_JOIN":"Coincidencia por Nº de Parcela"},"geometry":{"type":"MultiPolygon","coordinates":[[[[-83.921272,9.724356],[-83.930267,9.725785],[-83.930002,9.728702],[-83.929336,9.728609],[-83.925909,9.728066],[-83.923044,9.727631],[-83.921245,9.727331],[-83.921272,9.724356]]]]}},{"type":"Feature","properties":{"id":256,"CLASE":"","DETALLE":null,"RELAC. ASP":"Dentro de R.F. Rio Macho","ITCO_PROP":"FERNANDO CERDAS FUENTES","ITCO_SIMB":"N C ","ITCO_MONTO":null,"ITCO_OBS":null,"ITCO_FILA":206,"ITCO_JOIN":"Coincidencia por Nº de Parcela"},"geometry":{"type":"MultiPolygon","coordinates":[[[[-83.930267,9.725785],[-83.921272,9.724356],[-83.921295,9.721787],[-83.923604,9.722109],[-83.926138,9.722459],[-83.930505,9.72317],[-83.930267,9.725785]]]]}},{"type":"Feature","properties":{"id":132,"CLASE":"","DETALLE":null,"RELAC. ASP":"Dentro de R.F. Rio Macho","ITCO_PROP":"JULIO FONSECA MORA","ITCO_SIMB":"( S P G P - N m","ITCO_MONTO":null,"ITCO_OBS":null,"ITCO_FILA":84,"ITCO_JOIN":"Coincidencia por Nº de Parcela"},"geometry":{"type":"MultiPolygon","coordinates":[[[[-83.934422,9.718659],[-83.93387,9.722525],[-83.93387,9.722658],[-83.933843,9.722653],[-83.931133,9.722249],[-83.930304,9.722044],[-83.930414,9.718061],[-83.932149,9.718266],[-83.933295,9.718422],[-83.934398,9.718656],[-83.934422,9.718659]]]]}},{"type":"Feature","properties":{"id":194,"CLASE":"","DETALLE":null,"RELAC. ASP":"Dentro de R.F. Rio Macho","ITCO_PROP":"VICTOR ANGULO BARQUERO","ITCO_SIMB":"( S P G P ) ","ITCO_MONTO":null,"ITCO_OBS":null,"ITCO_FILA":145,"ITCO_JOIN":"Coincidencia por Nº de Parcela"},"geometry":{"type":"MultiPolygon","coordinates":[[[[-83.836198,9.656202],[-83.835632,9.656168],[-83.835184,9.656012],[-83.835105,9.655885],[-83.834941,9.655535],[-83.834849,9.655314],[-83.83547,9.65509],[-83.835758,9.654804],[-83.835849,9.654598],[-83.836038,9.654209],[-83.836153,9.653809],[-83.836277,9.653377],[-83.836556,9.653156],[-83.83728,9.652839],[-83.838424,9.652497],[-83.838727,9.652407],[-83.838734,9.652405],[-83.838734,9.652405],[-83.838861,9.652373],[-83.838889,9.652366],[-83.839566,9.652197],[-83.83998,9.652046],[-83.847918,9.649717],[-83.848114,9.650364],[-83.847731,9.651891],[-83.847358,9.652893],[-83.847436,9.6537],[-83.847989,9.654566],[-83.848445,9.655194],[-83.848837,9.655734],[-83.848302,9.655771],[-83.847681,9.65577],[-83.846571,9.65577],[-83.845519,9.655802],[-83.844257,9.65574],[-83.842481,9.655707],[-83.841827,9.655678],[-83.840807,9.656567],[-83.840529,9.65663],[-83.840083,9.656846],[-83.839191,9.65705],[-83.83761,9.657007],[-83.837421,9.656815],[-83.836686,9.656509],[-83.836522,9.656341],[-83.836198,9.656202]]]]}},{"type":"Feature","properties":{"id":245,"CLASE":"","DETALLE":null,"RELAC. ASP":"Parcialmente dentro de R.F. Rio Macho","ITCO_PROP":"HERNMINIO Y TEODORO MENA Y HERNAN FALLAS TORRES","ITCO_SIMB":"N C ","ITCO_MONTO":null,"ITCO_OBS":null,"ITCO_FILA":195,"ITCO_JOIN":"Coincidencia por Nº de Parcela"},"geometry":{"type":"MultiPolygon","coordinates":[[[[-83.702624,9.555533],[-83.702578,9.555324],[-83.702482,9.555247],[-83.702331,9.555124],[-83.702133,9.555036],[-83.702037,9.554655],[-83.70129,9.554547],[-83.700749,9.554455],[-83.700288,9.55427],[-83.699623,9.554235],[-83.699027,9.554184],[-83.698145,9.554203],[-83.69763,9.554218],[-83.69693,9.554217],[-83.696295,9.554193],[-83.695552,9.554258],[-83.695231,9.554237],[-83.694838,9.554257],[-83.694347,9.554272],[-83.694122,9.554297],[-83.693871,9.554374],[-83.693577,9.554391],[-83.693246,9.554388],[-83.693031,9.554465],[-83.692762,9.554667],[-83.692313,9.554902],[-83.692088,9.555129],[-83.69186,9.555347],[-83.69165,9.555731],[-83.691503,9.55586],[-83.691222,9.556094],[-83.691137,9.556194],[-83.690744,9.556343],[-83.690496,9.556583],[-83.690339,9.556717],[-83.690274,9.556773],[-83.69009,9.556913],[-83.690036,9.556946],[-83.68989,9.557037],[-83.689852,9.557061],[-83.689849,9.557066],[-83.689794,9.557181],[-83.689705,9.557262],[-83.689585,9.557254],[-83.689366,9.557118],[-83.689136,9.557023],[-83.688823,9.5569],[-83.6887,9.55687],[-83.688683,9.556866],[-83.688316,9.556854],[-83.688099,9.5568],[-83.687991,9.556815],[-83.687877,9.556874],[-83.687774,9.556956],[-83.687718,9.557001],[-83.687509,9.557145],[-83.687387,9.557152],[-83.687215,9.557008],[-83.687081,9.556876],[-83.686919,9.556803],[-83.686681,9.556789],[-83.686557,9.556829],[-83.686426,9.556862],[-83.686269,9.556852],[-83.686103,9.556802],[-83.68589,9.556771],[-83.68575,9.556769],[-83.685529,9.556617],[-83.685089,9.556519],[-83.684809,9.556655],[-83.684724,9.556587],[-83.68467,9.556533],[-83.684532,9.556548],[-83.684265,9.556533],[-83.684035,9.556419],[-83.683486,9.556162],[-83.683074,9.55602],[-83.682766,9.555923],[-83.682567,9.555935],[-83.682303,9.555978],[-83.682075,9.555939],[-83.68181,9.55571],[-83.681737,9.555501],[-83.681473,9.555228],[-83.681348,9.555146],[-83.681289,9.555053],[-83.681164,9.554895],[-83.680934,9.554649],[-83.680792,9.554542],[-83.68035,9.554031],[-83.68021,9.553661],[-83.680035,9.552917],[-83.679727,9.551823],[-83.679166,9.549541],[-83.679254,9.549473],[-83.679906,9.549187],[-83.680761,9.548867],[-83.681626,9.548515],[-83.682128,9.548841],[-83.68225,9.548985],[-83.682576,9.549124],[-83.682828,9.549452],[-83.683244,9.54963],[-83.684094,9.54968],[-83.685552,9.549747],[-83.687293,9.549901],[-83.688866,9.550085],[-83.689941,9.550303],[-83.690009,9.550293],[-83.690073,9.55012],[-83.69023,9.550074],[-83.690524,9.549958],[-83.690706,9.54981],[-83.690943,9.549586],[-83.69123,9.549513],[-83.691475,9.549235],[-83.692232,9.549236],[-83.693687,9.549218],[-83.694072,9.549172],[-83.694319,9.549106],[-83.694506,9.549012],[-83.694959,9.548806],[-83.695008,9.548711],[-83.695895,9.548378],[-83.696253,9.548165],[-83.696528,9.547732],[-83.696817,9.547526],[-83.697784,9.547697],[-83.698698,9.547785],[-83.700114,9.547974],[-83.701931,9.548291],[-83.70252,9.548357],[-83.702711,9.548491],[-83.703054,9.548759],[-83.703397,9.549051],[-83.703972,9.549477],[-83.70454,9.550022],[-83.70488,9.550509],[-83.705044,9.550869],[-83.705188,9.551056],[-83.705924,9.5521],[-83.70625,9.552594],[-83.706304,9.552667],[-83.706622,9.553187],[-83.70672,9.553319],[-83.706747,9.553357],[-83.702874,9.555433],[-83.702624,9.555533]]]]}},{"type":"Feature","properties":{"id":498,"CLASE":"","DETALLE":"Sitio El Roble S.A.","RELAC. ASP":"Dentro de R.F. Rio Macho","ITCO_PROP":null,"ITCO_SIMB":null,"ITCO_MONTO":null,"ITCO_OBS":null,"ITCO_FILA":null,"ITCO_JOIN":null},"geometry":{"type":"MultiPolygon","coordinates":[[[[-83.688329,9.578953],[-83.688113,9.578994],[-83.687648,9.578838],[-83.687261,9.578419],[-83.686605,9.578093],[-83.685948,9.578243],[-83.685114,9.579035],[-83.684602,9.579278],[-83.683397,9.579233],[-83.682936,9.579164],[-83.682819,9.579247],[-83.682544,9.579286],[-83.682084,9.57913],[-83.681418,9.578526],[-83.680958,9.578156],[-83.680816,9.577786],[-83.680469,9.576847],[-83.679901,9.576599],[-83.679034,9.576389],[-83.678108,9.576194],[-83.677702,9.575974],[-83.677864,9.575099],[-83.678031,9.574861],[-83.678061,9.574472],[-83.677826,9.573888],[-83.67764,9.573567],[-83.677552,9.573071],[-83.678038,9.572488],[-83.678117,9.571793],[-83.67874,9.570796],[-83.678712,9.570091],[-83.680285,9.569314],[-83.681045,9.568766],[-83.681712,9.56844],[-83.682084,9.567998],[-83.683573,9.568447],[-83.684965,9.568866],[-83.6864,9.569237],[-83.688305,9.569832],[-83.688472,9.570051],[-83.688539,9.572766],[-83.688412,9.573623],[-83.688239,9.575393],[-83.688359,9.578014],[-83.688329,9.578953]]]]}},{"type":"Feature","properties":{"id":114,"CLASE":"","DETALLE":null,"RELAC. ASP":"Fuera de P.N. Tapanti","ITCO_PROP":"GUSTAVO CAMACHO CHAVARIA","ITCO_SIMB":"(S.I.-P.F.)","ITCO_MONTO":null,"ITCO_OBS":null,"ITCO_FILA":67,"ITCO_JOIN":"Coincidencia por Nº de Parcela"},"geometry":{"type":"MultiPolygon","coordinates":[[[[-83.70902,9.555845],[-83.710799,9.555297],[-83.715533,9.553618],[-83.718939,9.552429],[-83.722625,9.551124],[-83.722549,9.554285],[-83.722469,9.555977],[-83.722365,9.557543],[-83.722002,9.557392],[-83.721748,9.557231],[-83.721542,9.556842],[-83.721582,9.55584],[-83.721597,9.555446],[-83.721463,9.555167],[-83.721277,9.554853],[-83.720763,9.5545],[-83.719793,9.554494],[-83.718352,9.554632],[-83.717181,9.554869],[-83.716083,9.555179],[-83.711731,9.556503],[-83.709328,9.5571],[-83.708726,9.556243],[-83.708662,9.556019],[-83.708612,9.555962],[-83.70902,9.555845]]]]}},{"type":"Feature","properties":{"id":111,"CLASE":"","DETALLE":null,"RELAC. ASP":"Fuera de P.N. Tapanti","ITCO_PROP":"MANUEL TENCIO","ITCO_SIMB":"(S.I.-P.F.)","ITCO_MONTO":null,"ITCO_OBS":null,"ITCO_FILA":64,"ITCO_JOIN":"Coincidencia por Nº de Parcela"},"geometry":{"type":"MultiPolygon","coordinates":[[[[-83.729637,9.55993],[-83.729713,9.556889],[-83.731068,9.556771],[-83.733662,9.556444],[-83.736597,9.556182],[-83.737028,9.55731],[-83.73758,9.559032],[-83.737819,9.559922],[-83.736928,9.55979],[-83.736119,9.559785],[-83.73536,9.559833],[-83.734331,9.560114],[-83.733522,9.560279],[-83.732194,9.560287],[-83.730955,9.560432],[-83.730264,9.560208],[-83.729637,9.55993]]]]}},{"type":"Feature","properties":{"id":113,"CLASE":"","DETALLE":null,"RELAC. ASP":"Fuera de P.N. Tapanti","ITCO_PROP":"TELEVISORA DE COTA RICA","ITCO_SIMB":"(S.I.-P.F.)","ITCO_MONTO":null,"ITCO_OBS":null,"ITCO_FILA":66,"ITCO_JOIN":"Coincidencia por Nº de Parcela"},"geometry":{"type":"MultiPolygon","coordinates":[[[[-83.724095,9.55437],[-83.723819,9.557553],[-83.722775,9.55761],[-83.722365,9.557543],[-83.722469,9.555977],[-83.722549,9.554285],[-83.722549,9.55428],[-83.724095,9.55437]]]]}},{"type":"Feature","properties":{"id":112,"CLASE":"","DETALLE":null,"RELAC. ASP":"Fuera de P.N. Tapanti","ITCO_PROP":"HILARIO ABARCA ROMERO","ITCO_SIMB":"(S.I.-P.F.)","ITCO_MONTO":null,"ITCO_OBS":null,"ITCO_FILA":65,"ITCO_JOIN":"Coincidencia por Nº de Parcela"},"geometry":{"type":"MultiPolygon","coordinates":[[[[-83.729713,9.556889],[-83.729637,9.55993],[-83.728971,9.559838],[-83.728344,9.559837],[-83.727521,9.559929],[-83.72681,9.56005],[-83.726369,9.559908],[-83.725865,9.559524],[-83.725459,9.559183],[-83.725282,9.558847],[-83.725136,9.55857],[-83.724827,9.558195],[-83.724161,9.557811],[-83.723819,9.557553],[-83.724095,9.55437],[-83.727945,9.556148],[-83.729713,9.556889]]]]}},{"type":"Feature","properties":{"id":235,"CLASE":"","DETALLE":null,"RELAC. ASP":"Dentro de R.F. Rio Macho","ITCO_PROP":"ISAIAS RETANA ARIAS","ITCO_SIMB":"N C ","ITCO_MONTO":null,"ITCO_OBS":null,"ITCO_FILA":185,"ITCO_JOIN":"Coincidencia por Nº de Parcela"},"geometry":{"type":"MultiPolygon","coordinates":[[[[-83.726313,9.559866],[-83.71893,9.567301],[-83.718909,9.575393],[-83.718879,9.577056],[-83.719022,9.590066],[-83.718449,9.589799],[-83.717025,9.589613],[-83.716081,9.589351],[-83.715261,9.589266],[-83.714534,9.589119],[-83.714371,9.589227],[-83.713866,9.589141],[-83.711931,9.58896],[-83.709506,9.588593],[-83.707791,9.588324],[-83.702867,9.587722],[-83.699134,9.587149],[-83.695979,9.586651],[-83.695053,9.586572],[-83.695073,9.586266],[-83.695686,9.585323],[-83.69916,9.580313],[-83.699455,9.580078],[-83.701499,9.577123],[-83.703944,9.573683],[-83.704226,9.57327],[-83.704556,9.572811],[-83.704967,9.57228],[-83.705468,9.571558],[-83.705975,9.570838],[-83.718037,9.554696],[-83.718037,9.554696],[-83.718352,9.554632],[-83.719793,9.554494],[-83.720763,9.5545],[-83.720775,9.554508],[-83.721277,9.554853],[-83.721463,9.555167],[-83.721597,9.555446],[-83.721582,9.55584],[-83.721542,9.556842],[-83.721748,9.557231],[-83.722002,9.557392],[-83.722365,9.557543],[-83.722775,9.55761],[-83.722908,9.557603],[-83.722663,9.558033],[-83.722624,9.558279],[-83.722484,9.558481],[-83.722224,9.55895],[-83.721689,9.560272],[-83.720953,9.561745],[-83.720432,9.562802],[-83.719826,9.563964],[-83.719787,9.564161],[-83.720916,9.564587],[-83.721359,9.564724],[-83.721511,9.564471],[-83.722051,9.563278],[-83.722728,9.562023],[-83.722954,9.561464],[-83.723546,9.560293],[-83.723879,9.559824],[-83.724051,9.559255],[-83.724527,9.558409],[-83.724714,9.55813],[-83.724827,9.558195],[-83.725136,9.55857],[-83.725282,9.558847],[-83.725459,9.559183],[-83.725865,9.559524],[-83.726313,9.559866]]]]}},{"type":"Feature","properties":{"id":234,"CLASE":"","DETALLE":null,"RELAC. ASP":"Dentro de R.F. Rio Macho","ITCO_PROP":"ANTONIO RETANA ELIZONDO","ITCO_SIMB":"N C ","ITCO_MONTO":null,"ITCO_OBS":null,"ITCO_FILA":184,"ITCO_JOIN":"Coincidencia por Nº de Parcela"},"geometry":{"type":"MultiPolygon","coordinates":[[[[-83.724714,9.55813],[-83.724527,9.558409],[-83.724051,9.559255],[-83.723879,9.559824],[-83.723546,9.560293],[-83.722954,9.561464],[-83.722728,9.562023],[-83.722051,9.563278],[-83.721511,9.564471],[-83.721359,9.564724],[-83.720916,9.564587],[-83.719787,9.564161],[-83.719826,9.563964],[-83.720432,9.562802],[-83.720953,9.561745],[-83.721689,9.560272],[-83.722224,9.55895],[-83.722484,9.558481],[-83.722624,9.558279],[-83.722663,9.558033],[-83.722908,9.557603],[-83.723819,9.557553],[-83.724161,9.557811],[-83.724714,9.55813]]]]}},{"type":"Feature","properties":{"id":null,"CLASE":"","DETALLE":"Ana L. Jimenez","RELAC. ASP":"Dentro de R.F. Rio Macho","ITCO_PROP":null,"ITCO_SIMB":null,"ITCO_MONTO":null,"ITCO_OBS":null,"ITCO_FILA":null,"ITCO_JOIN":null},"geometry":{"type":"MultiPolygon","coordinates":[[[[-83.718909,9.575393],[-83.71893,9.567301],[-83.719508,9.567107],[-83.720086,9.566838],[-83.720491,9.566714],[-83.720892,9.566512],[-83.72113,9.56643],[-83.721272,9.566284],[-83.721439,9.565946],[-83.721917,9.565682],[-83.722652,9.565424],[-83.723137,9.56533],[-83.723698,9.565182],[-83.724285,9.564507],[-83.72474,9.564235],[-83.725154,9.564113],[-83.725331,9.564038],[-83.72571,9.567951],[-83.725927,9.570824],[-83.725542,9.570839],[-83.724947,9.571086],[-83.724636,9.571144],[-83.72428,9.571358],[-83.72405,9.571509],[-83.72357,9.571564],[-83.722952,9.571654],[-83.722714,9.571938],[-83.722195,9.572317],[-83.721738,9.573012],[-83.721022,9.573751],[-83.720414,9.574528],[-83.720047,9.574839],[-83.719669,9.575097],[-83.718909,9.575393]]]]}},{"type":"Feature","properties":{"id":null,"CLASE":"","DETALLE":null,"RELAC. ASP":"Fuera de P.N. Tapanti","ITCO_PROP":null,"ITCO_SIMB":null,"ITCO_MONTO":null,"ITCO_OBS":null,"ITCO_FILA":null,"ITCO_JOIN":null},"geometry":{"type":"MultiPolygon","coordinates":[[[[-83.741127,9.566013],[-83.740796,9.565907],[-83.739762,9.565755],[-83.739395,9.565745],[-83.739177,9.565726],[-83.739278,9.565394],[-83.739209,9.564986],[-83.738832,9.564363],[-83.738294,9.563565],[-83.738149,9.563081],[-83.738099,9.562913],[-83.738055,9.562227],[-83.738403,9.561878],[-83.73891,9.561701],[-83.739163,9.561625],[-83.739486,9.561353],[-83.739527,9.560951],[-83.740741,9.560964],[-83.741358,9.561201],[-83.742732,9.561537],[-83.742715,9.561613],[-83.742064,9.563801],[-83.741716,9.564773],[-83.74148,9.565561],[-83.741127,9.566013]]]]}},{"type":"Feature","properties":{"id":null,"CLASE":"","DETALLE":null,"RELAC. ASP":"Dentro de P.N. Tapanti","ITCO_PROP":null,"ITCO_SIMB":null,"ITCO_MONTO":null,"ITCO_OBS":null,"ITCO_FILA":null,"ITCO_JOIN":null},"geometry":{"type":"MultiPolygon","coordinates":[[[[-83.761254,9.607904],[-83.759363,9.607696],[-83.759245,9.607604],[-83.759335,9.606733],[-83.759348,9.606638],[-83.761349,9.606781],[-83.761254,9.607904]]]]}},{"type":"Feature","properties":{"id":null,"CLASE":"","DETALLE":null,"RELAC. ASP":"Dentro de R.F. Rio Macho","ITCO_PROP":null,"ITCO_SIMB":null,"ITCO_MONTO":null,"ITCO_OBS":null,"ITCO_FILA":null,"ITCO_JOIN":null},"geometry":{"type":"MultiPolygon","coordinates":[[[[-83.833253,9.643466],[-83.833523,9.643247],[-83.833706,9.643114],[-83.83391,9.643016],[-83.83402,9.642868],[-83.834672,9.642922],[-83.835064,9.642947],[-83.835289,9.642813],[-83.835488,9.642529],[-83.835767,9.642341],[-83.836039,9.642344],[-83.836204,9.642193],[-83.836272,9.642035],[-83.836407,9.64188],[-83.836566,9.64187],[-83.836946,9.641591],[-83.837503,9.641017],[-83.837746,9.640667],[-83.837685,9.640327],[-83.837628,9.640132],[-83.837675,9.639779],[-83.838091,9.63925],[-83.838738,9.638462],[-83.838821,9.638204],[-83.838954,9.638044],[-83.838993,9.637879],[-83.83892,9.63765],[-83.838934,9.63746],[-83.839018,9.637081],[-83.839288,9.636741],[-83.839464,9.636683],[-83.840116,9.636712],[-83.840278,9.636639],[-83.840479,9.636163],[-83.840768,9.635949],[-83.841263,9.635438],[-83.841288,9.634451],[-83.841396,9.634378],[-83.841494,9.634072],[-83.841891,9.633863],[-83.842077,9.633586],[-83.842165,9.634281],[-83.84215,9.634914],[-83.842125,9.635896],[-83.842096,9.636844],[-83.842085,9.637768],[-83.842139,9.638167],[-83.842296,9.638571],[-83.842526,9.639247],[-83.842893,9.639767],[-83.843275,9.640225],[-83.843971,9.640823],[-83.844343,9.641339],[-83.844595,9.641816],[-83.844135,9.641905],[-83.843278,9.642052],[-83.842104,9.642222],[-83.841341,9.642385],[-83.840379,9.642585],[-83.839479,9.642747],[-83.838098,9.642947],[-83.836704,9.64324],[-83.835553,9.64339],[-83.834562,9.643536],[-83.833689,9.64363],[-83.83316,9.643687],[-83.833253,9.643466]]]]}},{"type":"Feature","properties":{"id":34,"CLASE":"","DETALLE":null,"RELAC. ASP":"Fuera de P.N. Tapanti","ITCO_PROP":"JOSE ANGEL RIVERA  ARAGON","ITCO_SIMB":"PENA","ITCO_MONTO":"33.800.05","ITCO_OBS":null,"ITCO_FILA":26,"ITCO_JOIN":"Coincidencia por Nº de Parcela"},"geometry":{"type":"MultiPolygon","coordinates":[[[[-83.842019,9.633423],[-83.842587,9.633311],[-83.843425,9.632932],[-83.845758,9.631941],[-83.846974,9.631378],[-83.848224,9.630824],[-83.850483,9.629814],[-83.850513,9.630314],[-83.850468,9.630762],[-83.850326,9.63119],[-83.850321,9.631725],[-83.850394,9.631941],[-83.8506,9.632233],[-83.85062,9.632359],[-83.850698,9.632909],[-83.850556,9.633181],[-83.850535,9.63466],[-83.848879,9.63551],[-83.846403,9.636671],[-83.844854,9.637478],[-83.843918,9.637827],[-83.842649,9.638444],[-83.842308,9.638606],[-83.842296,9.638571],[-83.842139,9.638167],[-83.842085,9.637768],[-83.842096,9.636844],[-83.842125,9.635896],[-83.84215,9.634914],[-83.842165,9.634281],[-83.842077,9.633586],[-83.842019,9.633423]]]]}},{"type":"Feature","properties":{"id":null,"CLASE":"","DETALLE":null,"RELAC. ASP":"Fuera de P.N. Tapanti","ITCO_PROP":null,"ITCO_SIMB":null,"ITCO_MONTO":null,"ITCO_OBS":null,"ITCO_FILA":null,"ITCO_JOIN":null},"geometry":{"type":"MultiPolygon","coordinates":[[[[-83.739177,9.565726],[-83.739395,9.565745],[-83.739762,9.565755],[-83.740796,9.565907],[-83.741127,9.566013],[-83.741097,9.566051],[-83.740152,9.567669],[-83.739975,9.567997],[-83.738045,9.567602],[-83.73637,9.567317],[-83.736444,9.56706],[-83.737136,9.566531],[-83.73841,9.566225],[-83.73912,9.565914],[-83.739177,9.565726]]]]}},{"type":"Feature","properties":{"id":null,"CLASE":"","DETALLE":null,"RELAC. ASP":"Dentro de R.F. Rio Macho","ITCO_PROP":null,"ITCO_SIMB":null,"ITCO_MONTO":null,"ITCO_OBS":null,"ITCO_FILA":null,"ITCO_JOIN":null},"geometry":{"type":"MultiPolygon","coordinates":[[[[-83.71161,9.559819],[-83.710238,9.560071],[-83.709454,9.560245],[-83.709071,9.560338],[-83.708797,9.560289],[-83.708553,9.559155],[-83.708882,9.558703],[-83.709362,9.558237],[-83.710107,9.557722],[-83.711501,9.55656],[-83.711731,9.556503],[-83.712124,9.556384],[-83.716083,9.555179],[-83.717181,9.554869],[-83.718037,9.554696],[-83.714907,9.558885],[-83.714646,9.559233],[-83.713928,9.559354],[-83.71282,9.559558],[-83.71161,9.559819]]]]}},{"type":"Feature","properties":{"id":1,"CLASE":"Fincas F.P. Nacionales","DETALLE":"Jorge Carabaguiaz","RELAC. ASP":"Fuera de P.N. Tapanti","ITCO_PROP":"AZORÍAS MÉNDEZ CASTRO","ITCO_SIMB":"S.I.","ITCO_MONTO":"-","ITCO_OBS":null,"ITCO_FILA":3,"ITCO_JOIN":"Coincidencia por Nº de Parcela"},"geometry":{"type":"MultiPolygon","coordinates":[[[[-83.775875,9.773347],[-83.775749,9.773503],[-83.775736,9.774249],[-83.775946,9.77475],[-83.776238,9.775271],[-83.776544,9.775584],[-83.776882,9.776056],[-83.777046,9.77627],[-83.777298,9.77657],[-83.777474,9.776944],[-83.777847,9.777338],[-83.778307,9.777533],[-83.778908,9.777497],[-83.779587,9.777366],[-83.780568,9.777406],[-83.780948,9.777415],[-83.781059,9.777462],[-83.781024,9.779281],[-83.781071,9.782131],[-83.777835,9.782109],[-83.777699,9.779434],[-83.777131,9.778763],[-83.776641,9.778198],[-83.776259,9.778169],[-83.775249,9.7781],[-83.77473,9.777857],[-83.774841,9.771856],[-83.776141,9.771908],[-83.775988,9.772311],[-83.775875,9.773347]]]]}},{"type":"Feature","properties":{"id":2,"CLASE":"Fincas F.P. Nacionales","DETALLE":"Jorge Carabaguiaz","RELAC. ASP":"Fuera de P.N. Tapanti","ITCO_PROP":"HERMINIO ARIAS SALAZAR","ITCO_SIMB":"S.I.","ITCO_MONTO":"-","ITCO_OBS":null,"ITCO_FILA":4,"ITCO_JOIN":"Coincidencia por Nº de Parcela"},"geometry":{"type":"MultiPolygon","coordinates":[[[[-83.781059,9.777462],[-83.780948,9.777415],[-83.780568,9.777406],[-83.779587,9.777366],[-83.778908,9.777497],[-83.778307,9.777533],[-83.777847,9.777338],[-83.777474,9.776944],[-83.777298,9.77657],[-83.777046,9.77627],[-83.776882,9.776056],[-83.776544,9.775584],[-83.776238,9.775271],[-83.775946,9.77475],[-83.775736,9.774249],[-83.775749,9.773503],[-83.775875,9.773347],[-83.776242,9.773479],[-83.776517,9.773688],[-83.77684,9.773892],[-83.777257,9.774097],[-83.777855,9.774121],[-83.778625,9.774156],[-83.779193,9.774302],[-83.779732,9.774492],[-83.78033,9.774906],[-83.780467,9.775169],[-83.780604,9.775388],[-83.780859,9.775432],[-83.781129,9.775631],[-83.781761,9.775563],[-83.783154,9.775618],[-83.784217,9.775735],[-83.785119,9.775921],[-83.785953,9.776308],[-83.786193,9.776551],[-83.78531,9.777484],[-83.784755,9.778024],[-83.78449,9.778223],[-83.783495,9.777848],[-83.783294,9.777896],[-83.78301,9.777916],[-83.782745,9.777808],[-83.782172,9.777628],[-83.781559,9.777545],[-83.781059,9.777462]]]]}},{"type":"Feature","properties":{"id":333,"CLASE":"","DETALLE":null,"RELAC. ASP":"Dentro de R.F. Rio Macho","ITCO_PROP":"HUMBERTO BONILLA CALDERON ","ITCO_SIMB":"N C - Nm","ITCO_MONTO":null,"ITCO_OBS":null,"ITCO_FILA":264,"ITCO_JOIN":"Coincidencia por Nº de Parcela"},"geometry":{"type":"MultiPolygon","coordinates":[[[[-83.726011,9.770654],[-83.726263,9.770687],[-83.727316,9.770916],[-83.727916,9.77102],[-83.729132,9.771219],[-83.729829,9.771463],[-83.730956,9.771618],[-83.731601,9.771714],[-83.731603,9.771715],[-83.732765,9.772024],[-83.733744,9.772135],[-83.734226,9.772238],[-83.735219,9.772474],[-83.735753,9.772563],[-83.736798,9.772814],[-83.73837,9.773117],[-83.739363,9.77336],[-83.73966,9.773415],[-83.739919,9.773464],[-83.740794,9.773641],[-83.741743,9.773781],[-83.742707,9.773966],[-83.743293,9.774113],[-83.743967,9.774254],[-83.744004,9.774953],[-83.74481,9.775082],[-83.745424,9.775166],[-83.745145,9.777005],[-83.745136,9.777067],[-83.744992,9.778419],[-83.744863,9.779333],[-83.744746,9.780074],[-83.744606,9.780923],[-83.744548,9.781603],[-83.744431,9.782459],[-83.744352,9.782644],[-83.743546,9.782425],[-83.742607,9.782223],[-83.741416,9.782047],[-83.739865,9.781781],[-83.738441,9.781561],[-83.737718,9.781424],[-83.736299,9.781124],[-83.735105,9.780972],[-83.734649,9.780943],[-83.734068,9.781282],[-83.733616,9.781623],[-83.733291,9.781914],[-83.732792,9.781869],[-83.731988,9.78179],[-83.731429,9.781994],[-83.730541,9.782329],[-83.730021,9.782868],[-83.729462,9.782985],[-83.726305,9.782914],[-83.725702,9.782741],[-83.725467,9.782439],[-83.724992,9.782059],[-83.724612,9.78167],[-83.724213,9.781329],[-83.723595,9.781037],[-83.723174,9.780648],[-83.722105,9.78054],[-83.71985,9.780178],[-83.719449,9.779779],[-83.71995,9.778453],[-83.72014,9.778291],[-83.720199,9.778115],[-83.720107,9.777677],[-83.720166,9.777306],[-83.720152,9.776945],[-83.720133,9.776739],[-83.720126,9.776331],[-83.71993,9.775915],[-83.719916,9.775544],[-83.720142,9.775118],[-83.720439,9.774912],[-83.720877,9.774747],[-83.721236,9.774622],[-83.721663,9.774409],[-83.721945,9.774214],[-83.722223,9.77399],[-83.722613,9.773424],[-83.722862,9.772998],[-83.723007,9.772601],[-83.723175,9.771917],[-83.723274,9.771512],[-83.723356,9.770928],[-83.723535,9.770597],[-83.723794,9.770274],[-83.724065,9.770178],[-83.724339,9.770278],[-83.724543,9.770513],[-83.724788,9.770756],[-83.724969,9.771003],[-83.725191,9.771084],[-83.725444,9.771158],[-83.725685,9.771106],[-83.725855,9.770956],[-83.726011,9.770654]]]]}},{"type":"Feature","properties":{"id":291,"CLASE":"","DETALLE":"Peña","RELAC. ASP":"Dentro de P.N. Tapanti","ITCO_PROP":"CLAUDIO PEÑA CONEJO","ITCO_SIMB":"N C","ITCO_MONTO":null,"ITCO_OBS":null,"ITCO_FILA":234,"ITCO_JOIN":"Coincidencia por Nº de Parcela"},"geometry":{"type":"MultiPolygon","coordinates":[[[[-83.807083,9.721029],[-83.80711,9.720864],[-83.807516,9.720944],[-83.807754,9.721095],[-83.808933,9.721755],[-83.809442,9.721998],[-83.809947,9.722249],[-83.811072,9.722782],[-83.812047,9.723312],[-83.812566,9.72358],[-83.812547,9.723726],[-83.812179,9.724402],[-83.811639,9.724878],[-83.811075,9.7257],[-83.810545,9.726811],[-83.810268,9.727528],[-83.810074,9.728284],[-83.809967,9.728374],[-83.809196,9.728404],[-83.807905,9.728546],[-83.807017,9.728621],[-83.806417,9.728617],[-83.806363,9.728184],[-83.806138,9.727568],[-83.805953,9.726985],[-83.807083,9.721029]]]]}},{"type":"Feature","properties":{"id":null,"CLASE":"","DETALLE":"Proyecto Catie","RELAC. ASP":"Dentro de R.F. Rio Macho","ITCO_PROP":null,"ITCO_SIMB":null,"ITCO_MONTO":null,"ITCO_OBS":null,"ITCO_FILA":null,"ITCO_JOIN":null},"geometry":{"type":"MultiPolygon","coordinates":[[[[-83.681079,9.579028],[-83.680746,9.578858],[-83.680569,9.578882],[-83.679942,9.5791],[-83.679609,9.57909],[-83.679276,9.579032],[-83.679021,9.578817],[-83.678941,9.578316],[-83.678789,9.577961],[-83.678554,9.577776],[-83.678167,9.577898],[-83.677907,9.577897],[-83.677476,9.577659],[-83.677158,9.577235],[-83.67662,9.576534],[-83.676136,9.575693],[-83.675862,9.575542],[-83.675425,9.575687],[-83.675102,9.575872],[-83.674833,9.575677],[-83.674412,9.575137],[-83.67403,9.574606],[-83.673849,9.574489],[-83.673344,9.574285],[-83.673095,9.574036],[-83.672727,9.573963],[-83.67234,9.573778],[-83.67214,9.57371],[-83.672042,9.573505],[-83.671777,9.573369],[-83.671469,9.573301],[-83.670856,9.573315],[-83.670381,9.573285],[-83.669842,9.573294],[-83.669562,9.573688],[-83.667695,9.574343],[-83.666739,9.574706],[-83.666215,9.574672],[-83.664995,9.574714],[-83.664417,9.574792],[-83.663824,9.574903],[-83.663001,9.574805],[-83.661413,9.575071],[-83.662178,9.574284],[-83.662914,9.572991],[-83.663239,9.572174],[-83.663396,9.571017],[-83.663868,9.569578],[-83.664046,9.568498],[-83.664272,9.56774],[-83.6654,9.56638],[-83.666617,9.564756],[-83.668255,9.562696],[-83.669609,9.56117],[-83.670943,9.559372],[-83.671885,9.558469],[-83.673414,9.557575],[-83.674973,9.556546],[-83.676561,9.555691],[-83.677699,9.555119],[-83.678572,9.55405],[-83.679219,9.553603],[-83.680035,9.552917],[-83.68021,9.553661],[-83.68035,9.554031],[-83.680792,9.554542],[-83.680934,9.554649],[-83.680935,9.55465],[-83.681682,9.568455],[-83.681045,9.568766],[-83.680285,9.569314],[-83.678712,9.570091],[-83.67874,9.570796],[-83.678117,9.571793],[-83.678038,9.572488],[-83.677552,9.573071],[-83.67764,9.573567],[-83.677826,9.573888],[-83.678061,9.574472],[-83.678031,9.574861],[-83.677864,9.575099],[-83.677702,9.575974],[-83.678108,9.576194],[-83.679034,9.576389],[-83.679901,9.576599],[-83.680469,9.576847],[-83.680816,9.577786],[-83.680958,9.578156],[-83.681418,9.578526],[-83.681849,9.578917],[-83.681079,9.579028]]]]}},{"type":"Feature","properties":{"id":119,"CLASE":"","DETALLE":null,"RELAC. ASP":"Fuera de P.N. Tapanti","ITCO_PROP":"EDWIN IGNACIO ARIAS UREÑA","ITCO_SIMB":"S.I.-P.F.","ITCO_MONTO":null,"ITCO_OBS":null,"ITCO_FILA":71,"ITCO_JOIN":"Coincidencia por Nº de Parcela"},"geometry":{"type":"MultiPolygon","coordinates":[[[[-83.702624,9.555533],[-83.702874,9.555433],[-83.706747,9.553357],[-83.707884,9.554964],[-83.708016,9.555105],[-83.708153,9.555358],[-83.708452,9.555781],[-83.708662,9.556019],[-83.708726,9.556243],[-83.709328,9.5571],[-83.708176,9.557497],[-83.706289,9.558033],[-83.703364,9.558838],[-83.702701,9.555885],[-83.702624,9.555533]]]]}},{"type":"Feature","properties":{"id":192,"CLASE":"Finca del Estado","DETALLE":null,"RELAC. ASP":"Dentro de P.N. Tapanti","ITCO_PROP":"ANTINIO RAMIREZ","ITCO_SIMB":"(C E N A ) ","ITCO_MONTO":null,"ITCO_OBS":null,"ITCO_FILA":143,"ITCO_JOIN":"Coincidencia por Nº de Parcela"},"geometry":{"type":"MultiPolygon","coordinates":[[[[-83.853089,9.669427],[-83.851259,9.669258],[-83.850793,9.67004],[-83.85027,9.670957],[-83.849594,9.671994],[-83.848546,9.673955],[-83.848224,9.67379],[-83.847864,9.6738],[-83.847719,9.673979],[-83.847657,9.674107],[-83.847653,9.674259],[-83.847454,9.674402],[-83.847287,9.674625],[-83.847003,9.674747],[-83.846302,9.674761],[-83.845765,9.674527],[-83.845089,9.674682],[-83.844474,9.674997],[-83.844028,9.674885],[-83.843493,9.674614],[-83.843429,9.674338],[-83.843079,9.673828],[-83.842979,9.673365],[-83.842899,9.672758],[-83.842931,9.672316],[-83.842895,9.671837],[-83.84296,9.670899],[-83.842933,9.669635],[-83.842842,9.669166],[-83.842716,9.668709],[-83.842407,9.668005],[-83.842142,9.6668],[-83.841989,9.666752],[-83.841861,9.666449],[-83.84174,9.665856],[-83.841511,9.665547],[-83.841451,9.665134],[-83.841401,9.664865],[-83.841361,9.664366],[-83.84139,9.663456],[-83.84172,9.662854],[-83.841917,9.662304],[-83.842106,9.661689],[-83.842291,9.660908],[-83.842396,9.660221],[-83.842744,9.659567],[-83.842861,9.659312],[-83.842837,9.659048],[-83.84379,9.659054],[-83.846443,9.658976],[-83.847891,9.658944],[-83.849371,9.658347],[-83.850283,9.658206],[-83.850359,9.658733],[-83.850424,9.659108],[-83.850435,9.659666],[-83.850395,9.660201],[-83.850194,9.661043],[-83.850032,9.661605],[-83.849887,9.662136],[-83.849771,9.662429],[-83.849777,9.662892],[-83.849772,9.663221],[-83.84974,9.663504],[-83.850001,9.664162],[-83.850113,9.664831],[-83.850222,9.665381],[-83.850407,9.665716],[-83.850666,9.666183],[-83.851164,9.667063],[-83.851638,9.66775],[-83.852321,9.668452],[-83.853089,9.669427]]]]}},{"type":"Feature","properties":{"id":234,"CLASE":"","DETALLE":null,"RELAC. ASP":"Parcialmente dentro de R.F. Rio Macho","ITCO_PROP":"ANTONIO RETANA ELIZONDO","ITCO_SIMB":"N C ","ITCO_MONTO":null,"ITCO_OBS":null,"ITCO_FILA":184,"ITCO_JOIN":"Coincidencia por Nº de Parcela"},"geometry":{"type":"MultiPolygon","coordinates":[[[[-83.935832,9.730671],[-83.936614,9.72437],[-83.93675,9.723145],[-83.938353,9.723456],[-83.942118,9.724034],[-83.935832,9.730671]]]]}},{"type":"Feature","properties":{"id":134,"CLASE":"Parcial R.F. RIO MACHO","DETALLE":null,"RELAC. ASP":"Parcialmente dentro de R.F. Rio Macho","ITCO_PROP":"ISAIAS SOLANO BRENES","ITCO_SIMB":"S.I. ","ITCO_MONTO":null,"ITCO_OBS":null,"ITCO_FILA":86,"ITCO_JOIN":"Coincidencia por Nº de Parcela"},"geometry":{"type":"MultiPolygon","coordinates":[[[[-83.93675,9.723145],[-83.936904,9.721851],[-83.937299,9.719044],[-83.93765,9.719091],[-83.940167,9.719467],[-83.944255,9.720047],[-83.942118,9.724034],[-83.938353,9.723456],[-83.93675,9.723145]]]]}},{"type":"Feature","properties":{"id":133,"CLASE":"","DETALLE":null,"RELAC. ASP":"Dentro de R.F. Rio Macho","ITCO_PROP":"JULIO FONSECA MORA","ITCO_SIMB":"( S P G P - N m","ITCO_MONTO":null,"ITCO_OBS":null,"ITCO_FILA":85,"ITCO_JOIN":"Coincidencia por Nº de Parcela"},"geometry":{"type":"MultiPolygon","coordinates":[[[[-83.93387,9.722658],[-83.93387,9.722525],[-83.934422,9.718659],[-83.937299,9.719044],[-83.936904,9.721851],[-83.93675,9.723145],[-83.93387,9.722658]]]]}},{"type":"Feature","properties":{"id":null,"CLASE":"","DETALLE":null,"RELAC. ASP":"Dentro de R.F. Rio Macho","ITCO_PROP":null,"ITCO_SIMB":null,"ITCO_MONTO":null,"ITCO_OBS":null,"ITCO_FILA":null,"ITCO_JOIN":null},"geometry":{"type":"MultiPolygon","coordinates":[[[[-83.938564,9.710981],[-83.938556,9.711879],[-83.93765,9.719091],[-83.934398,9.718656],[-83.933295,9.718422],[-83.932149,9.718266],[-83.932339,9.715427],[-83.932787,9.710251],[-83.932814,9.710256],[-83.935623,9.710563],[-83.938294,9.710938],[-83.938564,9.710981]]]]}},{"type":"Feature","properties":{"id":122,"CLASE":"","DETALLE":null,"RELAC. ASP":"Parcialmente dentro de R.F. Rio Macho","ITCO_PROP":"CLEMENTE VEGA VARGAS","ITCO_SIMB":"\"","ITCO_MONTO":null,"ITCO_OBS":null,"ITCO_FILA":74,"ITCO_JOIN":"Coincidencia por Nº de Parcela"},"geometry":{"type":"MultiPolygon","coordinates":[[[[-83.940941,9.712075],[-83.941122,9.711393],[-83.941647,9.711478],[-83.9452,9.712018],[-83.944255,9.720047],[-83.940167,9.719467],[-83.940941,9.712075]]]]}},{"type":"Feature","properties":{"id":125,"CLASE":"","DETALLE":null,"RELAC. ASP":"Dentro de R.F. Rio Macho","ITCO_PROP":"OCTAVIO GUTIERREZ MASIS","ITCO_SIMB":"(S.I-N.C.)","ITCO_MONTO":null,"ITCO_OBS":null,"ITCO_FILA":77,"ITCO_JOIN":"Coincidencia por Nº de Parcela"},"geometry":{"type":"MultiPolygon","coordinates":[[[[-83.930282,9.718045],[-83.927153,9.717563],[-83.927223,9.716792],[-83.927289,9.716176],[-83.927421,9.715589],[-83.927512,9.714944],[-83.927574,9.713818],[-83.927656,9.71299],[-83.927915,9.712019],[-83.927961,9.71151],[-83.928059,9.710898],[-83.928105,9.710518],[-83.928212,9.709556],[-83.928633,9.709671],[-83.929128,9.709793],[-83.930577,9.709874],[-83.932787,9.710251],[-83.932339,9.715427],[-83.930554,9.715475],[-83.930282,9.718045]]]]}},{"type":"Feature","properties":{"id":295,"CLASE":"Se Investiga Posible Pago","DETALLE":null,"RELAC. ASP":"Dentro de P.N. Tapanti","ITCO_PROP":"ANGEL JIMENEZ MENDEZ","ITCO_SIMB":"C E N A ","ITCO_MONTO":null,"ITCO_OBS":null,"ITCO_FILA":238,"ITCO_JOIN":"Coincidencia por Nº de Parcela"},"geometry":{"type":"MultiPolygon","coordinates":[[[[-83.807688,9.737878],[-83.804727,9.738545],[-83.801111,9.734047],[-83.803439,9.732776],[-83.807688,9.737878]]]]}},{"type":"Feature","properties":{"id":null,"CLASE":"","DETALLE":null,"RELAC. ASP":"Dentro de R.F. Rio Macho","ITCO_PROP":null,"ITCO_SIMB":null,"ITCO_MONTO":null,"ITCO_OBS":null,"ITCO_FILA":null,"ITCO_JOIN":null},"geometry":{"type":"MultiPolygon","coordinates":[[[[-83.695551,9.585162],[-83.695248,9.584926],[-83.69481,9.584474],[-83.694583,9.584089],[-83.694527,9.583771],[-83.694346,9.583566],[-83.694034,9.583497],[-83.693815,9.583382],[-83.693464,9.583106],[-83.693211,9.582809],[-83.69295,9.582476],[-83.692807,9.582169],[-83.692774,9.581926],[-83.692768,9.581627],[-83.692768,9.581309],[-83.692828,9.580925],[-83.692651,9.580737],[-83.692419,9.580628],[-83.69199,9.580506],[-83.691771,9.580297],[-83.691615,9.579946],[-83.691384,9.579724],[-83.691199,9.579494],[-83.690702,9.579435],[-83.690399,9.579292],[-83.690125,9.579183],[-83.68964,9.579321],[-83.689375,9.579367],[-83.689164,9.579258],[-83.689055,9.579024],[-83.68887,9.578986],[-83.688554,9.579002],[-83.688272,9.578964],[-83.688329,9.578953],[-83.688359,9.578014],[-83.688239,9.575393],[-83.688412,9.573623],[-83.688539,9.572766],[-83.688802,9.572966],[-83.68951,9.57337],[-83.690082,9.573716],[-83.690798,9.574166],[-83.691312,9.57447],[-83.692043,9.574955],[-83.692461,9.575209],[-83.692693,9.575249],[-83.692774,9.575263],[-83.693714,9.57656],[-83.695091,9.578597],[-83.695841,9.579622],[-83.696958,9.581413],[-83.697126,9.581649],[-83.697343,9.581762],[-83.699455,9.580078],[-83.69916,9.580313],[-83.695686,9.585323],[-83.695551,9.585162]]]]}},{"type":"Feature","properties":{"id":null,"CLASE":"","DETALLE":"Hilario Abarca Romero","RELAC. ASP":"Dentro de R.F. Rio Macho","ITCO_PROP":null,"ITCO_SIMB":null,"ITCO_MONTO":null,"ITCO_OBS":null,"ITCO_FILA":null,"ITCO_JOIN":null},"geometry":{"type":"MultiPolygon","coordinates":[[[[-83.69274,9.574861],[-83.69257,9.574078],[-83.692408,9.573862],[-83.692378,9.573217],[-83.692127,9.572068],[-83.692284,9.569726],[-83.692327,9.569611],[-83.692335,9.568984],[-83.692208,9.568708],[-83.69213,9.568531],[-83.692018,9.568381],[-83.692011,9.56782],[-83.692886,9.567779],[-83.693501,9.56766],[-83.694333,9.567534],[-83.695037,9.567435],[-83.696161,9.567301],[-83.696044,9.568545],[-83.695884,9.568788],[-83.695897,9.569015],[-83.695717,9.569803],[-83.695595,9.570308],[-83.695438,9.570769],[-83.69374,9.573656],[-83.692774,9.575263],[-83.69274,9.574861]]]]}},{"type":"Feature","properties":{"id":null,"CLASE":"","DETALLE":"Puesto Cuerici","RELAC. ASP":"Dentro de R.F. Rio Macho","ITCO_PROP":null,"ITCO_SIMB":null,"ITCO_MONTO":null,"ITCO_OBS":null,"ITCO_FILA":null,"ITCO_JOIN":null},"geometry":{"type":"MultiPolygon","coordinates":[[[[-83.681682,9.568455],[-83.680935,9.55465],[-83.680934,9.554649],[-83.681164,9.554895],[-83.681289,9.555053],[-83.681348,9.555146],[-83.681473,9.555228],[-83.681737,9.555501],[-83.68181,9.55571],[-83.682075,9.555939],[-83.682303,9.555978],[-83.682567,9.555935],[-83.682766,9.555923],[-83.683074,9.55602],[-83.683486,9.556162],[-83.684035,9.556419],[-83.684265,9.556533],[-83.684532,9.556548],[-83.68467,9.556533],[-83.684724,9.556587],[-83.684809,9.556655],[-83.685089,9.556519],[-83.685529,9.556617],[-83.68575,9.556769],[-83.685924,9.557697],[-83.685991,9.558271],[-83.686141,9.55902],[-83.686278,9.559661],[-83.686395,9.560328],[-83.686459,9.561019],[-83.686598,9.561313],[-83.687052,9.56183],[-83.687361,9.562046],[-83.687624,9.562351],[-83.687927,9.56267],[-83.688115,9.562928],[-83.688362,9.563126],[-83.68852,9.564082],[-83.688572,9.564566],[-83.688651,9.565286],[-83.688778,9.56597],[-83.688934,9.566683],[-83.689045,9.567205],[-83.689132,9.568112],[-83.689208,9.568872],[-83.689359,9.569679],[-83.689428,9.570136],[-83.68957,9.570731],[-83.689535,9.570897],[-83.689381,9.571089],[-83.68916,9.571495],[-83.689024,9.571895],[-83.688849,9.57219],[-83.68866,9.572509],[-83.688539,9.572766],[-83.688472,9.570051],[-83.688305,9.569832],[-83.6864,9.569237],[-83.684965,9.568866],[-83.683573,9.568447],[-83.682084,9.567998],[-83.681712,9.56844],[-83.681543,9.568523],[-83.681682,9.568455]]]]}},{"type":"Feature","properties":{"id":null,"CLASE":"","DETALLE":null,"RELAC. ASP":"Dentro de R.F. Rio Macho","ITCO_PROP":null,"ITCO_SIMB":null,"ITCO_MONTO":null,"ITCO_OBS":null,"ITCO_FILA":null,"ITCO_JOIN":null},"geometry":{"type":"MultiPolygon","coordinates":[[[[-83.715211,9.558477],[-83.705975,9.570838],[-83.702281,9.570817],[-83.699404,9.56979],[-83.697902,9.569228],[-83.697015,9.568296],[-83.696545,9.567816],[-83.696161,9.567301],[-83.696083,9.56731],[-83.696283,9.567287],[-83.69775,9.567123],[-83.69864,9.567093],[-83.699136,9.566851],[-83.699778,9.566829],[-83.700471,9.566718],[-83.700881,9.56658],[-83.701423,9.566569],[-83.701895,9.566504],[-83.702375,9.566382],[-83.703304,9.566217],[-83.703648,9.566152],[-83.704279,9.566095],[-83.704531,9.565431],[-83.704969,9.564333],[-83.705082,9.564003],[-83.705322,9.56348],[-83.705559,9.562812],[-83.705776,9.562375],[-83.705962,9.561841],[-83.706233,9.561277],[-83.706528,9.560236],[-83.705723,9.560289],[-83.704849,9.560196],[-83.704099,9.559881],[-83.703395,9.559527],[-83.702691,9.559165],[-83.702149,9.558704],[-83.701748,9.558135],[-83.701746,9.558068],[-83.701733,9.55742],[-83.702027,9.556952],[-83.702538,9.556407],[-83.702701,9.555885],[-83.703364,9.558838],[-83.706289,9.558033],[-83.708176,9.557497],[-83.709328,9.5571],[-83.711731,9.556503],[-83.711501,9.55656],[-83.710107,9.557722],[-83.709362,9.558237],[-83.708882,9.558703],[-83.708553,9.559155],[-83.708797,9.560289],[-83.709071,9.560338],[-83.709454,9.560245],[-83.710238,9.560071],[-83.71161,9.559819],[-83.71282,9.559558],[-83.713928,9.559354],[-83.714646,9.559233],[-83.714907,9.558885],[-83.715211,9.558477],[-83.715211,9.558477]]],[[[-83.712124,9.556384],[-83.711731,9.556503],[-83.713364,9.556007],[-83.712124,9.556384]]]]}},{"type":"Feature","properties":{"id":null,"CLASE":"","DETALLE":null,"RELAC. ASP":"Dentro de R.F. Rio Macho","ITCO_PROP":null,"ITCO_SIMB":null,"ITCO_MONTO":null,"ITCO_OBS":null,"ITCO_FILA":null,"ITCO_JOIN":null},"geometry":{"type":"MultiPolygon","coordinates":[[[[-83.706156,9.588348],[-83.705916,9.588565],[-83.705604,9.588744],[-83.705263,9.588794],[-83.704787,9.588857],[-83.704121,9.589232],[-83.703712,9.589533],[-83.703392,9.589796],[-83.703083,9.590415],[-83.702923,9.590979],[-83.702745,9.591597],[-83.702526,9.591865],[-83.702029,9.592433],[-83.701662,9.592838],[-83.701261,9.593348],[-83.700751,9.594079],[-83.700574,9.594501],[-83.700329,9.594936],[-83.700135,9.595166],[-83.699589,9.595077],[-83.69936,9.595033],[-83.699105,9.594987],[-83.698975,9.594928],[-83.698821,9.594773],[-83.698777,9.594573],[-83.698821,9.594389],[-83.698901,9.594297],[-83.698906,9.594054],[-83.698818,9.593891],[-83.698695,9.593764],[-83.698538,9.593674],[-83.698194,9.593688],[-83.698064,9.593682],[-83.697963,9.5936],[-83.697874,9.593426],[-83.697856,9.593115],[-83.697942,9.592967],[-83.698069,9.592892],[-83.698275,9.592827],[-83.698442,9.592716],[-83.698608,9.592537],[-83.698815,9.592403],[-83.698987,9.592236],[-83.699057,9.592071],[-83.699013,9.591929],[-83.698948,9.591812],[-83.698628,9.591698],[-83.698346,9.591635],[-83.69819,9.591472],[-83.698043,9.591288],[-83.6979,9.590983],[-83.697731,9.590849],[-83.697176,9.590518],[-83.696906,9.590347],[-83.696553,9.590079],[-83.696401,9.589924],[-83.69617,9.589556],[-83.696061,9.58897],[-83.695893,9.588239],[-83.695842,9.588155],[-83.695851,9.587958],[-83.695916,9.587666],[-83.695995,9.587177],[-83.696012,9.586926],[-83.695979,9.586651],[-83.699134,9.587149],[-83.702867,9.587722],[-83.706281,9.588139],[-83.706156,9.588348]]]]}},{"type":"Feature","properties":{"id":null,"CLASE":"","DETALLE":"TERRITORIO INDIGENA CHIRRIPO","RELAC. ASP":"Dentro de R.F. Rio Macho","ITCO_PROP":null,"ITCO_SIMB":null,"ITCO_MONTO":null,"ITCO_OBS":null,"ITCO_FILA":null,"ITCO_JOIN":null},"geometry":{"type":"MultiPolygon","coordinates":[[[[-83.500173,9.613541],[-83.500847,9.61528],[-83.502125,9.617923],[-83.509825,9.633207],[-83.509769,9.643854],[-83.509657,9.644674],[-83.508801,9.645782],[-83.507792,9.64734],[-83.506976,9.648516],[-83.506878,9.649638],[-83.506214,9.651019],[-83.505425,9.652866],[-83.505203,9.654029],[-83.505187,9.655123],[-83.505022,9.655452],[-83.504248,9.656422],[-83.503281,9.657406],[-83.501942,9.658526],[-83.501113,9.659524],[-83.500257,9.660057],[-83.499525,9.660288],[-83.498945,9.661122],[-83.498544,9.662025],[-83.498212,9.662681],[-83.498059,9.663475],[-83.497836,9.664816],[-83.4972,9.665773],[-83.496454,9.667058],[-83.495029,9.669492],[-83.495181,9.669738],[-83.508617,9.677462],[-83.511364,9.685116],[-83.51433,9.684614],[-83.519072,9.686824],[-83.525596,9.686751],[-83.53002,9.679271],[-83.543133,9.67127],[-83.543427,9.670815],[-83.543762,9.670815],[-83.544172,9.670966],[-83.544689,9.671056],[-83.545106,9.670998],[-83.545648,9.670856],[-83.546017,9.670637],[-83.546552,9.670422],[-83.546896,9.670323],[-83.547334,9.670228],[-83.547655,9.670068],[-83.547983,9.669901],[-83.548228,9.669754],[-83.548466,9.669521],[-83.548898,9.669255],[-83.549153,9.669187],[-83.549581,9.66903],[-83.549984,9.668945],[-83.550477,9.668826],[-83.550902,9.668793],[-83.551243,9.668851],[-83.552115,9.66929],[-83.552635,9.669503],[-83.553307,9.669689],[-83.554003,9.670035],[-83.554948,9.670337],[-83.555609,9.670598],[-83.556233,9.670893],[-83.561329,9.668094],[-83.564112,9.670691],[-83.574166,9.670731],[-83.573979,9.671217],[-83.573776,9.671535],[-83.573558,9.671794],[-83.573227,9.672051],[-83.573009,9.672393],[-83.572843,9.672608],[-83.572857,9.673008],[-83.572967,9.673323],[-83.572948,9.674267],[-83.573016,9.675013],[-83.573046,9.675828],[-83.573056,9.676337],[-83.573207,9.67669],[-83.573538,9.676913],[-83.573934,9.677053],[-83.574503,9.677071],[-83.574741,9.677414],[-83.575023,9.677876],[-83.575367,9.678307],[-83.575708,9.67851],[-83.576129,9.678538],[-83.576684,9.678336],[-83.577005,9.678244],[-83.577605,9.678119],[-83.590441,9.679455],[-83.590702,9.680221],[-83.590905,9.680612],[-83.591208,9.680975],[-83.591538,9.681345],[-83.591835,9.681591],[-83.592021,9.681838],[-83.592027,9.682118],[-83.592123,9.68268],[-83.59235,9.683084],[-83.592591,9.683399],[-83.592956,9.683645],[-83.59317,9.683735],[-83.593584,9.683858],[-83.594045,9.68418],[-83.594438,9.684585],[-83.594603,9.684927],[-83.594492,9.685235],[-83.594251,9.685501],[-83.594133,9.685905],[-83.594132,9.686528],[-83.594207,9.687048],[-83.594524,9.687548],[-83.594875,9.687842],[-83.595317,9.687993],[-83.595834,9.687939],[-83.596448,9.687974],[-83.596861,9.688098],[-83.597261,9.688433],[-83.597322,9.68883],[-83.597329,9.689282],[-83.597577,9.689563],[-83.597721,9.689844],[-83.598052,9.690083],[-83.598382,9.690576],[-83.598534,9.690864],[-83.598961,9.690865],[-83.599471,9.691344],[-83.600361,9.690825],[-83.599556,9.713179],[-83.599862,9.713556],[-83.599917,9.713799],[-83.599772,9.714024],[-83.599478,9.714274],[-83.599116,9.71455],[-83.598609,9.714813],[-83.59827,9.715097],[-83.598153,9.715295],[-83.598149,9.715743],[-83.598276,9.715986],[-83.598545,9.716288],[-83.598941,9.716572],[-83.599451,9.716816],[-83.600013,9.717066],[-83.601037,9.717533],[-83.602291,9.718181],[-83.603587,9.718654],[-83.604166,9.718966],[-83.604645,9.719282],[-83.604948,9.719645],[-83.605417,9.720128],[-83.605468,9.720706],[-83.605532,9.721582],[-83.605363,9.72205],[-83.605399,9.72309],[-83.605305,9.723891],[-83.604918,9.724499],[-83.604614,9.725238],[-83.604055,9.725922],[-83.603592,9.726393],[-83.603426,9.726728],[-83.603377,9.727118],[-83.603066,9.727624],[-83.602645,9.727891],[-83.602142,9.728075],[-83.6019,9.728246],[-83.60172,9.728704],[-83.601216,9.729134],[-83.600609,9.72964],[-83.600229,9.729982],[-83.599704,9.730474],[-83.599386,9.731055],[-83.599061,9.73152],[-83.598847,9.73193],[-83.598474,9.732313],[-83.598328,9.733127],[-83.598073,9.733544],[-83.597665,9.734016],[-83.597361,9.734611],[-83.596974,9.735089],[-83.595883,9.736237],[-83.595247,9.73755],[-83.594949,9.738433],[-83.592574,9.740346],[-83.591655,9.74172],[-83.591503,9.742062],[-83.59128,9.74341],[-83.590866,9.744135],[-83.590664,9.745113],[-83.590092,9.745475],[-83.589422,9.745755],[-83.588615,9.745829],[-83.58785,9.745725],[-83.587539,9.745609],[-83.587402,9.745301],[-83.586912,9.745348],[-83.58625,9.745299],[-83.585829,9.745223],[-83.585236,9.745113],[-83.584705,9.744764],[-83.584009,9.744462],[-83.583527,9.744119],[-83.583382,9.743825],[-83.583051,9.743804],[-83.582933,9.744303],[-83.582636,9.744672],[-83.582402,9.744631],[-83.582009,9.744398],[-83.581761,9.744165],[-83.581209,9.744315],[-83.580953,9.744636],[-83.580766,9.745128],[-83.580511,9.745586],[-83.580282,9.746229],[-83.580013,9.746729],[-83.579674,9.747193],[-83.57919,9.747815],[-83.578362,9.748649],[-83.577947,9.74908],[-83.577416,9.749455],[-83.576712,9.749872],[-83.576415,9.749995],[-83.575808,9.75011],[-83.575221,9.750144],[-83.57516,9.749932],[-83.575077,9.74961],[-83.574851,9.749514],[-83.574514,9.749353],[-83.574217,9.749356],[-83.573765,9.749454],[-83.573482,9.749553],[-83.573037,9.749751],[-83.572771,9.749966],[-83.572471,9.750096],[-83.571798,9.750276],[-83.571305,9.750491],[-83.57077,9.750545],[-83.570546,9.750791],[-83.570393,9.751154],[-83.57031,9.751609],[-83.570113,9.75204],[-83.56974,9.752327],[-83.569385,9.75259],[-83.568926,9.75262],[-83.568557,9.752537],[-83.568305,9.752431],[-83.568143,9.752273],[-83.567868,9.752181],[-83.567543,9.752166],[-83.567409,9.75232],[-83.567143,9.752505],[-83.566853,9.75274],[-83.566218,9.753208],[-83.565821,9.75344],[-83.565351,9.753628],[-83.564944,9.753727],[-83.564586,9.753849],[-83.564141,9.753917],[-83.563637,9.753968],[-83.563202,9.75395],[-83.562734,9.753731],[-83.562317,9.753456],[-83.561844,9.753254],[-83.561314,9.753048],[-83.560983,9.753017],[-83.560307,9.752992],[-83.559827,9.753022],[-83.559282,9.753281],[-83.558867,9.753688],[-83.558684,9.754098],[-83.558577,9.754516],[-83.558449,9.754714],[-83.558166,9.755018],[-83.558007,9.755292],[-83.557641,9.7555],[-83.557364,9.755876],[-83.557216,9.756259],[-83.557036,9.756467],[-83.55668,9.756641],[-83.556301,9.756665],[-83.555846,9.756722],[-83.555377,9.756821],[-83.555186,9.757132],[-83.555082,9.757508],[-83.554913,9.757778],[-83.554709,9.758021],[-83.554512,9.758216],[-83.554267,9.758431],[-83.554081,9.758591],[-83.55387,9.758704],[-83.553708,9.758649],[-83.553564,9.75845],[-83.553443,9.758368],[-83.553316,9.758323],[-83.553153,9.758347],[-83.553039,9.758501],[-83.553015,9.75871],[-83.552922,9.758929],[-83.552721,9.759243],[-83.552334,9.759503],[-83.552055,9.759738],[-83.551703,9.760066],[-83.551547,9.760394],[-83.551063,9.760859],[-83.550835,9.761225],[-83.550566,9.761539],[-83.550248,9.761806],[-83.549934,9.7621],[-83.549341,9.762297],[-83.548847,9.762471],[-83.548254,9.762648],[-83.547657,9.762842],[-83.547136,9.763105],[-83.546693,9.763573],[-83.546365,9.763901],[-83.546082,9.764188],[-83.545785,9.764284],[-83.545382,9.764293],[-83.544972,9.764197],[-83.544499,9.764179],[-83.544026,9.764363],[-83.543612,9.764732],[-83.543212,9.764886],[-83.54268,9.765125],[-83.542266,9.765216],[-83.541745,9.765383],[-83.540951,9.765735],[-83.54021,9.765997],[-83.539695,9.766256],[-83.539436,9.76654],[-83.53888,9.766998],[-83.538338,9.767455],[-83.537931,9.767763],[-83.53732,9.767854],[-83.536872,9.767936],[-83.536482,9.767993],[-83.536099,9.768267],[-83.535777,9.76856],[-83.535549,9.768847],[-83.535111,9.769319],[-83.534455,9.769626],[-83.534072,9.769903],[-83.533844,9.770179],[-83.53364,9.770477],[-83.533266,9.771113],[-83.532955,9.771591],[-83.532782,9.771984],[-83.532447,9.772507],[-83.532298,9.773051],[-83.532256,9.773356],[-83.532083,9.773783],[-83.53179,9.77408],[-83.531451,9.774254],[-83.53101,9.77436],[-83.530413,9.774318],[-83.529844,9.774351],[-83.529382,9.774532],[-83.529133,9.774713],[-83.528771,9.774822],[-83.528453,9.774818],[-83.527919,9.774824],[-83.527453,9.774974],[-83.52697,9.775155],[-83.526566,9.775264],[-83.52589,9.775352],[-83.525459,9.775358],[-83.524907,9.775361],[-83.524366,9.775107],[-83.52379,9.774794],[-83.52319,9.774787],[-83.522817,9.774988],[-83.522268,9.775501],[-83.521933,9.775846],[-83.521467,9.776067],[-83.521036,9.776234],[-83.520439,9.776442],[-83.519735,9.776626],[-83.519186,9.776844],[-83.518879,9.777179],[-83.51851,9.777308],[-83.518164,9.777479],[-83.517764,9.777598],[-83.517184,9.777987],[-83.516811,9.77848],[-83.5163,9.779013],[-83.516002,9.779601],[-83.515677,9.78025],[-83.515242,9.780674],[-83.514635,9.78083],[-83.514076,9.780959],[-83.513876,9.780927],[-83.513646,9.780909],[-83.513394,9.780938],[-83.513205,9.781042],[-83.512928,9.781165],[-83.512651,9.781365],[-83.512509,9.781387],[-83.512131,9.781357],[-83.511857,9.781276],[-83.511494,9.781212],[-83.511287,9.781217],[-83.511085,9.781333],[-83.510743,9.781646],[-83.510536,9.781787],[-83.510389,9.781888],[-83.510235,9.781847],[-83.509944,9.781634],[-83.509736,9.781521],[-83.509444,9.781483],[-83.509273,9.781582],[-83.509025,9.781927],[-83.508874,9.782175],[-83.508738,9.782308],[-83.508458,9.782337],[-83.508169,9.782282],[-83.50789,9.782042],[-83.507628,9.781764],[-83.507454,9.781496],[-83.507072,9.781014],[-83.50675,9.780713],[-83.506508,9.780788],[-83.506287,9.78126],[-83.506182,9.78204],[-83.506085,9.782429],[-83.505774,9.782785],[-83.505346,9.78303],[-83.504974,9.783119],[-83.504518,9.783221],[-83.504152,9.783275],[-83.503801,9.783165],[-83.503235,9.782979],[-83.502815,9.782787],[-83.502325,9.782581],[-83.501912,9.782574],[-83.50158,9.782881],[-83.501352,9.783298],[-83.50113,9.783702],[-83.500764,9.784296],[-83.500467,9.784577],[-83.500101,9.784836],[-83.499784,9.784808],[-83.499356,9.784595],[-83.499129,9.78441],[-83.498488,9.78393],[-83.497854,9.783539],[-83.497282,9.783299],[-83.496495,9.783305],[-83.496136,9.783646],[-83.495742,9.783981],[-83.49537,9.784028],[-83.494797,9.783973],[-83.494377,9.783808],[-83.494108,9.783596],[-83.493578,9.783095],[-83.493164,9.782896],[-83.492743,9.782766],[-83.492171,9.782717],[-83.491764,9.782573],[-83.491151,9.781915],[-83.490842,9.781435],[-83.490642,9.78084],[-83.490375,9.77995],[-83.4901,9.778909],[-83.48973,9.777855],[-83.489297,9.776465],[-83.489022,9.775705],[-83.489064,9.775493],[-83.495009,9.776446],[-83.497281,9.774363],[-83.499014,9.766726],[-83.500412,9.75424],[-83.500206,9.753871],[-83.500096,9.753474],[-83.500234,9.753091],[-83.500428,9.75279],[-83.500635,9.752421],[-83.500746,9.75201],[-83.500678,9.751559],[-83.500596,9.751079],[-83.500735,9.75056],[-83.500942,9.750054],[-83.501054,9.749547],[-83.500944,9.748712],[-83.500905,9.747686],[-83.50125,9.747071],[-83.501872,9.746771],[-83.502451,9.74658],[-83.50339,9.746006],[-83.50386,9.745337],[-83.504348,9.744451],[-83.504721,9.744116],[-83.505108,9.743734],[-83.505577,9.743303],[-83.506171,9.743044],[-83.506792,9.742867],[-83.507234,9.742512],[-83.507662,9.742157],[-83.50818,9.741809],[-83.508553,9.741563],[-83.509132,9.741379],[-83.509436,9.741277],[-83.509788,9.740956],[-83.510016,9.740758],[-83.510417,9.740471],[-83.510631,9.740177],[-83.510886,9.739903],[-83.511211,9.739439],[-83.511854,9.738769],[-83.512302,9.738489],[-83.512744,9.738237],[-83.513117,9.738182],[-83.513641,9.738224],[-83.514075,9.738252],[-83.514627,9.738321],[-83.515172,9.738404],[-83.515944,9.738686],[-83.516626,9.739008],[-83.517012,9.739146],[-83.517578,9.739208],[-83.518185,9.739209],[-83.518647,9.739114],[-83.52934,9.715303],[-83.565315,9.715378],[-83.571394,9.707284],[-83.565551,9.697519],[-83.547357,9.688518],[-83.535358,9.697849],[-83.539226,9.693119],[-83.546309,9.688038],[-83.536315,9.68344],[-83.529357,9.688371],[-83.492835,9.724529],[-83.46853,9.72452],[-83.468459,9.703596],[-83.456466,9.703563],[-83.456507,9.665382],[-83.4823,9.641145],[-83.507868,9.641292],[-83.500173,9.613541]]]]}},{"type":"Feature","properties":{"id":278,"CLASE":"","DETALLE":"Predio parece truncado","RELAC. ASP":"Fuera de P.N. Tapanti","ITCO_PROP":"RAFAEL ANGEL CALDERON GUARDIA","ITCO_SIMB":"C E N A ","ITCO_MONTO":null,"ITCO_OBS":null,"ITCO_FILA":227,"ITCO_JOIN":"Coincidencia por Nº de Parcela"},"geometry":{"type":"MultiPolygon","coordinates":[[[[-83.880111,9.753295],[-83.880689,9.754596],[-83.879716,9.757421],[-83.879184,9.75879],[-83.878646,9.760322],[-83.877941,9.762128],[-83.87772,9.762484],[-83.877948,9.764017],[-83.870931,9.766505],[-83.847899,9.765264],[-83.847778,9.765158],[-83.847661,9.765062],[-83.847516,9.76498],[-83.84734,9.765028],[-83.847047,9.765093],[-83.846871,9.764949],[-83.846526,9.764357],[-83.846244,9.763785],[-83.846358,9.763525],[-83.846696,9.762964],[-83.846669,9.762718],[-83.846296,9.761982],[-83.846104,9.761534],[-83.846086,9.761161],[-83.846404,9.760969],[-83.846752,9.760836],[-83.847118,9.760706],[-83.84737,9.760498],[-83.847625,9.760258],[-83.848115,9.759742],[-83.848202,9.759195],[-83.848447,9.758887],[-83.848643,9.758264],[-83.848816,9.757915],[-83.84903,9.757714],[-83.849223,9.757464],[-83.849568,9.757023],[-83.849689,9.756886],[-83.85001,9.756428],[-83.850317,9.756144],[-83.850635,9.755932],[-83.850887,9.755593],[-83.851152,9.755337],[-83.851449,9.754871],[-83.851794,9.754581],[-83.852098,9.754259],[-83.852563,9.753952],[-83.853057,9.753784],[-83.85366,9.753538],[-83.85444,9.7532],[-83.85602,9.752862],[-83.856451,9.75292],[-83.856985,9.752859],[-83.85771,9.752784],[-83.858065,9.752712],[-83.858769,9.752343],[-83.858621,9.750314],[-83.858463,9.748945],[-83.858374,9.748206],[-83.858564,9.747984],[-83.858998,9.747707],[-83.859302,9.74771],[-83.85984,9.747779],[-83.860243,9.747837],[-83.860512,9.747906],[-83.860643,9.747838],[-83.860806,9.747838],[-83.861019,9.748341],[-83.861329,9.748871],[-83.861471,9.749196],[-83.861836,9.749648],[-83.861964,9.74971],[-83.862009,9.749159],[-83.862168,9.748471],[-83.86253,9.748092],[-83.862702,9.747982],[-83.863065,9.747917],[-83.863754,9.747746],[-83.864237,9.747675],[-83.864648,9.747329],[-83.864758,9.747008],[-83.864817,9.746854],[-83.86525,9.746866],[-83.865822,9.746858],[-83.866385,9.746846],[-83.866887,9.746818],[-83.867204,9.746814],[-83.867767,9.746627],[-83.868269,9.746598],[-83.868569,9.746611],[-83.868988,9.74657],[-83.869548,9.746566],[-83.869864,9.74655],[-83.870226,9.74653],[-83.870621,9.746428],[-83.870954,9.746334],[-83.871415,9.746346],[-83.871698,9.746383],[-83.872303,9.746547],[-83.872911,9.746739],[-83.873117,9.746784],[-83.87382,9.747016],[-83.874466,9.747282],[-83.875177,9.747617],[-83.875974,9.748131],[-83.876414,9.74851],[-83.876743,9.748857],[-83.877051,9.749339],[-83.877347,9.749869],[-83.877594,9.750481],[-83.877848,9.751273],[-83.877881,9.751742],[-83.877869,9.752158],[-83.877901,9.752529],[-83.87802,9.752933],[-83.878218,9.753108],[-83.878596,9.753357],[-83.878793,9.75337],[-83.879233,9.753292],[-83.879583,9.753137],[-83.879896,9.753117],[-83.880017,9.753119],[-83.880111,9.753295]]]]}},{"type":"Feature","properties":{"id":289,"CLASE":"","DETALLE":"Coto Quesada","RELAC. ASP":"Dentro de P.N. Tapanti","ITCO_PROP":"MANUEL COTO QUESADA, HNOS Y SOBRINOS","ITCO_SIMB":"C E N A ","ITCO_MONTO":null,"ITCO_OBS":null,"ITCO_FILA":232,"ITCO_JOIN":"Coincidencia por Nº de Parcela"},"geometry":{"type":"MultiPolygon","coordinates":[[[[-83.811841,9.725138],[-83.812033,9.725411],[-83.812316,9.72574],[-83.812357,9.726253],[-83.812647,9.726821],[-83.812826,9.727252],[-83.813108,9.727588],[-83.813411,9.728177],[-83.813811,9.728991],[-83.814314,9.72973],[-83.814479,9.730079],[-83.814665,9.730873],[-83.815058,9.731626],[-83.815437,9.732379],[-83.815819,9.732963],[-83.815443,9.733328],[-83.814826,9.73367],[-83.814398,9.734064],[-83.81408,9.73458],[-83.813666,9.735141],[-83.813456,9.735586],[-83.813262,9.736023],[-83.813021,9.736533],[-83.812798,9.73689],[-83.812579,9.737207],[-83.812408,9.737552],[-83.812064,9.738005],[-83.81189,9.738159],[-83.811599,9.738351],[-83.811204,9.738498],[-83.811,9.73861],[-83.810802,9.73878],[-83.81065,9.738997],[-83.810534,9.739351],[-83.810353,9.739686],[-83.810204,9.739925],[-83.810025,9.740182],[-83.809663,9.740414],[-83.809366,9.740673],[-83.809108,9.740912],[-83.809067,9.740586],[-83.809051,9.74026],[-83.808936,9.73977],[-83.808969,9.739232],[-83.809093,9.738873],[-83.808994,9.738546],[-83.809016,9.738433],[-83.809044,9.738285],[-83.809233,9.737706],[-83.809587,9.737054],[-83.809916,9.736776],[-83.810171,9.736515],[-83.810287,9.736165],[-83.810295,9.735496],[-83.810296,9.734941],[-83.810185,9.734617],[-83.810155,9.734407],[-83.810103,9.73421],[-83.810051,9.734048],[-83.809981,9.733881],[-83.80983,9.733777],[-83.809701,9.733682],[-83.809589,9.733526],[-83.809543,9.733391],[-83.809531,9.733244],[-83.809549,9.733131],[-83.809593,9.733061],[-83.809662,9.732993],[-83.809847,9.732829],[-83.809966,9.732785],[-83.810024,9.732742],[-83.810118,9.732603],[-83.810183,9.732269],[-83.810237,9.732059],[-83.81018,9.731819],[-83.810071,9.731663],[-83.809957,9.731454],[-83.809868,9.731126],[-83.809741,9.730857],[-83.809673,9.73062],[-83.809641,9.730297],[-83.809633,9.729949],[-83.80965,9.729471],[-83.809677,9.729133],[-83.809772,9.728794],[-83.809974,9.728429],[-83.809967,9.728374],[-83.810074,9.728284],[-83.810268,9.727528],[-83.810545,9.726811],[-83.811075,9.7257],[-83.811639,9.724878],[-83.811657,9.724862],[-83.811841,9.725138]]]]}},{"type":"Feature","properties":{"id":null,"CLASE":"","DETALLE":null,"RELAC. ASP":"Fuera de P.N. Tapanti","ITCO_PROP":null,"ITCO_SIMB":null,"ITCO_MONTO":null,"ITCO_OBS":null,"ITCO_FILA":null,"ITCO_JOIN":null},"geometry":{"type":"MultiPolygon","coordinates":[[[[-83.868154,9.687738],[-83.86781,9.687495],[-83.868638,9.686961],[-83.869024,9.686691],[-83.869869,9.686243],[-83.872211,9.684882],[-83.872945,9.684458],[-83.873142,9.684212],[-83.873704,9.684024],[-83.874297,9.68437],[-83.874725,9.684291],[-83.875625,9.683912],[-83.87589,9.683683],[-83.876435,9.683556],[-83.877187,9.683095],[-83.87779,9.683848],[-83.878094,9.684357],[-83.875456,9.686105],[-83.874988,9.686031],[-83.874511,9.686113],[-83.874059,9.686153],[-83.873672,9.686276],[-83.873483,9.686431],[-83.873179,9.686708],[-83.872817,9.68714],[-83.872455,9.687426],[-83.87206,9.687817],[-83.871764,9.688086],[-83.871603,9.688228],[-83.870892,9.68791],[-83.870571,9.688139],[-83.869971,9.688644],[-83.869568,9.68897],[-83.869321,9.688995],[-83.868836,9.688448],[-83.868392,9.68804],[-83.868154,9.687738]]]]}},{"type":"Feature","properties":{"id":131,"CLASE":"Finca del Estado","DETALLE":null,"RELAC. ASP":"Dentro de P.N. Tapanti","ITCO_PROP":"CARLOS GUTIERREZ CAMACHO","ITCO_SIMB":"S.I.","ITCO_MONTO":null,"ITCO_OBS":null,"ITCO_FILA":83,"ITCO_JOIN":"Coincidencia por Nº de Parcela"},"geometry":{"type":"MultiPolygon","coordinates":[[[[-83.918695,9.716347],[-83.92092,9.716742],[-83.92055,9.7181],[-83.92041,9.718973],[-83.92015,9.721327],[-83.9198,9.724101],[-83.919442,9.726177],[-83.917637,9.725931],[-83.917706,9.725299],[-83.917985,9.722934],[-83.918233,9.720702],[-83.918489,9.718705],[-83.918656,9.716746],[-83.918695,9.716347]]]]}},{"type":"Feature","properties":{"id":232,"CLASE":"","DETALLE":null,"RELAC. ASP":"Dentro de R.F. Rio Macho","ITCO_PROP":"EDUARDO CASTRO SOLANO","ITCO_SIMB":"N C ","ITCO_MONTO":null,"ITCO_OBS":null,"ITCO_FILA":182,"ITCO_JOIN":"Coincidencia por Nº de Parcela"},"geometry":{"type":"MultiPolygon","coordinates":[[[[-83.726313,9.559866],[-83.726369,9.559908],[-83.72681,9.56005],[-83.727521,9.559929],[-83.728344,9.559837],[-83.728971,9.559838],[-83.729637,9.55993],[-83.730264,9.560208],[-83.730955,9.560432],[-83.732194,9.560287],[-83.733522,9.560279],[-83.733795,9.560223],[-83.734331,9.560114],[-83.73536,9.559833],[-83.736119,9.559785],[-83.736928,9.55979],[-83.737819,9.559922],[-83.738292,9.559922],[-83.73885,9.560166],[-83.739242,9.560337],[-83.739418,9.56057],[-83.739531,9.560915],[-83.739527,9.560951],[-83.739486,9.561353],[-83.739163,9.561625],[-83.73891,9.561701],[-83.738825,9.561727],[-83.738403,9.561878],[-83.738055,9.562227],[-83.738099,9.562913],[-83.738294,9.563565],[-83.738832,9.564363],[-83.739209,9.564986],[-83.739278,9.565394],[-83.739177,9.565726],[-83.73912,9.565914],[-83.73841,9.566225],[-83.737136,9.566531],[-83.736444,9.56706],[-83.73637,9.567317],[-83.736277,9.567634],[-83.736336,9.568178],[-83.736492,9.568607],[-83.736791,9.569044],[-83.735361,9.570619],[-83.726798,9.580052],[-83.725927,9.570824],[-83.72571,9.567951],[-83.725331,9.564038],[-83.725154,9.564113],[-83.72474,9.564235],[-83.724285,9.564507],[-83.723698,9.565182],[-83.723137,9.56533],[-83.722652,9.565424],[-83.721917,9.565682],[-83.721439,9.565946],[-83.721272,9.566284],[-83.72113,9.56643],[-83.720892,9.566512],[-83.720491,9.566714],[-83.720086,9.566838],[-83.719508,9.567107],[-83.71893,9.567301],[-83.726313,9.559866]]]]}}]}