{"type":"FeatureCollection","features":[{"type":"Feature","properties":{"origen":"PRCR05/TERRA","nom_objeto":"CURVA_NIV INDICE","elevacion":3000,"codigo":"120101"},"geometry":{"type":"MultiPolygon","coordinates":[[[[-83.724433,9.540356],[-83.724431,9.540359],[-83.724204,9.540583],[-83.723837,9.540689],[-83.723572,9.540692],[-83.723388,9.540646],[-83.723138,9.540541],[-83.722799,9.540347],[-83.722451,9.54024],[-83.722394,9.540247],[-83.722364,9.540289],[-83.722367,9.540524],[-83.72259,9.54134],[-83.722641,9.54211],[-83.722761,9.542307],[-83.722898,9.542464],[-83.723093,9.542627],[-83.723343,9.542759],[-83.723459,9.542886],[-83.723487,9.543105],[-83.723408,9.543364],[-83.723433,9.543498],[-83.72394,9.543796],[-83.724303,9.543852],[-83.724373,9.543926],[-83.724387,9.544246],[-83.724709,9.544889],[-83.724767,9.545109],[-83.724891,9.545723],[-83.724891,9.545916],[-83.7248,9.546134],[-83.724673,9.546297],[-83.724482,9.546386],[-83.723363,9.546385],[-83.723132,9.546425],[-83.723082,9.546463],[-83.723012,9.546669],[-83.723019,9.546873],[-83.72319,9.547291],[-83.723358,9.547612],[-83.723365,9.547822],[-83.723295,9.548028],[-83.723151,9.548094],[-83.722239,9.548124],[-83.721759,9.548221],[-83.721633,9.54827],[-83.721576,9.548321],[-83.721517,9.54848],[-83.721523,9.549074],[-83.721482,9.549184],[-83.721381,9.549319],[-83.721247,9.54943],[-83.720944,9.549617],[-83.720606,9.549772],[-83.720507,9.549876],[-83.720503,9.549944],[-83.720562,9.55005],[-83.72093,9.550433],[-83.721179,9.550835],[-83.721227,9.550975],[-83.721251,9.551192],[-83.721164,9.551538],[-83.72121,9.551626],[-83.721753,9.55197],[-83.722177,9.552054],[-83.72227,9.552095],[-83.722599,9.552358],[-83.722811,9.552478],[-83.723949,9.552893],[-83.724577,9.553337],[-83.72494,9.553691],[-83.72543,9.55396],[-83.725528,9.554064],[-83.725691,9.554334],[-83.725823,9.554439],[-83.726015,9.554495],[-83.726487,9.554531],[-83.726751,9.554623],[-83.726896,9.554749],[-83.726981,9.554898],[-83.726988,9.555336],[-83.727038,9.555523],[-83.727135,9.5556],[-83.727281,9.555644],[-83.727429,9.55576],[-83.727736,9.556233],[-83.727983,9.556823],[-83.728087,9.557559],[-83.728152,9.55771],[-83.72855,9.558049],[-83.728749,9.558391],[-83.728954,9.558557],[-83.729051,9.558608],[-83.729488,9.558712],[-83.729761,9.558908],[-83.729849,9.558939],[-83.730341,9.558947],[-83.730679,9.558824],[-83.730894,9.558788],[-83.731026,9.558796],[-83.731129,9.558837],[-83.73161,9.558875],[-83.731774,9.55893],[-83.732022,9.559149],[-83.732153,9.559219],[-83.732607,9.559338],[-83.732672,9.559331],[-83.733082,9.559128],[-83.733318,9.558903],[-83.733639,9.558671],[-83.733962,9.558537],[-83.734126,9.558525],[-83.734239,9.558564],[-83.73435,9.558665],[-83.734444,9.558816],[-83.734529,9.558852],[-83.734688,9.55871],[-83.734831,9.558475],[-83.73547,9.557914],[-83.735661,9.557683],[-83.735815,9.557559],[-83.736029,9.557496],[-83.736518,9.557491],[-83.736719,9.557545],[-83.737076,9.557717],[-83.737357,9.557923],[-83.737729,9.55805],[-83.738086,9.558042],[-83.738207,9.55799],[-83.738276,9.557919],[-83.738293,9.557827],[-83.73817,9.557537],[-83.738102,9.557245],[-83.738105,9.557074],[-83.738243,9.556745],[-83.738397,9.556497],[-83.738402,9.556259],[-83.738024,9.555828],[-83.73773,9.555383],[-83.737646,9.555027],[-83.737636,9.554866],[-83.737743,9.55431],[-83.737564,9.553769],[-83.73755,9.553647],[-83.737548,9.553254],[-83.737611,9.552951],[-83.73762,9.552458],[-83.737742,9.551827],[-83.737819,9.551611],[-83.738017,9.551397],[-83.738275,9.551407],[-83.738463,9.551511],[-83.73879,9.551991],[-83.738865,9.552249],[-83.738922,9.552623],[-83.739013,9.552845],[-83.739116,9.55299],[-83.739222,9.552984],[-83.739416,9.552909],[-83.739509,9.552942],[-83.739576,9.55311],[-83.739619,9.553389],[-83.739775,9.553844],[-83.739915,9.554036],[-83.74006,9.554105],[-83.740203,9.554095],[-83.740322,9.554001],[-83.74055,9.5536],[-83.740661,9.553487],[-83.740815,9.553471],[-83.741085,9.553564],[-83.741181,9.55357],[-83.741488,9.553538],[-83.741683,9.553478],[-83.741784,9.553348],[-83.741719,9.553049],[-83.741721,9.552989],[-83.741783,9.552906],[-83.742003,9.552901],[-83.742247,9.552979],[-83.742352,9.552968],[-83.742429,9.552927],[-83.742469,9.55277],[-83.742311,9.552506],[-83.742278,9.552376],[-83.742288,9.55203],[-83.742333,9.551893],[-83.742526,9.551635],[-83.742757,9.551469],[-83.743376,9.551128],[-83.743623,9.550912],[-83.743692,9.550812],[-83.743681,9.550726],[-83.743349,9.550319],[-83.74314,9.549943],[-83.742952,9.548929],[-83.742975,9.548791],[-83.743074,9.548607],[-83.743416,9.548135],[-83.743689,9.547903],[-83.74391,9.547815],[-83.74416,9.547794],[-83.744303,9.547752],[-83.744545,9.547548],[-83.7448,9.54706],[-83.74562,9.546299],[-83.745759,9.546022],[-83.745815,9.545708],[-83.745854,9.545634],[-83.745992,9.545532],[-83.7464,9.545428],[-83.746583,9.545351],[-83.746666,9.545292],[-83.746867,9.545054],[-83.747015,9.544767],[-83.747133,9.54446],[-83.768841,9.566096],[-83.768359,9.565905],[-83.768146,9.565867],[-83.767899,9.565884],[-83.767626,9.565848],[-83.767439,9.565759],[-83.767088,9.565502],[-83.76705,9.565513],[-83.767038,9.565571],[-83.76708,9.565634],[-83.767412,9.566003],[-83.767464,9.566124],[-83.767473,9.566353],[-83.767545,9.566463],[-83.767725,9.566488],[-83.767952,9.566462],[-83.768187,9.5665],[-83.768308,9.566614],[-83.768327,9.566667],[-83.768386,9.566961],[-83.768378,9.567289],[-83.768405,9.567497],[-83.768713,9.567979],[-83.76886,9.568315],[-83.769141,9.569019],[-83.769262,9.569489],[-83.769635,9.570043],[-83.769724,9.570123],[-83.77069,9.570509],[-83.771172,9.570719],[-83.77132,9.570831],[-83.771794,9.571382],[-83.772196,9.571747],[-83.772421,9.57212],[-83.772467,9.572413],[-83.772427,9.572517],[-83.772297,9.572614],[-83.771422,9.57294],[-83.771142,9.573072],[-83.77072,9.573312],[-83.770528,9.573468],[-83.769888,9.574196],[-83.769825,9.574322],[-83.76984,9.574408],[-83.76998,9.574702],[-83.770016,9.574913],[-83.769973,9.575048],[-83.769722,9.575325],[-83.769078,9.575802],[-83.769079,9.575908],[-83.769271,9.575915],[-83.76998,9.57579],[-83.770169,9.575718],[-83.770618,9.575456],[-83.770858,9.575349],[-83.771095,9.575277],[-83.771383,9.575268],[-83.771706,9.575412],[-83.771906,9.575586],[-83.77201,9.575754],[-83.772065,9.575939],[-83.772013,9.57662],[-83.771768,9.577316],[-83.771709,9.577724],[-83.771745,9.578058],[-83.771886,9.578384],[-83.772128,9.578701],[-83.77226,9.578771],[-83.772374,9.57876],[-83.772495,9.578713],[-83.773092,9.578351],[-83.773378,9.57828],[-83.775,9.578438],[-83.775346,9.578347],[-83.775823,9.578116],[-83.776175,9.577989],[-83.776466,9.577944],[-83.776682,9.577983],[-83.776885,9.578151],[-83.777161,9.578485],[-83.777668,9.57892],[-83.777989,9.579308],[-83.778149,9.579586],[-83.778237,9.579659],[-83.778644,9.579643],[-83.779257,9.579861],[-83.779711,9.580093],[-83.779943,9.580147],[-83.780108,9.580096],[-83.780449,9.579826],[-83.780692,9.579683],[-83.780891,9.579623],[-83.781443,9.579568],[-83.781961,9.579573],[-83.782408,9.579616],[-83.783082,9.580287],[-83.783017,9.58045],[-83.782842,9.580652],[-83.782359,9.580947],[-83.782256,9.581022],[-83.7822,9.581115],[-83.782241,9.581272],[-83.78267,9.581588],[-83.783418,9.582015],[-83.783526,9.582129],[-83.783579,9.582263],[-83.78358,9.582371],[-83.783532,9.582449],[-83.783462,9.582484],[-83.783271,9.582488],[-83.783058,9.582451],[-83.782719,9.582331],[-83.782593,9.582317],[-83.782384,9.582353],[-83.782274,9.582415],[-83.781898,9.582492],[-83.781237,9.582726],[-83.781047,9.582871],[-83.780715,9.583333],[-83.780715,9.583334],[-83.780644,9.583678],[-83.780623,9.58399],[-83.780553,9.584245],[-83.780446,9.584411],[-83.780045,9.584727],[-83.779615,9.584926],[-83.779366,9.585003],[-83.779202,9.585018],[-83.778665,9.584978],[-83.778463,9.584999],[-83.77813,9.585203],[-83.777649,9.585563],[-83.777176,9.585665],[-83.776738,9.585796],[-83.77662,9.585872],[-83.77654,9.58599],[-83.776411,9.586682],[-83.776467,9.587026],[-83.776479,9.587348],[-83.77642,9.587461],[-83.77619,9.587627],[-83.776001,9.587828],[-83.776248,9.588211],[-83.776319,9.588405],[-83.776385,9.588798],[-83.776354,9.589691],[-83.776243,9.590029],[-83.776128,9.590172],[-83.775964,9.59029],[-83.775906,9.590433],[-83.775919,9.590498],[-83.776019,9.590631],[-83.776493,9.591129],[-83.776516,9.591362],[-83.77641,9.591841],[-83.776428,9.592017],[-83.776498,9.592094],[-83.776666,9.592085],[-83.776902,9.591986],[-83.777491,9.591638],[-83.777691,9.591594],[-83.777805,9.591599],[-83.77784,9.591645],[-83.777758,9.591903],[-83.777569,9.592193],[-83.777448,9.5923],[-83.777081,9.592521],[-83.776694,9.592846],[-83.77661,9.593026],[-83.776589,9.593457],[-83.776542,9.593612],[-83.776502,9.593639],[-83.776184,9.593632],[-83.775951,9.593676],[-83.77567,9.593862],[-83.77543,9.594089],[-83.7753,9.594275],[-83.775206,9.5945],[-83.775096,9.594892],[-83.774989,9.595008],[-83.774641,9.59504],[-83.774273,9.59526],[-83.774155,9.595283],[-83.774086,9.595255],[-83.773865,9.595033],[-83.773739,9.595],[-83.773692,9.595039],[-83.773547,9.595485],[-83.773418,9.595614],[-83.773336,9.595599],[-83.773147,9.595469],[-83.773064,9.595454],[-83.772918,9.595516],[-83.772816,9.595664],[-83.772747,9.59593],[-83.772752,9.596025],[-83.772888,9.596376],[-83.772899,9.596473],[-83.772871,9.596673],[-83.772831,9.596738],[-83.772775,9.59676],[-83.7727,9.596734],[-83.772559,9.59659],[-83.772297,9.59613],[-83.771864,9.595848],[-83.7717,9.595695],[-83.771378,9.59509],[-83.77112,9.595042],[-83.770859,9.594905],[-83.770828,9.595173],[-83.770493,9.595549],[-83.770481,9.595687],[-83.770518,9.59597],[-83.770499,9.59609],[-83.770355,9.596227],[-83.770054,9.596385],[-83.769891,9.596435],[-83.76978,9.596438],[-83.769606,9.596378],[-83.769342,9.596196],[-83.76931,9.596149],[-83.769331,9.596008],[-83.769198,9.595841],[-83.769119,9.595679],[-83.769091,9.595645],[-83.769045,9.595667],[-83.769001,9.596048],[-83.769028,9.596275],[-83.769092,9.596499],[-83.769216,9.596681],[-83.769351,9.596815],[-83.769651,9.597013],[-83.76988,9.597117],[-83.770281,9.597268],[-83.770371,9.597475],[-83.77037,9.597597],[-83.770322,9.597724],[-83.770191,9.597833],[-83.769384,9.597787],[-83.769327,9.597796],[-83.769332,9.597858],[-83.769823,9.598098],[-83.770021,9.598246],[-83.770047,9.59832],[-83.770001,9.598394],[-83.769799,9.598505],[-83.768959,9.598363],[-83.768653,9.59845],[-83.768796,9.598583],[-83.769395,9.599322],[-83.769427,9.599516],[-83.769335,9.599736],[-83.769337,9.599811],[-83.769383,9.599867],[-83.769473,9.599879],[-83.769805,9.599812],[-83.769928,9.59987],[-83.77003,9.599984],[-83.770099,9.600003],[-83.770226,9.59999],[-83.770633,9.599849],[-83.770907,9.599813],[-83.771025,9.599827],[-83.771127,9.599896],[-83.771278,9.600096],[-83.771539,9.600796],[-83.771691,9.601052],[-83.771775,9.601062],[-83.77208,9.600906],[-83.772186,9.600934],[-83.772285,9.600995],[-83.772348,9.601078],[-83.772324,9.601417],[-83.772346,9.601497],[-83.772415,9.601537],[-83.772623,9.601568],[-83.77282,9.601682],[-83.773075,9.602044],[-83.773148,9.602044],[-83.773437,9.601864],[-83.773626,9.601861],[-83.77412,9.602102],[-83.774346,9.602319],[-83.774493,9.602414],[-83.774556,9.602419],[-83.774732,9.602255],[-83.774997,9.602115],[-83.775052,9.60204],[-83.775062,9.601976],[-83.774853,9.601756],[-83.774808,9.601592],[-83.774855,9.601264],[-83.774857,9.600834],[-83.774926,9.600683],[-83.774985,9.600683],[-83.775064,9.600729],[-83.775135,9.600807],[-83.775282,9.601094],[-83.775337,9.601155],[-83.775406,9.601172],[-83.775542,9.601125],[-83.775897,9.600848],[-83.776094,9.600781],[-83.77652,9.600929],[-83.776783,9.600922],[-83.777107,9.600854],[-83.777319,9.600969],[-83.777398,9.600963],[-83.777473,9.600867],[-83.77778,9.600213],[-83.777816,9.600239],[-83.777838,9.600418],[-83.777916,9.600564],[-83.777996,9.600624],[-83.778062,9.600617],[-83.778682,9.600183],[-83.778878,9.600132],[-83.779047,9.600133],[-83.779208,9.600311],[-83.779373,9.600636],[-83.779448,9.600844],[-83.779487,9.601136],[-83.779525,9.601206],[-83.77961,9.601236],[-83.780032,9.601224],[-83.780247,9.601256],[-83.780594,9.601204],[-83.780701,9.601167],[-83.780847,9.601055],[-83.781064,9.600799],[-83.781225,9.600558],[-83.781402,9.600374],[-83.78212,9.599915],[-83.782433,9.59976],[-83.782897,9.599628],[-83.783307,9.599562],[-83.78388,9.599573],[-83.78407,9.599536],[-83.784239,9.59943],[-83.784308,9.599349],[-83.784603,9.598908],[-83.784712,9.598817],[-83.784829,9.598792],[-83.784924,9.598822],[-83.784978,9.598877],[-83.785011,9.598984],[-83.784862,9.599419],[-83.784861,9.599542],[-83.784892,9.599619],[-83.784989,9.599751],[-83.785453,9.600203],[-83.785591,9.600272],[-83.785654,9.600395],[-83.785689,9.600868],[-83.785868,9.601248],[-83.785852,9.601418],[-83.785667,9.602052],[-83.785685,9.602265],[-83.785742,9.602341],[-83.785927,9.602368],[-83.786137,9.602281],[-83.786575,9.601856],[-83.786864,9.601646],[-83.786981,9.601601],[-83.787289,9.601599],[-83.787396,9.601637],[-83.787976,9.602055],[-83.78868,9.602472],[-83.789021,9.602517],[-83.789094,9.602555],[-83.789231,9.602715],[-83.789346,9.602946],[-83.789534,9.603147],[-83.789652,9.603216],[-83.789907,9.603239],[-83.790085,9.60318],[-83.790512,9.602879],[-83.790657,9.602676],[-83.790755,9.602447],[-83.791047,9.602081],[-83.791231,9.602093],[-83.791819,9.602332],[-83.792129,9.60223],[-83.79258,9.601988],[-83.792709,9.601963],[-83.792806,9.601983],[-83.79283,9.602056],[-83.792785,9.602162],[-83.792274,9.602655],[-83.792196,9.602792],[-83.792178,9.602921],[-83.792251,9.603296],[-83.792209,9.603472],[-83.791996,9.60365],[-83.791834,9.603718],[-83.791652,9.603733],[-83.791314,9.603707],[-83.791177,9.603737],[-83.791082,9.603846],[-83.790969,9.60485],[-83.790729,9.605195],[-83.790716,9.605322],[-83.79078,9.605566],[-83.791376,9.606839],[-83.791403,9.607162],[-83.791273,9.60752],[-83.791281,9.607617],[-83.791485,9.608143],[-83.791745,9.609106],[-83.791856,9.609229],[-83.792349,9.609345],[-83.792612,9.609469],[-83.793179,9.60996],[-83.793288,9.610094],[-83.793397,9.611054],[-83.793371,9.611187],[-83.793178,9.611436],[-83.793145,9.611551],[-83.793157,9.611678],[-83.793319,9.611967],[-83.793364,9.612202],[-83.793368,9.612553],[-83.793419,9.613049],[-83.792508,9.614138],[-83.792105,9.61444],[-83.791757,9.614829],[-83.791703,9.615029],[-83.79179,9.615588],[-83.791781,9.615868],[-83.791747,9.616016],[-83.791603,9.616292],[-83.791321,9.616616],[-83.790982,9.616847],[-83.790509,9.617013],[-83.789896,9.617035],[-83.789362,9.616963],[-83.789234,9.616964],[-83.789127,9.617],[-83.789045,9.617072],[-83.788657,9.61761],[-83.788439,9.617806],[-83.788098,9.618027],[-83.787835,9.618269],[-83.787337,9.618871],[-83.787071,9.61903],[-83.786847,9.619272],[-83.786558,9.619469],[-83.786479,9.619584],[-83.786297,9.619749],[-83.786268,9.619823],[-83.786168,9.619904],[-83.786029,9.619896],[-83.785844,9.619789],[-83.785773,9.619694],[-83.785733,9.619583],[-83.785758,9.61938],[-83.785914,9.619199],[-83.786386,9.618833],[-83.786828,9.6184],[-83.786989,9.618155],[-83.787034,9.617838],[-83.786933,9.617318],[-83.786922,9.616983],[-83.78658,9.616405],[-83.786499,9.616357],[-83.785968,9.616352],[-83.785819,9.616188],[-83.785793,9.615825],[-83.785739,9.61558],[-83.785897,9.61496],[-83.785878,9.614479],[-83.785853,9.614392],[-83.78546,9.61436],[-83.785235,9.614728],[-83.785098,9.614856],[-83.785011,9.614888],[-83.78469,9.61491],[-83.78464,9.614954],[-83.784623,9.615022],[-83.784589,9.615321],[-83.784536,9.615405],[-83.784457,9.615455],[-83.784141,9.615478],[-83.783698,9.615297],[-83.783421,9.615244],[-83.783193,9.61525],[-83.783028,9.615349],[-83.782972,9.615423],[-83.782899,9.615822],[-83.782829,9.615945],[-83.782724,9.616031],[-83.782496,9.616127],[-83.782395,9.616146],[-83.782224,9.616107],[-83.781977,9.615867],[-83.781733,9.615467],[-83.781422,9.61513],[-83.781354,9.614765],[-83.78129,9.614692],[-83.780883,9.614487],[-83.780853,9.61442],[-83.78086,9.614363],[-83.781005,9.6142],[-83.781095,9.613918],[-83.780985,9.613812],[-83.780815,9.613726],[-83.780761,9.613585],[-83.780682,9.613078],[-83.780707,9.612679],[-83.780745,9.612558],[-83.780893,9.612294],[-83.780959,9.612088],[-83.781013,9.61181],[-83.781015,9.611561],[-83.781051,9.611455],[-83.781283,9.611139],[-83.781382,9.610936],[-83.781576,9.610706],[-83.781696,9.610438],[-83.78181,9.610046],[-83.781694,9.609907],[-83.781668,9.609784],[-83.781607,9.609704],[-83.781541,9.609517],[-83.781474,9.609436],[-83.781214,9.609344],[-83.781158,9.609294],[-83.781142,9.609212],[-83.78117,9.609123],[-83.781261,9.608975],[-83.781242,9.60882],[-83.781181,9.608742],[-83.781084,9.608717],[-83.780529,9.608856],[-83.780468,9.608836],[-83.780382,9.608732],[-83.780325,9.608745],[-83.780153,9.608872],[-83.77993,9.608968],[-83.77964,9.608996],[-83.7795,9.609063],[-83.779444,9.609129],[-83.779319,9.609406],[-83.779172,9.609536],[-83.779087,9.609559],[-83.779011,9.60954],[-83.778651,9.60931],[-83.778463,9.60917],[-83.778396,9.609159],[-83.778337,9.609183],[-83.777997,9.609586],[-83.777758,9.610004],[-83.777673,9.610087],[-83.777487,9.610163],[-83.777406,9.610155],[-83.777237,9.610059],[-83.776563,9.609369],[-83.776377,9.609248],[-83.776283,9.60922],[-83.776052,9.609237],[-83.775701,9.609517],[-83.775528,9.609585],[-83.775172,9.609831],[-83.774996,9.609919],[-83.774921,9.609917],[-83.774811,9.609806],[-83.774713,9.609339],[-83.774581,9.609177],[-83.774525,9.609241],[-83.774433,9.60955],[-83.77436,9.609661],[-83.774256,9.609743],[-83.774124,9.609787],[-83.773839,9.60981],[-83.773303,9.609779],[-83.773081,9.609734],[-83.772806,9.609541],[-83.772533,9.609533],[-83.772352,9.609492],[-83.77221,9.609439],[-83.77215,9.609376],[-83.771817,9.608551],[-83.771791,9.608414],[-83.771927,9.607487],[-83.771914,9.607211],[-83.771884,9.607141],[-83.771515,9.607137],[-83.771396,9.607238],[-83.771178,9.607636],[-83.770971,9.607791],[-83.7707,9.608077],[-83.770365,9.60874],[-83.770152,9.60902],[-83.769952,9.60918],[-83.769694,9.609214],[-83.769081,9.609111],[-83.768985,9.609055],[-83.768708,9.608671],[-83.768598,9.60859],[-83.768506,9.608597],[-83.768354,9.608728],[-83.768199,9.60876],[-83.768207,9.609073],[-83.768161,9.609324],[-83.768134,9.609872],[-83.767739,9.610739],[-83.767705,9.610977],[-83.767727,9.611573],[-83.767706,9.611665],[-83.767578,9.61189],[-83.767583,9.612269],[-83.767498,9.612525],[-83.767108,9.613092],[-83.767056,9.613502],[-83.766879,9.613574],[-83.766651,9.613739],[-83.766546,9.613738],[-83.76648,9.613647],[-83.766426,9.613475],[-83.76632,9.612876],[-83.766302,9.612505],[-83.765845,9.611915],[-83.765793,9.611621],[-83.765741,9.611525],[-83.765372,9.611206],[-83.765235,9.611114],[-83.765131,9.611131],[-83.764935,9.611033],[-83.764409,9.611127],[-83.764218,9.611124],[-83.763938,9.61096],[-83.763505,9.610822],[-83.763308,9.610669],[-83.763199,9.610629],[-83.762924,9.610631],[-83.762739,9.610687],[-83.762603,9.610637],[-83.762545,9.610542],[-83.762545,9.610476],[-83.762711,9.610077],[-83.762737,9.609909],[-83.762679,9.609684],[-83.762516,9.609447],[-83.762367,9.609357],[-83.762271,9.609346],[-83.762161,9.609366],[-83.762067,9.609422],[-83.761499,9.609706],[-83.761102,9.610057],[-83.760886,9.610069],[-83.760306,9.609857],[-83.760214,9.609853],[-83.760027,9.610096],[-83.759766,9.610227],[-83.759669,9.610416],[-83.759582,9.610509],[-83.759412,9.610604],[-83.758953,9.610719],[-83.758774,9.610962],[-83.75858,9.611329],[-83.75834,9.611476],[-83.758173,9.611484],[-83.758016,9.61143],[-83.757337,9.610971],[-83.757302,9.61102],[-83.757107,9.611795],[-83.757051,9.611839],[-83.757008,9.611836],[-83.756937,9.611777],[-83.756778,9.611534],[-83.756578,9.61138],[-83.756172,9.611152],[-83.75586,9.611119],[-83.755738,9.611185],[-83.755512,9.611522],[-83.755081,9.611565],[-83.754955,9.61162],[-83.754915,9.611674],[-83.754868,9.611914],[-83.754807,9.611973],[-83.754714,9.611975],[-83.754484,9.61182],[-83.754424,9.611696],[-83.754411,9.61154],[-83.754503,9.611295],[-83.753986,9.61098],[-83.753767,9.610783],[-83.753534,9.610476],[-83.753492,9.610329],[-83.753512,9.610253],[-83.753665,9.610051],[-83.753862,9.609623],[-83.754123,9.609435],[-83.754383,9.609321],[-83.754573,9.609191],[-83.754742,9.609019],[-83.754766,9.608971],[-83.754754,9.608887],[-83.75457,9.608709],[-83.754534,9.608617],[-83.754538,9.608527],[-83.754743,9.60827],[-83.754799,9.60789],[-83.754866,9.607655],[-83.754934,9.607562],[-83.75513,9.60746],[-83.75519,9.607397],[-83.755257,9.607157],[-83.75536,9.606989],[-83.755538,9.606854],[-83.756116,9.606709],[-83.756442,9.606542],[-83.756848,9.606516],[-83.757119,9.606454],[-83.75722,9.606369],[-83.757223,9.606262],[-83.757183,9.606198],[-83.75705,9.606283],[-83.756967,9.606281],[-83.756747,9.60603],[-83.75642,9.60601],[-83.755968,9.605758],[-83.755732,9.605793],[-83.755519,9.605726],[-83.755224,9.605691],[-83.755032,9.605602],[-83.754929,9.605585],[-83.754794,9.605621],[-83.754611,9.605731],[-83.754456,9.605745],[-83.754421,9.605784],[-83.754404,9.605927],[-83.754304,9.606021],[-83.754176,9.606074],[-83.753861,9.606099],[-83.753701,9.606276],[-83.75342,9.606214],[-83.753163,9.606205],[-83.753042,9.606159],[-83.752589,9.605831],[-83.752158,9.60577],[-83.751854,9.605675],[-83.751714,9.605574],[-83.751688,9.605495],[-83.751906,9.605188],[-83.75269,9.604329],[-83.753774,9.603351],[-83.754164,9.603085],[-83.754233,9.602994],[-83.754277,9.602856],[-83.754411,9.60267],[-83.754844,9.602389],[-83.754884,9.602329],[-83.75414,9.602292],[-83.753721,9.602331],[-83.753507,9.602217],[-83.753246,9.601538],[-83.753236,9.601361],[-83.753286,9.601227],[-83.753245,9.601043],[-83.75331,9.600807],[-83.753202,9.600889],[-83.752893,9.600993],[-83.752694,9.6011],[-83.752239,9.601532],[-83.751936,9.60177],[-83.751755,9.601837],[-83.751517,9.601805],[-83.751169,9.601963],[-83.750749,9.602063],[-83.75,9.602396],[-83.75,9.602396],[-83.749822,9.602443],[-83.749644,9.602491],[-83.749466,9.602538],[-83.749288,9.602585],[-83.749162,9.602649],[-83.749,9.602804],[-83.748906,9.602851],[-83.748761,9.602803],[-83.748748,9.602679],[-83.748772,9.602609],[-83.748855,9.602484],[-83.748937,9.602359],[-83.74902,9.602235],[-83.749103,9.60211],[-83.749128,9.601996],[-83.749124,9.601861],[-83.749121,9.601726],[-83.749075,9.601571],[-83.74903,9.601417],[-83.748984,9.601262],[-83.748939,9.601107],[-83.748871,9.600996],[-83.748804,9.600885],[-83.748738,9.600701],[-83.748671,9.600518],[-83.748649,9.600431],[-83.748656,9.600215],[-83.748664,9.6],[-83.748585,9.599885],[-83.748506,9.59977],[-83.748402,9.599706],[-83.748288,9.599687],[-83.748097,9.599781],[-83.747906,9.599874],[-83.747752,9.6],[-83.747593,9.600136],[-83.747433,9.600272],[-83.747336,9.600376],[-83.747239,9.600479],[-83.747202,9.600644],[-83.747165,9.600808],[-83.747072,9.600926],[-83.74698,9.601044],[-83.746888,9.601162],[-83.746796,9.60128],[-83.746715,9.601282],[-83.746667,9.601246],[-83.746654,9.601087],[-83.746642,9.600929],[-83.746562,9.600838],[-83.746442,9.600819],[-83.746322,9.600799],[-83.746202,9.600779],[-83.746082,9.600759],[-83.745991,9.600686],[-83.745899,9.600612],[-83.745808,9.600539],[-83.745716,9.600466],[-83.745615,9.600428],[-83.745528,9.600427],[-83.745431,9.600468],[-83.745256,9.600601],[-83.745081,9.600733],[-83.744889,9.600815],[-83.744761,9.600764],[-83.744655,9.600692],[-83.744548,9.60062],[-83.744441,9.600548],[-83.744335,9.600476],[-83.74418,9.600489],[-83.744026,9.600503],[-83.743832,9.600621],[-83.743638,9.600738],[-83.743535,9.600843],[-83.743432,9.600947],[-83.743328,9.601051],[-83.743225,9.601155],[-83.743048,9.601162],[-83.742923,9.601026],[-83.742962,9.600812],[-83.743033,9.600714],[-83.743104,9.600616],[-83.743268,9.600462],[-83.743432,9.600308],[-83.743597,9.600154],[-83.743761,9.6],[-83.743898,9.599875],[-83.744035,9.59975],[-83.74411,9.599606],[-83.744186,9.599463],[-83.744286,9.599322],[-83.744387,9.599181],[-83.744487,9.599039],[-83.744587,9.598898],[-83.744648,9.598709],[-83.744709,9.598521],[-83.744711,9.598384],[-83.744712,9.598247],[-83.744714,9.59811],[-83.744715,9.597974],[-83.744765,9.597817],[-83.744822,9.597753],[-83.744921,9.597714],[-83.745102,9.597668],[-83.745284,9.597622],[-83.745397,9.597581],[-83.745509,9.597541],[-83.745659,9.597391],[-83.745809,9.59724],[-83.745951,9.597128],[-83.746093,9.597015],[-83.746122,9.596907],[-83.746059,9.596697],[-83.746069,9.596639],[-83.746209,9.596513],[-83.746261,9.596403],[-83.746314,9.596294],[-83.746283,9.59618],[-83.74622,9.596088],[-83.746116,9.595987],[-83.746013,9.595887],[-83.745909,9.595787],[-83.745806,9.595686],[-83.745787,9.595513],[-83.745831,9.595359],[-83.745876,9.595205],[-83.745859,9.59509],[-83.745842,9.594976],[-83.745774,9.594874],[-83.745711,9.594693],[-83.745713,9.594571],[-83.745715,9.59445],[-83.745717,9.594328],[-83.745718,9.594207],[-83.745651,9.594104],[-83.745584,9.594002],[-83.745489,9.593927],[-83.745394,9.593851],[-83.745323,9.593717],[-83.745252,9.593584],[-83.745172,9.593475],[-83.745093,9.593366],[-83.745029,9.593216],[-83.745037,9.593052],[-83.745131,9.59291],[-83.745313,9.592841],[-83.745473,9.592864],[-83.745633,9.592886],[-83.745793,9.592909],[-83.745954,9.592931],[-83.746067,9.592914],[-83.74618,9.592897],[-83.746344,9.592842],[-83.746508,9.592788],[-83.746619,9.592663],[-83.746729,9.592538],[-83.746764,9.592394],[-83.746799,9.59225],[-83.746872,9.59214],[-83.746945,9.592031],[-83.747042,9.591937],[-83.747139,9.591843],[-83.747236,9.591749],[-83.747332,9.591656],[-83.747412,9.591545],[-83.747413,9.591336],[-83.747354,9.591199],[-83.747294,9.591063],[-83.747375,9.590871],[-83.747462,9.590798],[-83.74755,9.590724],[-83.747682,9.59067],[-83.747814,9.590617],[-83.747955,9.590471],[-83.748097,9.590325],[-83.748262,9.590273],[-83.74833,9.590169],[-83.748399,9.590065],[-83.748533,9.58996],[-83.748671,9.5899],[-83.748798,9.589896],[-83.748926,9.589893],[-83.749044,9.589825],[-83.749071,9.589734],[-83.749048,9.589538],[-83.749115,9.589437],[-83.749182,9.589336],[-83.749137,9.589214],[-83.749092,9.589091],[-83.749134,9.589016],[-83.749234,9.588931],[-83.749333,9.588846],[-83.74935,9.588749],[-83.749329,9.588666],[-83.749209,9.588542],[-83.749014,9.588434],[-83.74882,9.588327],[-83.748718,9.5883],[-83.748576,9.588316],[-83.748434,9.588333],[-83.748302,9.588284],[-83.748138,9.588186],[-83.748105,9.588142],[-83.748106,9.588072],[-83.748226,9.587931],[-83.748395,9.587842],[-83.748563,9.587753],[-83.748644,9.587673],[-83.748725,9.587593],[-83.748805,9.587512],[-83.748886,9.587432],[-83.749044,9.587385],[-83.74918,9.587375],[-83.749315,9.587366],[-83.749417,9.587313],[-83.749519,9.58726],[-83.749589,9.587169],[-83.749659,9.587077],[-83.749698,9.586952],[-83.749697,9.586788],[-83.749733,9.586698],[-83.749828,9.58661],[-83.749923,9.586522],[-83.75,9.586397],[-83.750143,9.586132],[-83.750305,9.586028],[-83.750427,9.58603],[-83.750678,9.586144],[-83.750811,9.586125],[-83.750898,9.585891],[-83.750991,9.585761],[-83.751126,9.58569],[-83.751433,9.585616],[-83.751673,9.585427],[-83.751729,9.585349],[-83.75172,9.585321],[-83.751623,9.585286],[-83.751513,9.585396],[-83.751326,9.585473],[-83.751221,9.585463],[-83.751033,9.58532],[-83.75094,9.585287],[-83.750879,9.585301],[-83.750772,9.585408],[-83.750683,9.585451],[-83.750543,9.585371],[-83.750279,9.585393],[-83.750151,9.585368],[-83.750099,9.585331],[-83.75009,9.585219],[-83.750167,9.585128],[-83.750308,9.585072],[-83.750369,9.584893],[-83.750349,9.584826],[-83.750226,9.584717],[-83.750212,9.584678],[-83.750238,9.584606],[-83.750476,9.584271],[-83.75058,9.584213],[-83.750755,9.584211],[-83.750838,9.584181],[-83.750936,9.584114],[-83.750956,9.58405],[-83.750276,9.583973],[-83.750191,9.584028],[-83.750109,9.584183],[-83.75,9.584228],[-83.749841,9.584269],[-83.749654,9.584388],[-83.749508,9.584363],[-83.749362,9.584338],[-83.749285,9.584444],[-83.74926,9.584658],[-83.749229,9.584702],[-83.749103,9.584739],[-83.748978,9.584775],[-83.748773,9.58478],[-83.748605,9.584924],[-83.748438,9.585068],[-83.748336,9.585099],[-83.74813,9.585094],[-83.747925,9.585089],[-83.747738,9.584988],[-83.747552,9.584886],[-83.747327,9.584898],[-83.7472,9.584814],[-83.74717,9.584639],[-83.747214,9.584504],[-83.747259,9.584369],[-83.747232,9.584251],[-83.747184,9.584204],[-83.747071,9.584209],[-83.746944,9.584325],[-83.746817,9.58444],[-83.746647,9.584524],[-83.746556,9.584518],[-83.746499,9.584484],[-83.746414,9.584405],[-83.746329,9.584327],[-83.746188,9.584368],[-83.746047,9.58441],[-83.745887,9.584396],[-83.745783,9.584293],[-83.745779,9.584137],[-83.745774,9.583981],[-83.745654,9.583884],[-83.745593,9.583782],[-83.745531,9.58368],[-83.745432,9.58358],[-83.745332,9.583479],[-83.745297,9.583511],[-83.745292,9.58366],[-83.745287,9.583808],[-83.7452,9.583887],[-83.745114,9.583965],[-83.745054,9.584063],[-83.744994,9.584161],[-83.744839,9.58423],[-83.744696,9.584246],[-83.744552,9.584261],[-83.744381,9.584384],[-83.74427,9.584334],[-83.7441,9.5842],[-83.74393,9.584066],[-83.743851,9.583906],[-83.743771,9.583746],[-83.74368,9.583606],[-83.743589,9.583466],[-83.743491,9.583485],[-83.743374,9.583627],[-83.74333,9.583758],[-83.743286,9.583888],[-83.743222,9.583992],[-83.743157,9.584095],[-83.743051,9.584159],[-83.742946,9.584224],[-83.742752,9.584205],[-83.742669,9.58412],[-83.74264,9.583992],[-83.74261,9.583863],[-83.742581,9.583735],[-83.742551,9.583606],[-83.742448,9.58347],[-83.742346,9.583334],[-83.74222,9.583147],[-83.742111,9.583083],[-83.741666,9.583017],[-83.74127,9.582823],[-83.741166,9.582745],[-83.740945,9.582485],[-83.740897,9.582356],[-83.7409,9.582019],[-83.740852,9.58191],[-83.74059,9.581763],[-83.740382,9.581533],[-83.740359,9.581415],[-83.740547,9.580967],[-83.740534,9.580755],[-83.740495,9.580683],[-83.740432,9.580658],[-83.740118,9.580608],[-83.74005,9.580549],[-83.740029,9.58049],[-83.740069,9.580144],[-83.740252,9.579664],[-83.74034,9.579276],[-83.740327,9.579227],[-83.740134,9.579049],[-83.740053,9.578695],[-83.740038,9.578506],[-83.740189,9.578169],[-83.740308,9.578042],[-83.740297,9.578013],[-83.74026,9.57801],[-83.740086,9.578111],[-83.740019,9.578065],[-83.739983,9.577974],[-83.739343,9.57907],[-83.739089,9.579231],[-83.738903,9.57948],[-83.738858,9.579486],[-83.738757,9.579408],[-83.738672,9.579448],[-83.73856,9.579449],[-83.738487,9.579597],[-83.738315,9.579734],[-83.738237,9.579913],[-83.738121,9.580071],[-83.73793,9.580235],[-83.7378,9.580294],[-83.737682,9.580281],[-83.737336,9.580154],[-83.737161,9.58003],[-83.737077,9.58003],[-83.736971,9.580354],[-83.73674,9.580494],[-83.736458,9.581002],[-83.73624,9.581173],[-83.736086,9.581176],[-83.736043,9.581139],[-83.736004,9.581014],[-83.73607,9.580778],[-83.73603,9.580654],[-83.73594,9.580516],[-83.735602,9.580173],[-83.735334,9.580289],[-83.735217,9.580298],[-83.735084,9.580399],[-83.734952,9.580415],[-83.734804,9.580309],[-83.73455,9.580244],[-83.734455,9.580154],[-83.734431,9.58009],[-83.734444,9.579867],[-83.734502,9.579638],[-83.734438,9.579579],[-83.734377,9.579584],[-83.734302,9.579635],[-83.734211,9.579773],[-83.734025,9.579962],[-83.733875,9.580028],[-83.733746,9.580036],[-83.733614,9.579978],[-83.733551,9.579902],[-83.733482,9.57963],[-83.733433,9.579563],[-83.733279,9.579488],[-83.733178,9.579572],[-83.73304,9.57999],[-83.732958,9.580089],[-83.732836,9.580151],[-83.732789,9.580292],[-83.73275,9.580332],[-83.732579,9.580348],[-83.732537,9.580378],[-83.732441,9.580541],[-83.73226,9.580708],[-83.732153,9.580855],[-83.731926,9.581099],[-83.731736,9.581249],[-83.731601,9.581532],[-83.731539,9.581577],[-83.731378,9.581603],[-83.731228,9.58154],[-83.731079,9.581396],[-83.730751,9.581379],[-83.730589,9.58132],[-83.730494,9.581232],[-83.730441,9.581117],[-83.730395,9.580834],[-83.730486,9.580607],[-83.730332,9.580404],[-83.730262,9.580211],[-83.730249,9.579746],[-83.730298,9.579397],[-83.730352,9.579285],[-83.730501,9.579121],[-83.730523,9.579025],[-83.730438,9.579022],[-83.730184,9.579181],[-83.729812,9.579316],[-83.729473,9.579302],[-83.729204,9.579215],[-83.729113,9.579157],[-83.729005,9.57895],[-83.7288,9.578709],[-83.72878,9.578643],[-83.728798,9.5785],[-83.728845,9.578434],[-83.729079,9.578318],[-83.729124,9.578243],[-83.729111,9.578059],[-83.729154,9.577672],[-83.729252,9.577534],[-83.729503,9.577454],[-83.729539,9.577431],[-83.729553,9.57737],[-83.729464,9.577236],[-83.729345,9.577167],[-83.72927,9.577179],[-83.729162,9.577282],[-83.728984,9.577271],[-83.728826,9.577157],[-83.728683,9.576871],[-83.728424,9.576908],[-83.72826,9.576836],[-83.728167,9.576704],[-83.728172,9.576632],[-83.728224,9.576552],[-83.728432,9.576374],[-83.728482,9.576125],[-83.728543,9.575978],[-83.728556,9.575773],[-83.728667,9.575611],[-83.728299,9.575517],[-83.728111,9.575432],[-83.72796,9.575306],[-83.727844,9.575099],[-83.727792,9.574864],[-83.727787,9.574587],[-83.727853,9.574426],[-83.727949,9.574294],[-83.728445,9.573929],[-83.728475,9.573572],[-83.728616,9.573282],[-83.728692,9.573219],[-83.729355,9.572967],[-83.729561,9.572842],[-83.729867,9.572551],[-83.730132,9.572224],[-83.730395,9.572108],[-83.730604,9.571934],[-83.730833,9.571593],[-83.730947,9.571512],[-83.731186,9.571451],[-83.731242,9.571399],[-83.731253,9.571372],[-83.731111,9.571132],[-83.731102,9.570875],[-83.731306,9.570485],[-83.731255,9.570427],[-83.731124,9.570369],[-83.731054,9.570252],[-83.731143,9.570034],[-83.731107,9.569703],[-83.731154,9.569631],[-83.731304,9.569538],[-83.731385,9.569369],[-83.731314,9.569357],[-83.731181,9.569246],[-83.731037,9.569198],[-83.731027,9.569119],[-83.730873,9.569286],[-83.730775,9.569331],[-83.730511,9.569242],[-83.730418,9.569146],[-83.730437,9.568976],[-83.73025,9.568912],[-83.730097,9.568977],[-83.72998,9.56895],[-83.729891,9.569031],[-83.729485,9.569195],[-83.729262,9.569232],[-83.729047,9.569209],[-83.728611,9.569032],[-83.728208,9.568976],[-83.728139,9.568911],[-83.728051,9.568681],[-83.727973,9.568612],[-83.727834,9.568703],[-83.72771,9.56864],[-83.727621,9.568634],[-83.727249,9.568928],[-83.72714,9.568957],[-83.727056,9.568907],[-83.727035,9.568814],[-83.727117,9.568485],[-83.727101,9.568436],[-83.726809,9.568408],[-83.726493,9.568551],[-83.726343,9.568521],[-83.72578,9.568099],[-83.725743,9.567945],[-83.725769,9.567865],[-83.725893,9.567718],[-83.726387,9.567534],[-83.726712,9.567336],[-83.726956,9.567349],[-83.727199,9.567476],[-83.727337,9.567505],[-83.727771,9.567377],[-83.728058,9.567205],[-83.728397,9.567218],[-83.728622,9.566957],[-83.728774,9.566949],[-83.728995,9.566873],[-83.729239,9.566763],[-83.72932,9.566667],[-83.7293,9.56649],[-83.729141,9.566152],[-83.729236,9.56605],[-83.729293,9.565623],[-83.729367,9.565452],[-83.729992,9.564721],[-83.730012,9.564265],[-83.730046,9.564153],[-83.730115,9.56408],[-83.730223,9.564028],[-83.730573,9.564027],[-83.73067,9.564002],[-83.731229,9.563625],[-83.731421,9.563528],[-83.731766,9.563458],[-83.731947,9.563454],[-83.731976,9.563359],[-83.731921,9.563203],[-83.731538,9.563204],[-83.731119,9.563076],[-83.731022,9.563088],[-83.730897,9.563175],[-83.730782,9.563215],[-83.730472,9.563205],[-83.730283,9.563145],[-83.730165,9.563071],[-83.730019,9.562842],[-83.729905,9.562747],[-83.729495,9.562789],[-83.729369,9.562866],[-83.72922,9.563214],[-83.729113,9.563377],[-83.728903,9.563579],[-83.728789,9.56364],[-83.728718,9.563644],[-83.728499,9.563499],[-83.728322,9.563158],[-83.728159,9.563063],[-83.72778,9.563078],[-83.727472,9.563209],[-83.726874,9.563159],[-83.726618,9.562991],[-83.726216,9.56255],[-83.725983,9.562409],[-83.725769,9.562364],[-83.725491,9.562348],[-83.724731,9.562396],[-83.724519,9.562325],[-83.724285,9.562309],[-83.723987,9.562116],[-83.723774,9.561783],[-83.723626,9.561635],[-83.723438,9.561654],[-83.723251,9.561779],[-83.723129,9.561753],[-83.723031,9.561582],[-83.723016,9.561398],[-83.72317,9.56083],[-83.723147,9.560708],[-83.722821,9.560746],[-83.722314,9.560716],[-83.721875,9.560779],[-83.721365,9.560779],[-83.721156,9.560716],[-83.721063,9.560642],[-83.72102,9.560505],[-83.721044,9.560409],[-83.721443,9.559928],[-83.721467,9.559816],[-83.721397,9.559782],[-83.720999,9.559758],[-83.720307,9.559447],[-83.720095,9.559254],[-83.719978,9.558913],[-83.719972,9.558815],[-83.720041,9.558581],[-83.720329,9.558337],[-83.720361,9.558172],[-83.720223,9.557995],[-83.720178,9.557851],[-83.720147,9.557112],[-83.719992,9.557186],[-83.719801,9.557366],[-83.719697,9.557394],[-83.719517,9.557366],[-83.719274,9.557147],[-83.719174,9.557152],[-83.719067,9.557235],[-83.718752,9.557588],[-83.718585,9.557702],[-83.718521,9.557652],[-83.71844,9.5575],[-83.718361,9.557121],[-83.718129,9.556473],[-83.7175,9.556871],[-83.717409,9.556973],[-83.7174,9.557226],[-83.717451,9.557551],[-83.717414,9.557751],[-83.717298,9.557794],[-83.717192,9.557788],[-83.71671,9.557536],[-83.71646,9.557521],[-83.716359,9.557602],[-83.716193,9.557936],[-83.716105,9.558014],[-83.715934,9.558073],[-83.715621,9.558012],[-83.71532,9.557902],[-83.714908,9.557601],[-83.714854,9.557654],[-83.71484,9.557728],[-83.71486,9.558041],[-83.714816,9.558145],[-83.714649,9.558236],[-83.714506,9.558271],[-83.713991,9.558283],[-83.713831,9.558234],[-83.713703,9.55814],[-83.713501,9.557784],[-83.71344,9.557606],[-83.713187,9.557313],[-83.713104,9.557308],[-83.712791,9.557475],[-83.712614,9.557507],[-83.71245,9.5575],[-83.712118,9.557429],[-83.711573,9.557467],[-83.711429,9.557563],[-83.711337,9.557724],[-83.711232,9.558067],[-83.711177,9.558157],[-83.711014,9.5583],[-83.710595,9.558256],[-83.710355,9.558316],[-83.710079,9.558331],[-83.710013,9.558499],[-83.709979,9.558793],[-83.709935,9.558876],[-83.709816,9.558833],[-83.709623,9.558654],[-83.709487,9.558618],[-83.709358,9.55867],[-83.709183,9.558861],[-83.709054,9.558958],[-83.708939,9.558966],[-83.708734,9.55891],[-83.708694,9.558985],[-83.708608,9.559511],[-83.7085,9.559616],[-83.708427,9.559648],[-83.708311,9.559636],[-83.708233,9.559584],[-83.707999,9.559243],[-83.707832,9.559147],[-83.70756,9.559213],[-83.707234,9.55921],[-83.707022,9.559167],[-83.706794,9.559083],[-83.706582,9.558891],[-83.706492,9.558859],[-83.706295,9.559171],[-83.706181,9.559185],[-83.70605,9.559121],[-83.705979,9.559029],[-83.705915,9.558777],[-83.705901,9.558013],[-83.70593,9.557711],[-83.705896,9.557608],[-83.705851,9.55757],[-83.705547,9.557585],[-83.705291,9.55768],[-83.705187,9.557819],[-83.705105,9.558129],[-83.704952,9.558362],[-83.704775,9.558517],[-83.704691,9.558549],[-83.704444,9.558526],[-83.704372,9.558459],[-83.704127,9.558326],[-83.70404,9.558223],[-83.704018,9.558109],[-83.704081,9.557968],[-83.704299,9.557818],[-83.70476,9.557597],[-83.704875,9.557499],[-83.705063,9.55724],[-83.704976,9.556839],[-83.704972,9.556575],[-83.704932,9.55636],[-83.704871,9.556204],[-83.70464,9.555818],[-83.704631,9.555651],[-83.704655,9.555604],[-83.704883,9.555631],[-83.705388,9.555864],[-83.7058,9.555931],[-83.705933,9.555903],[-83.706091,9.555779],[-83.706216,9.555785],[-83.70653,9.555963],[-83.706937,9.556133],[-83.707444,9.556181],[-83.70758,9.556271],[-83.708008,9.556657],[-83.7084,9.556765],[-83.708607,9.556763],[-83.70875,9.556693],[-83.709201,9.556114],[-83.709343,9.555801],[-83.709394,9.555172],[-83.70951,9.554582],[-83.70955,9.554488],[-83.710015,9.554196],[-83.710451,9.554073],[-83.710934,9.553808],[-83.711201,9.553743],[-83.711871,9.553646],[-83.712182,9.553398],[-83.712387,9.553132],[-83.712485,9.552907],[-83.712582,9.552769],[-83.712721,9.552687],[-83.713592,9.552508],[-83.714593,9.552176],[-83.715216,9.551773],[-83.715557,9.55138],[-83.715617,9.550991],[-83.715657,9.550286],[-83.715752,9.549966],[-83.715937,9.549678],[-83.715981,9.549534],[-83.715769,9.548854],[-83.715693,9.548477],[-83.715726,9.547796],[-83.715846,9.547459],[-83.716073,9.547344],[-83.716389,9.54733],[-83.716511,9.547358],[-83.716653,9.547473],[-83.716984,9.547955],[-83.71718,9.548093],[-83.717377,9.54815],[-83.717794,9.548123],[-83.717877,9.547976],[-83.717932,9.547123],[-83.718243,9.546382],[-83.718339,9.545867],[-83.718569,9.545658],[-83.718843,9.545501],[-83.719274,9.54548],[-83.719561,9.545432],[-83.719554,9.544957],[-83.719598,9.54473],[-83.719571,9.544622],[-83.719466,9.544535],[-83.719152,9.544464],[-83.718868,9.544276],[-83.718569,9.543954],[-83.718447,9.543777],[-83.718066,9.54349],[-83.718024,9.543394],[-83.71806,9.543147],[-83.718407,9.542908],[-83.71873,9.542608],[-83.718803,9.542367],[-83.718847,9.542087],[-83.718848,9.54184],[-83.718665,9.541168],[-83.718646,9.540433],[-83.718516,9.540133],[-83.718536,9.539871],[-83.718616,9.539559],[-83.718622,9.539379],[-83.724433,9.540356]]]]}},{"type":"Feature","properties":{"origen":"PRCR05","nom_objeto":"CURVA_NIV INDICE","elevacion":3000,"codigo":"120101"},"geometry":{"type":"MultiPolygon","coordinates":[[[[-83.870389,9.622285],[-83.870367,9.622386],[-83.870242,9.622483],[-83.869992,9.622525],[-83.869584,9.622528],[-83.86941,9.622602],[-83.868963,9.622905],[-83.868574,9.623126],[-83.868346,9.623319],[-83.867881,9.623878],[-83.86698,9.624539],[-83.866702,9.624588],[-83.865995,9.624544],[-83.86588,9.624498],[-83.865697,9.624367],[-83.865612,9.62423],[-83.865524,9.624201],[-83.865491,9.62422],[-83.865465,9.624269],[-83.865469,9.624419],[-83.865504,9.624684],[-83.865423,9.624892],[-83.865342,9.624954],[-83.865242,9.624973],[-83.865061,9.624935],[-83.864882,9.625035],[-83.864793,9.625278],[-83.864763,9.625562],[-83.864696,9.625784],[-83.864596,9.625956],[-83.864271,9.626206],[-83.864239,9.62635],[-83.864506,9.62729],[-83.864548,9.627733],[-83.864651,9.627902],[-83.864959,9.628154],[-83.865026,9.628347],[-83.865007,9.628582],[-83.86491,9.628732],[-83.864649,9.62889],[-83.864495,9.629176],[-83.864333,9.629325],[-83.864128,9.62939],[-83.863934,9.629355],[-83.863749,9.629245],[-83.863527,9.629054],[-83.863417,9.628893],[-83.863188,9.62794],[-83.862923,9.627269],[-83.862821,9.62669],[-83.862724,9.626519],[-83.862563,9.626344],[-83.862438,9.626254],[-83.862325,9.626239],[-83.862256,9.626265],[-83.86192,9.626592],[-83.861683,9.626683],[-83.861211,9.627114],[-83.861118,9.627169],[-83.860865,9.627231],[-83.860673,9.627372],[-83.860469,9.627626],[-83.860345,9.627654],[-83.860298,9.627593],[-83.860408,9.627101],[-83.860391,9.627025],[-83.860149,9.626869],[-83.860087,9.626796],[-83.859985,9.626265],[-83.859712,9.625759],[-83.859699,9.625626],[-83.859648,9.625601],[-83.859281,9.625791],[-83.858202,9.626593],[-83.857772,9.6268],[-83.857689,9.626797],[-83.857617,9.626759],[-83.857288,9.626359],[-83.857204,9.626357],[-83.857089,9.626426],[-83.856716,9.627083],[-83.856617,9.627175],[-83.856354,9.627291],[-83.856245,9.627373],[-83.85582,9.627882],[-83.855413,9.628192],[-83.855196,9.628483],[-83.854963,9.628669],[-83.854764,9.629072],[-83.854699,9.629108],[-83.854491,9.629133],[-83.854422,9.629194],[-83.854167,9.629716],[-83.85396,9.630051],[-83.853718,9.630216],[-83.853438,9.630475],[-83.853234,9.630555],[-83.852813,9.630521],[-83.852587,9.630546],[-83.852092,9.630816],[-83.851675,9.630952],[-83.851502,9.630964],[-83.851388,9.630941],[-83.851231,9.630815],[-83.851157,9.630705],[-83.851059,9.630451],[-83.850916,9.630255],[-83.850697,9.630162],[-83.850463,9.629987],[-83.850432,9.629998],[-83.850425,9.630042],[-83.850558,9.630324],[-83.850536,9.630927],[-83.850321,9.631059],[-83.85,9.631086],[-83.849324,9.631285],[-83.849159,9.631377],[-83.848824,9.631703],[-83.848676,9.631764],[-83.848498,9.631784],[-83.8483,9.631756],[-83.848165,9.631679],[-83.848031,9.631548],[-83.847933,9.631387],[-83.847768,9.630757],[-83.847406,9.630445],[-83.847234,9.630246],[-83.847151,9.630103],[-83.847021,9.629589],[-83.846939,9.629452],[-83.846625,9.629149],[-83.846504,9.628926],[-83.846238,9.628183],[-83.846268,9.628042],[-83.846445,9.627894],[-83.84654,9.627759],[-83.846535,9.627618],[-83.846375,9.62749],[-83.846296,9.627475],[-83.846079,9.627346],[-83.845987,9.627121],[-83.845901,9.627084],[-83.845867,9.62711],[-83.845793,9.627434],[-83.845697,9.627552],[-83.844896,9.627935],[-83.844653,9.628213],[-83.844215,9.62859],[-83.844039,9.628678],[-83.843792,9.628703],[-83.843649,9.628802],[-83.843378,9.629077],[-83.843182,9.629204],[-83.842873,9.629322],[-83.842798,9.629321],[-83.842688,9.629272],[-83.842599,9.629164],[-83.84265,9.628728],[-83.842585,9.628527],[-83.842085,9.628071],[-83.841885,9.627395],[-83.841788,9.627194],[-83.841393,9.626662],[-83.84131,9.626444],[-83.841267,9.626271],[-83.841274,9.626118],[-83.841321,9.625963],[-83.841495,9.62574],[-83.841488,9.625672],[-83.841426,9.6256],[-83.84133,9.625566],[-83.841085,9.625598],[-83.840516,9.625763],[-83.840294,9.625785],[-83.840041,9.625761],[-83.839731,9.625644],[-83.839517,9.625499],[-83.839471,9.625392],[-83.839495,9.625285],[-83.839705,9.624975],[-83.839746,9.624835],[-83.839731,9.62472],[-83.839675,9.62465],[-83.839509,9.624611],[-83.839203,9.624617],[-83.839094,9.624524],[-83.838958,9.624154],[-83.838978,9.624066],[-83.839133,9.62398],[-83.839134,9.623927],[-83.839098,9.623914],[-83.838934,9.623966],[-83.83877,9.623926],[-83.838579,9.623811],[-83.838377,9.623514],[-83.838311,9.623468],[-83.837937,9.623399],[-83.837825,9.623323],[-83.837707,9.623197],[-83.837644,9.623055],[-83.837596,9.623049],[-83.837303,9.623184],[-83.837096,9.623103],[-83.836914,9.623098],[-83.836825,9.623173],[-83.836468,9.623793],[-83.836364,9.623855],[-83.836152,9.623907],[-83.835991,9.624026],[-83.83581,9.624094],[-83.835713,9.62406],[-83.835713,9.624021],[-83.83583,9.623911],[-83.835804,9.623847],[-83.835598,9.62369],[-83.835533,9.623597],[-83.83559,9.623349],[-83.835577,9.623295],[-83.835516,9.623246],[-83.835438,9.623238],[-83.835391,9.623277],[-83.835199,9.623683],[-83.83513,9.623773],[-83.835051,9.623848],[-83.834819,9.623944],[-83.834584,9.623902],[-83.834382,9.623826],[-83.834159,9.623678],[-83.833806,9.623622],[-83.833724,9.623566],[-83.833639,9.623441],[-83.833707,9.623354],[-83.8338,9.623333],[-83.833972,9.623363],[-83.83404,9.623348],[-83.834169,9.623207],[-83.834259,9.623036],[-83.834442,9.622897],[-83.834845,9.62276],[-83.834999,9.622605],[-83.835094,9.622555],[-83.835624,9.622369],[-83.83567,9.622254],[-83.835679,9.622126],[-83.835742,9.622016],[-83.835995,9.62182],[-83.836118,9.621761],[-83.836253,9.62173],[-83.836466,9.621795],[-83.837055,9.621852],[-83.837187,9.621845],[-83.837262,9.621811],[-83.837777,9.621376],[-83.838196,9.620514],[-83.838443,9.620376],[-83.839144,9.62029],[-83.8396,9.620332],[-83.839982,9.620621],[-83.840354,9.621144],[-83.840591,9.621231],[-83.840927,9.621186],[-83.841341,9.620989],[-83.841505,9.620983],[-83.84162,9.621062],[-83.842139,9.62166],[-83.842368,9.62182],[-83.842612,9.621898],[-83.842754,9.62188],[-83.842857,9.621791],[-83.843658,9.621403],[-83.843842,9.621179],[-83.843962,9.621112],[-83.844142,9.621121],[-83.844542,9.621249],[-83.844808,9.62127],[-83.845237,9.621118],[-83.845589,9.62109],[-83.845653,9.620972],[-83.84561,9.620498],[-83.845513,9.620009],[-83.845533,9.619819],[-83.84561,9.619716],[-83.846303,9.619248],[-83.846436,9.619184],[-83.846627,9.619187],[-83.846895,9.61926],[-83.847298,9.6193],[-83.848116,9.619231],[-83.848574,9.619316],[-83.84875,9.619444],[-83.848837,9.619359],[-83.848775,9.619161],[-83.848467,9.618729],[-83.848074,9.618074],[-83.847662,9.61751],[-83.847514,9.617046],[-83.847524,9.616863],[-83.847578,9.616667],[-83.847689,9.616403],[-83.847886,9.616132],[-83.847995,9.616079],[-83.848151,9.616079],[-83.848419,9.616135],[-83.84851,9.616081],[-83.848557,9.615958],[-83.848544,9.615791],[-83.848591,9.615699],[-83.848679,9.615641],[-83.849095,9.615558],[-83.849779,9.615329],[-83.849865,9.615228],[-83.85,9.614944],[-83.85017,9.614361],[-83.850304,9.614107],[-83.850441,9.613925],[-83.850692,9.613716],[-83.850924,9.613572],[-83.851127,9.613467],[-83.851605,9.613332],[-83.851657,9.61327],[-83.851528,9.612983],[-83.851372,9.612806],[-83.851095,9.612591],[-83.850879,9.612291],[-83.850639,9.61178],[-83.850666,9.611675],[-83.850727,9.611615],[-83.850864,9.611556],[-83.851062,9.611547],[-83.852259,9.61172],[-83.852463,9.611709],[-83.852629,9.611668],[-83.853068,9.611426],[-83.853387,9.611369],[-83.853451,9.611326],[-83.853507,9.611233],[-83.853515,9.611119],[-83.85347,9.610984],[-83.853115,9.610539],[-83.852979,9.610314],[-83.852822,9.609995],[-83.852743,9.609733],[-83.852781,9.609623],[-83.852909,9.6095],[-83.853025,9.609456],[-83.853642,9.609429],[-83.85401,9.609366],[-83.854257,9.609374],[-83.854326,9.609324],[-83.854483,9.609009],[-83.854626,9.608315],[-83.854831,9.607885],[-83.855011,9.607614],[-83.855189,9.607465],[-83.85534,9.607403],[-83.855486,9.607383],[-83.85569,9.607341],[-83.855753,9.607382],[-83.855841,9.607462],[-83.855968,9.607717],[-83.856039,9.607773],[-83.856204,9.607778],[-83.856328,9.607689],[-83.856366,9.60763],[-83.856411,9.60741],[-83.8563,9.606359],[-83.856326,9.606225],[-83.856382,9.606121],[-83.856499,9.606035],[-83.856593,9.606027],[-83.856676,9.606052],[-83.856802,9.606151],[-83.85687,9.606257],[-83.856923,9.606425],[-83.856967,9.606736],[-83.857033,9.606853],[-83.857084,9.606882],[-83.857234,9.606876],[-83.857554,9.606612],[-83.857741,9.60657],[-83.857876,9.6066],[-83.857975,9.606669],[-83.858228,9.60705],[-83.858264,9.607023],[-83.858349,9.606791],[-83.858407,9.60672],[-83.858506,9.606669],[-83.858596,9.606667],[-83.858655,9.606676],[-83.859045,9.606889],[-83.859397,9.607139],[-83.859554,9.607209],[-83.859672,9.60717],[-83.860072,9.606907],[-83.860433,9.606732],[-83.860586,9.606703],[-83.860748,9.606749],[-83.860835,9.606839],[-83.860933,9.607048],[-83.861004,9.607376],[-83.861001,9.608478],[-83.861046,9.608641],[-83.861105,9.608696],[-83.861152,9.608741],[-83.861298,9.608781],[-83.861426,9.608748],[-83.861503,9.608648],[-83.861704,9.607836],[-83.861877,9.606992],[-83.861936,9.606862],[-83.862023,9.606797],[-83.862494,9.606702],[-83.862715,9.606635],[-83.863002,9.606627],[-83.863238,9.606658],[-83.863395,9.606711],[-83.863525,9.606855],[-83.86358,9.607025],[-83.863577,9.607548],[-83.8633,9.608463],[-83.86326,9.608972],[-83.863193,9.6092],[-83.863155,9.609484],[-83.863216,9.609635],[-83.863324,9.609726],[-83.863482,9.609735],[-83.863861,9.609675],[-83.86402,9.60971],[-83.864141,9.609827],[-83.864256,9.610004],[-83.86435,9.610069],[-83.864401,9.610073],[-83.864597,9.609958],[-83.864739,9.609711],[-83.864892,9.609558],[-83.86503,9.609557],[-83.865345,9.609677],[-83.8658,9.609787],[-83.865983,9.609762],[-83.866321,9.609793],[-83.866478,9.60987],[-83.866613,9.610023],[-83.866817,9.610337],[-83.867092,9.610587],[-83.867295,9.610834],[-83.867698,9.611414],[-83.867833,9.611538],[-83.868162,9.611705],[-83.868804,9.612338],[-83.868985,9.612585],[-83.869078,9.613169],[-83.869078,9.613409],[-83.868963,9.613684],[-83.868954,9.613859],[-83.868978,9.614105],[-83.869069,9.61443],[-83.869089,9.614603],[-83.868936,9.615161],[-83.868742,9.615331],[-83.868671,9.61535],[-83.868199,9.615248],[-83.867898,9.615122],[-83.867731,9.615264],[-83.867549,9.615246],[-83.867515,9.61543],[-83.867389,9.61552],[-83.867232,9.615576],[-83.8672,9.615617],[-83.867113,9.615639],[-83.867108,9.61567],[-83.867322,9.615701],[-83.867561,9.615709],[-83.86781,9.61557],[-83.867961,9.615581],[-83.868003,9.615661],[-83.867988,9.615796],[-83.867821,9.616045],[-83.867873,9.616117],[-83.868055,9.61617],[-83.868276,9.616499],[-83.868636,9.616667],[-83.868991,9.616763],[-83.869397,9.617116],[-83.869802,9.617338],[-83.869866,9.617471],[-83.869966,9.617772],[-83.869951,9.617898],[-83.869872,9.618067],[-83.869761,9.618144],[-83.869628,9.618193],[-83.869005,9.618301],[-83.868526,9.61828],[-83.868443,9.618317],[-83.868376,9.618395],[-83.868362,9.618478],[-83.868415,9.618627],[-83.868671,9.618797],[-83.868797,9.618918],[-83.868861,9.619076],[-83.868839,9.619183],[-83.868725,9.619307],[-83.86851,9.61946],[-83.867898,9.619758],[-83.867262,9.619717],[-83.866842,9.619826],[-83.866588,9.619963],[-83.866485,9.620118],[-83.866522,9.620142],[-83.86683,9.620153],[-83.867127,9.620247],[-83.867256,9.620297],[-83.867509,9.620495],[-83.86791,9.620543],[-83.868196,9.620751],[-83.868323,9.620749],[-83.868787,9.620538],[-83.868954,9.620492],[-83.869134,9.620497],[-83.869244,9.620545],[-83.86942,9.620784],[-83.869429,9.620887],[-83.869376,9.621126],[-83.869408,9.621206],[-83.869473,9.621249],[-83.869655,9.621295],[-83.869768,9.621372],[-83.86989,9.621618],[-83.870305,9.622093],[-83.870389,9.622285]]]]}},{"type":"Feature","properties":{"origen":"PRCR05","nom_objeto":"CURVA_NIV INDICE","elevacion":3000,"codigo":"120101"},"geometry":{"type":"MultiPolygon","coordinates":[[[[-83.83614,9.619329],[-83.836128,9.619245],[-83.83606,9.619161],[-83.835893,9.619073],[-83.835733,9.619058],[-83.835476,9.619104],[-83.835342,9.619166],[-83.835165,9.61935],[-83.835039,9.61963],[-83.834954,9.619741],[-83.834787,9.619881],[-83.834704,9.619875],[-83.83465,9.619833],[-83.834373,9.619287],[-83.834179,9.619241],[-83.833803,9.619392],[-83.833671,9.619177],[-83.833385,9.618602],[-83.8332,9.61855],[-83.832734,9.618536],[-83.832634,9.618565],[-83.832532,9.61864],[-83.832405,9.618925],[-83.832447,9.619284],[-83.832431,9.619815],[-83.832239,9.620113],[-83.831873,9.620286],[-83.831782,9.620378],[-83.831607,9.620662],[-83.831497,9.620904],[-83.831457,9.621053],[-83.831468,9.62134],[-83.83148,9.62147],[-83.831624,9.621711],[-83.832043,9.622131],[-83.832389,9.622358],[-83.832537,9.622549],[-83.832626,9.62262],[-83.832689,9.622623],[-83.832859,9.62255],[-83.832992,9.622567],[-83.833436,9.622212],[-83.834115,9.621957],[-83.834458,9.621903],[-83.834627,9.621823],[-83.834897,9.621315],[-83.835012,9.621034],[-83.835044,9.62054],[-83.83529,9.620337],[-83.835416,9.620181],[-83.836071,9.61946],[-83.83614,9.619329]]]]}},{"type":"Feature","properties":{"origen":"PRCR05","nom_objeto":"CURVA_NIV INDICE","elevacion":3000,"codigo":"120101"},"geometry":{"type":"MultiPolygon","coordinates":[[[[-83.824236,9.617727],[-83.824181,9.617673],[-83.823733,9.617561],[-83.823367,9.617519],[-83.823115,9.617521],[-83.822829,9.617603],[-83.822482,9.617862],[-83.822404,9.618008],[-83.822483,9.618191],[-83.822739,9.61834],[-83.822834,9.618432],[-83.822829,9.618884],[-83.822854,9.619032],[-83.822954,9.619279],[-83.823024,9.619291],[-83.823193,9.619054],[-83.823303,9.618797],[-83.823433,9.618661],[-83.823517,9.618618],[-83.823677,9.61841],[-83.823743,9.618248],[-83.823829,9.618194],[-83.82422,9.617801],[-83.824236,9.617727]]]]}},{"type":"Feature","properties":{"origen":"PRCR05","nom_objeto":"CURVA_NIV INDICE","elevacion":3000,"codigo":"120101"},"geometry":{"type":"MultiPolygon","coordinates":[[[[-83.858176,9.605492],[-83.85813,9.605667],[-83.857991,9.60576],[-83.857806,9.605751],[-83.857667,9.605598],[-83.857573,9.604767],[-83.857652,9.604558],[-83.857709,9.604499],[-83.857823,9.604461],[-83.857901,9.604483],[-83.858013,9.60458],[-83.858049,9.604658],[-83.858142,9.605196],[-83.858176,9.605492]]]]}},{"type":"Feature","properties":{"origen":"PRCR05/TERRA","nom_objeto":"CURVA_NIV INDICE","elevacion":3000,"codigo":"120101"},"geometry":{"type":"MultiPolygon","coordinates":[[[[-83.826648,9.578885],[-83.826626,9.578626],[-83.826422,9.578237],[-83.826373,9.578035],[-83.826387,9.577786],[-83.826513,9.57722],[-83.826512,9.577006],[-83.826462,9.576748],[-83.826278,9.576476],[-83.826093,9.576353],[-83.825935,9.576307],[-83.825239,9.57631],[-83.825161,9.576267],[-83.825,9.576039],[-83.824603,9.575768],[-83.824012,9.575492],[-83.823922,9.575432],[-83.823909,9.575384],[-83.824302,9.574852],[-83.824339,9.574711],[-83.82477,9.574377],[-83.824797,9.574301],[-83.824766,9.574171],[-83.824646,9.57405],[-83.824568,9.574023],[-83.824386,9.574042],[-83.824133,9.574185],[-83.823804,9.574584],[-83.823571,9.57493],[-83.823388,9.575098],[-83.823294,9.57511],[-83.823003,9.574967],[-83.822817,9.575038],[-83.822787,9.574919],[-83.822738,9.574862],[-83.822583,9.574746],[-83.822402,9.574665],[-83.822356,9.574767],[-83.822216,9.574828],[-83.821671,9.574854],[-83.821303,9.575151],[-83.821206,9.575062],[-83.821072,9.574756],[-83.821001,9.574494],[-83.820947,9.574107],[-83.820891,9.574023],[-83.820832,9.574001],[-83.820471,9.574027],[-83.82029,9.57411],[-83.820157,9.574243],[-83.820085,9.574278],[-83.820015,9.574264],[-83.819758,9.574104],[-83.819532,9.573919],[-83.819523,9.573881],[-83.819753,9.573491],[-83.819746,9.573375],[-83.819683,9.573339],[-83.819293,9.573275],[-83.819116,9.5732],[-83.818675,9.572861],[-83.818476,9.572828],[-83.818328,9.57291],[-83.818025,9.573162],[-83.817153,9.573528],[-83.817098,9.573612],[-83.817107,9.573655],[-83.817419,9.574094],[-83.817454,9.574201],[-83.817426,9.574368],[-83.817353,9.574459],[-83.817259,9.574519],[-83.81675,9.574651],[-83.81639,9.57494],[-83.816294,9.5749],[-83.816094,9.574655],[-83.815505,9.574383],[-83.815285,9.574241],[-83.815134,9.574058],[-83.814995,9.573751],[-83.814866,9.573555],[-83.814804,9.573518],[-83.81472,9.573517],[-83.814639,9.573555],[-83.814333,9.573974],[-83.814313,9.574073],[-83.81438,9.574224],[-83.814369,9.574314],[-83.814204,9.574498],[-83.814198,9.57456],[-83.814349,9.575074],[-83.814465,9.575224],[-83.814587,9.575255],[-83.814324,9.575604],[-83.814272,9.575811],[-83.814304,9.576089],[-83.814419,9.576491],[-83.814415,9.57664],[-83.814242,9.577017],[-83.814019,9.577206],[-83.813639,9.577414],[-83.813519,9.577551],[-83.813397,9.577796],[-83.813376,9.578003],[-83.813306,9.578159],[-83.813259,9.578197],[-83.812995,9.578271],[-83.812426,9.57819],[-83.81194,9.578017],[-83.811338,9.577672],[-83.811183,9.577641],[-83.811139,9.577759],[-83.811194,9.577908],[-83.811348,9.578077],[-83.811678,9.578301],[-83.81293,9.578542],[-83.813611,9.578778],[-83.814076,9.579029],[-83.814356,9.579137],[-83.814634,9.579173],[-83.814886,9.579253],[-83.815045,9.57927],[-83.815973,9.580519],[-83.816171,9.580701],[-83.816255,9.580832],[-83.816395,9.581307],[-83.816394,9.581462],[-83.81635,9.581539],[-83.816087,9.581776],[-83.816001,9.582093],[-83.816039,9.58247],[-83.816155,9.582828],[-83.816302,9.583076],[-83.816513,9.583334],[-83.816513,9.583334],[-83.816697,9.583577],[-83.816813,9.583887],[-83.816827,9.584147],[-83.816776,9.58438],[-83.816704,9.584529],[-83.81627,9.584929],[-83.816203,9.585027],[-83.816194,9.585122],[-83.816258,9.58531],[-83.816715,9.585991],[-83.81701,9.586644],[-83.817244,9.587353],[-83.817256,9.587565],[-83.817203,9.587703],[-83.817078,9.587857],[-83.816688,9.588209],[-83.816511,9.588458],[-83.816339,9.588534],[-83.816203,9.588531],[-83.815752,9.588243],[-83.815588,9.588171],[-83.81542,9.588135],[-83.815294,9.58817],[-83.814721,9.588785],[-83.813976,9.58977],[-83.813774,9.589869],[-83.813642,9.589833],[-83.813527,9.589731],[-83.813181,9.589233],[-83.813025,9.589166],[-83.812898,9.589192],[-83.812838,9.589241],[-83.812768,9.58937],[-83.812756,9.5895],[-83.812872,9.589813],[-83.813129,9.59033],[-83.813135,9.59043],[-83.813057,9.590513],[-83.812895,9.590566],[-83.812282,9.590544],[-83.811867,9.590607],[-83.811308,9.590739],[-83.810841,9.59124],[-83.810734,9.59148],[-83.810717,9.591682],[-83.810765,9.591927],[-83.810911,9.592139],[-83.811691,9.59281],[-83.813018,9.593637],[-83.813081,9.593723],[-83.813097,9.594042],[-83.81319,9.594336],[-83.813221,9.594476],[-83.813315,9.59463],[-83.813497,9.594813],[-83.813885,9.595099],[-83.814128,9.59521],[-83.814318,9.595256],[-83.814679,9.595289],[-83.815248,9.59545],[-83.815314,9.595556],[-83.815298,9.595939],[-83.81524,9.596321],[-83.815262,9.596475],[-83.815343,9.596594],[-83.815472,9.596729],[-83.815682,9.596867],[-83.816003,9.596935],[-83.816357,9.596926],[-83.816447,9.596981],[-83.816459,9.597099],[-83.816425,9.597229],[-83.816285,9.59747],[-83.816106,9.597916],[-83.815983,9.598662],[-83.816074,9.59904],[-83.816334,9.599512],[-83.816386,9.599883],[-83.816349,9.6],[-83.816305,9.600202],[-83.816329,9.600499],[-83.816296,9.600696],[-83.816334,9.601036],[-83.816238,9.601218],[-83.816307,9.601349],[-83.816554,9.601619],[-83.816704,9.602119],[-83.816776,9.602228],[-83.816981,9.602403],[-83.81741,9.602641],[-83.817415,9.602857],[-83.817496,9.603078],[-83.817597,9.603148],[-83.81823,9.603247],[-83.818508,9.603166],[-83.818509,9.603203],[-83.818334,9.60336],[-83.818314,9.603417],[-83.818316,9.603498],[-83.818364,9.603585],[-83.818441,9.603643],[-83.818578,9.603706],[-83.819045,9.603677],[-83.819339,9.603767],[-83.819594,9.603764],[-83.820178,9.603968],[-83.820512,9.604225],[-83.82062,9.604248],[-83.820739,9.604213],[-83.820886,9.604079],[-83.820926,9.603972],[-83.82105,9.603761],[-83.821218,9.603561],[-83.821667,9.603161],[-83.822007,9.602609],[-83.822118,9.602317],[-83.822146,9.602165],[-83.822133,9.601999],[-83.821971,9.601443],[-83.821842,9.600813],[-83.821825,9.600549],[-83.821699,9.6],[-83.821652,9.599585],[-83.821496,9.599348],[-83.821291,9.599075],[-83.820758,9.598702],[-83.820737,9.597792],[-83.820675,9.597616],[-83.820705,9.597237],[-83.820605,9.596971],[-83.820587,9.596811],[-83.820617,9.59663],[-83.82061,9.596439],[-83.820544,9.596235],[-83.820319,9.595938],[-83.820046,9.595386],[-83.819956,9.594887],[-83.819983,9.594823],[-83.82004,9.594831],[-83.820366,9.595066],[-83.820895,9.595285],[-83.821111,9.595343],[-83.821331,9.595356],[-83.821436,9.595336],[-83.821537,9.595274],[-83.821624,9.595176],[-83.821675,9.595048],[-83.821757,9.594346],[-83.821886,9.593829],[-83.821906,9.593664],[-83.821885,9.593573],[-83.821751,9.593485],[-83.821469,9.593446],[-83.821316,9.593368],[-83.82122,9.593164],[-83.821235,9.592951],[-83.821193,9.592789],[-83.820905,9.592592],[-83.820684,9.591982],[-83.820534,9.591759],[-83.819895,9.591216],[-83.81957,9.590839],[-83.819455,9.590575],[-83.819433,9.590437],[-83.819533,9.58988],[-83.819493,9.58942],[-83.819436,9.589164],[-83.819275,9.588722],[-83.819285,9.588565],[-83.819333,9.58852],[-83.820373,9.588669],[-83.820471,9.588618],[-83.820507,9.588529],[-83.820486,9.588382],[-83.820377,9.58826],[-83.81913,9.587408],[-83.819067,9.587311],[-83.818946,9.58679],[-83.818729,9.586502],[-83.81862,9.586307],[-83.818596,9.586116],[-83.818625,9.585994],[-83.818833,9.585689],[-83.818858,9.585476],[-83.818704,9.584925],[-83.81853,9.584498],[-83.818332,9.584137],[-83.818268,9.583764],[-83.818335,9.583334],[-83.818335,9.583334],[-83.818228,9.582767],[-83.818032,9.581974],[-83.817766,9.581149],[-83.817671,9.58098],[-83.817655,9.58076],[-83.817771,9.580466],[-83.817805,9.5801],[-83.817914,9.579814],[-83.818245,9.579828],[-83.818456,9.579874],[-83.81897,9.580165],[-83.819217,9.580214],[-83.819477,9.580201],[-83.819926,9.580443],[-83.820275,9.580538],[-83.821142,9.580539],[-83.821241,9.580502],[-83.821322,9.580375],[-83.821481,9.579549],[-83.821584,9.579222],[-83.821678,9.578737],[-83.821813,9.57844],[-83.821856,9.578416],[-83.822116,9.578501],[-83.822281,9.578479],[-83.822909,9.578834],[-83.822994,9.578894],[-83.823325,9.579294],[-83.823375,9.57948],[-83.823557,9.579723],[-83.824288,9.580364],[-83.824594,9.580528],[-83.824715,9.580514],[-83.82483,9.580383],[-83.824936,9.579924],[-83.825,9.579818],[-83.82509,9.579789],[-83.825194,9.579682],[-83.825487,9.579058],[-83.825943,9.579067],[-83.826307,9.579145],[-83.826504,9.579146],[-83.826609,9.579062],[-83.826648,9.578885]]]]}},{"type":"Feature","properties":{"origen":"PRCR05","nom_objeto":"CURVA_NIV INDICE","elevacion":3000,"codigo":"120101"},"geometry":{"type":"MultiPolygon","coordinates":[[[[-83.821633,9.60758],[-83.821633,9.607512],[-83.821589,9.607434],[-83.821439,9.607325],[-83.821269,9.607255],[-83.820703,9.606809],[-83.820597,9.606774],[-83.820364,9.606812],[-83.820174,9.606773],[-83.819657,9.606342],[-83.819586,9.606238],[-83.819571,9.606078],[-83.819603,9.605783],[-83.819516,9.605569],[-83.819285,9.605191],[-83.819109,9.604815],[-83.818925,9.604672],[-83.81863,9.604542],[-83.818453,9.604535],[-83.818231,9.604623],[-83.81816,9.604584],[-83.818064,9.604386],[-83.817968,9.604276],[-83.81751,9.604035],[-83.81739,9.604102],[-83.81735,9.604097],[-83.817345,9.604034],[-83.817472,9.603826],[-83.817411,9.603723],[-83.817316,9.603676],[-83.816795,9.603597],[-83.816531,9.603648],[-83.816312,9.60378],[-83.816008,9.603876],[-83.815876,9.603969],[-83.815843,9.60414],[-83.816106,9.60462],[-83.816124,9.604732],[-83.815702,9.604792],[-83.81564,9.604847],[-83.815448,9.605224],[-83.815291,9.605328],[-83.815197,9.605327],[-83.814951,9.605182],[-83.814859,9.605165],[-83.814681,9.605224],[-83.814633,9.605383],[-83.814674,9.605527],[-83.814651,9.605723],[-83.814556,9.605838],[-83.81443,9.605866],[-83.813865,9.605688],[-83.813568,9.605668],[-83.813472,9.60563],[-83.8134,9.605537],[-83.813351,9.605371],[-83.813225,9.605281],[-83.812781,9.605342],[-83.812644,9.605405],[-83.812458,9.605542],[-83.812415,9.605714],[-83.812619,9.606353],[-83.812576,9.60699],[-83.812628,9.607691],[-83.812725,9.608265],[-83.81272,9.609259],[-83.81279,9.609815],[-83.812876,9.609956],[-83.81316,9.610291],[-83.813287,9.610372],[-83.813537,9.610427],[-83.814189,9.610028],[-83.814433,9.609919],[-83.814546,9.609903],[-83.814663,9.610287],[-83.814977,9.61053],[-83.815256,9.61067],[-83.815674,9.610961],[-83.815963,9.611066],[-83.816119,9.611088],[-83.816614,9.611103],[-83.816881,9.611082],[-83.817367,9.611206],[-83.817508,9.611209],[-83.817598,9.611179],[-83.817814,9.610933],[-83.817936,9.610663],[-83.818341,9.610139],[-83.818535,9.609933],[-83.818576,9.60985],[-83.818602,9.609613],[-83.818775,9.609285],[-83.818936,9.609137],[-83.81933,9.609022],[-83.819438,9.608945],[-83.819518,9.608821],[-83.819538,9.608697],[-83.819517,9.608552],[-83.819251,9.608164],[-83.819256,9.608093],[-83.81929,9.608059],[-83.820318,9.608146],[-83.820646,9.608095],[-83.821073,9.607964],[-83.821493,9.607749],[-83.821581,9.607679],[-83.821633,9.60758]]]]}},{"type":"Feature","properties":{"origen":"TERRA","nom_objeto":"CURVA_NIV INDICE","elevacion":3000,"codigo":"120101"},"geometry":{"type":"MultiPolygon","coordinates":[[[[-83.794411,9.598932],[-83.794386,9.59884],[-83.794319,9.598794],[-83.794245,9.598795],[-83.793945,9.598962],[-83.793725,9.599013],[-83.793633,9.599062],[-83.793213,9.599497],[-83.793013,9.599815],[-83.792998,9.599959],[-83.793026,9.599999],[-83.793183,9.59995],[-83.793352,9.599832],[-83.793939,9.599501],[-83.794141,9.599349],[-83.794386,9.599038],[-83.794411,9.598932]]]]}},{"type":"Feature","properties":{"origen":"TERRA","nom_objeto":"CURVA_NIV INDICE","elevacion":3000,"codigo":"120101"},"geometry":{"type":"MultiPolygon","coordinates":[[[[-83.885465,9.605022],[-83.885462,9.605004],[-83.885427,9.604968],[-83.885409,9.604955],[-83.885326,9.604831],[-83.885163,9.604746],[-83.885102,9.604697],[-83.88508,9.604652],[-83.885077,9.604624],[-83.885079,9.604516],[-83.885092,9.604411],[-83.885082,9.604327],[-83.885073,9.604323],[-83.884852,9.604291],[-83.884759,9.604249],[-83.884689,9.6042],[-83.884648,9.604164],[-83.884634,9.604128],[-83.884635,9.604052],[-83.884628,9.604024],[-83.884595,9.604001],[-83.884492,9.603979],[-83.884369,9.603973],[-83.884251,9.603994],[-83.884134,9.604034],[-83.884024,9.604088],[-83.883844,9.604203],[-83.883741,9.604238],[-83.883621,9.604264],[-83.883248,9.60439],[-83.883136,9.604444],[-83.882943,9.604578],[-83.882823,9.604687],[-83.88278,9.604702],[-83.882649,9.6048],[-83.882539,9.604878],[-83.882504,9.604894],[-83.882447,9.60491],[-83.882286,9.604937],[-83.882231,9.604944],[-83.882123,9.604947],[-83.882038,9.604965],[-83.881783,9.605081],[-83.881718,9.605104],[-83.881678,9.605107],[-83.88162,9.605123],[-83.881412,9.605216],[-83.881149,9.605407],[-83.881025,9.605517],[-83.880791,9.605769],[-83.880654,9.605899],[-83.88051,9.606019],[-83.880345,9.606113],[-83.880155,9.606166],[-83.879882,9.606188],[-83.879657,9.60616],[-83.879427,9.606159],[-83.879312,9.606171],[-83.879199,9.606217],[-83.879086,9.60629],[-83.878966,9.606371],[-83.878877,9.606472],[-83.878812,9.606564],[-83.878763,9.606647],[-83.878707,9.606792],[-83.878637,9.607057],[-83.878598,9.607166],[-83.87857,9.607268],[-83.878508,9.607375],[-83.878466,9.607435],[-83.878381,9.607584],[-83.878283,9.607715],[-83.87823,9.607758],[-83.878156,9.60783],[-83.878078,9.607892],[-83.87804,9.607913],[-83.877991,9.607925],[-83.877933,9.607928],[-83.877718,9.607925],[-83.877675,9.60792],[-83.877516,9.607888],[-83.877427,9.60784],[-83.877358,9.607815],[-83.877289,9.607803],[-83.87699,9.607798],[-83.8769,9.607817],[-83.876783,9.607848],[-83.876548,9.607991],[-83.876425,9.608087],[-83.876012,9.608348],[-83.875821,9.608475],[-83.875648,9.608632],[-83.875551,9.608735],[-83.875507,9.608795],[-83.87548,9.608875],[-83.875473,9.609179],[-83.875481,9.609332],[-83.875513,9.609459],[-83.875558,9.609553],[-83.875655,9.609679],[-83.875703,9.60972],[-83.87581,9.609748],[-83.875987,9.609771],[-83.876149,9.609807],[-83.876254,9.609839],[-83.876304,9.609862],[-83.876332,9.609889],[-83.876334,9.609959],[-83.876255,9.610077],[-83.876149,9.610188],[-83.876053,9.6103],[-83.87596,9.610399],[-83.875891,9.610498],[-83.875833,9.610609],[-83.875791,9.610742],[-83.875763,9.610866],[-83.875759,9.610964],[-83.875775,9.611065],[-83.87584,9.611168],[-83.875953,9.611263],[-83.876092,9.611345],[-83.876352,9.61147],[-83.876472,9.611494],[-83.876604,9.611498],[-83.876825,9.6115],[-83.87694,9.61148],[-83.877068,9.611413],[-83.877218,9.611286],[-83.877414,9.611136],[-83.877631,9.610999],[-83.877962,9.610805],[-83.878075,9.610755],[-83.878243,9.610721],[-83.878404,9.610721],[-83.878509,9.610716],[-83.878623,9.610677],[-83.87881,9.610589],[-83.878833,9.610571],[-83.878856,9.610539],[-83.87887,9.610495],[-83.878907,9.610425],[-83.878983,9.610331],[-83.879088,9.610233],[-83.879218,9.610142],[-83.879376,9.610104],[-83.879627,9.610108],[-83.879702,9.610131],[-83.879754,9.610164],[-83.879805,9.610211],[-83.87985,9.610214],[-83.879927,9.610209],[-83.880098,9.610192],[-83.880135,9.610179],[-83.88017,9.610111],[-83.880191,9.610011],[-83.880198,9.609916],[-83.880197,9.609846],[-83.880179,9.609788],[-83.880146,9.609733],[-83.880099,9.609671],[-83.880044,9.609609],[-83.879975,9.609547],[-83.879922,9.609481],[-83.879822,9.609297],[-83.879803,9.609232],[-83.879801,9.609116],[-83.879811,9.608975],[-83.879848,9.608863],[-83.879911,9.608775],[-83.879946,9.608732],[-83.88007,9.608602],[-83.880796,9.608023],[-83.880931,9.607938],[-83.881099,9.607852],[-83.881303,9.60776],[-83.881473,9.607668],[-83.881552,9.607614],[-83.88167,9.607514],[-83.881733,9.607466],[-83.881922,9.60733],[-83.88224,9.607136],[-83.882335,9.607071],[-83.882438,9.607015],[-83.882527,9.606961],[-83.883003,9.606632],[-83.883059,9.606604],[-83.883657,9.606597],[-83.883779,9.606554],[-83.883891,9.606474],[-83.883992,9.606368],[-83.88416,9.606168],[-83.884242,9.606088],[-83.884341,9.606022],[-83.88461,9.605889],[-83.884737,9.605821],[-83.884841,9.605754],[-83.884924,9.60571],[-83.884992,9.605684],[-83.885127,9.605651],[-83.885213,9.605435],[-83.885326,9.605308],[-83.885397,9.605203],[-83.885411,9.605122],[-83.885465,9.605022]]]]}},{"type":"Feature","properties":{"origen":"TERRA","nom_objeto":"CURVA_NIV INDICE","elevacion":3000,"codigo":"120101"},"geometry":{"type":"MultiPolygon","coordinates":[[[[-83.830438,9.5735],[-83.83039,9.57337],[-83.830227,9.573162],[-83.829987,9.573062],[-83.829692,9.573099],[-83.829541,9.573168],[-83.829457,9.573303],[-83.829481,9.573442],[-83.829651,9.573614],[-83.829825,9.573707],[-83.83008,9.57376],[-83.83032,9.573733],[-83.830431,9.573594],[-83.830438,9.5735]]]]}},{"type":"Feature","properties":{"origen":"PRCR05","nom_objeto":"CURVA_NIV INDICE","elevacion":3000,"codigo":"120101"},"geometry":{"type":"MultiPolygon","coordinates":[[[[-83.621521,9.585882],[-83.62137,9.586133],[-83.621111,9.586364],[-83.620795,9.586503],[-83.621521,9.585882]]],[[[-83.638825,9.571078],[-83.638808,9.571178],[-83.63884,9.571433],[-83.638653,9.571738],[-83.638551,9.572032],[-83.638538,9.57215],[-83.638642,9.572394],[-83.638477,9.572635],[-83.638455,9.572728],[-83.638615,9.572877],[-83.638586,9.573084],[-83.638462,9.573267],[-83.638528,9.573406],[-83.638481,9.573697],[-83.638555,9.573793],[-83.638566,9.573902],[-83.63852,9.574036],[-83.638278,9.574443],[-83.638247,9.574606],[-83.638267,9.574714],[-83.638327,9.574723],[-83.638601,9.574593],[-83.6397,9.573784],[-83.639851,9.573787],[-83.640305,9.573971],[-83.640387,9.574085],[-83.640413,9.574272],[-83.640474,9.574315],[-83.640882,9.57433],[-83.641069,9.574426],[-83.641193,9.574417],[-83.641572,9.574244],[-83.641814,9.574193],[-83.642088,9.574212],[-83.642299,9.574366],[-83.642404,9.574543],[-83.642452,9.574699],[-83.642492,9.574989],[-83.642483,9.575163],[-83.642443,9.575272],[-83.642343,9.575369],[-83.642448,9.575391],[-83.642628,9.575375],[-83.642901,9.575238],[-83.642959,9.575235],[-83.643054,9.575281],[-83.643172,9.575482],[-83.643261,9.575567],[-83.643435,9.575599],[-83.643776,9.575579],[-83.643999,9.575767],[-83.644154,9.575836],[-83.644477,9.575807],[-83.64461,9.575827],[-83.644676,9.575876],[-83.644725,9.575962],[-83.644762,9.576134],[-83.644662,9.576674],[-83.644743,9.57668],[-83.645232,9.576543],[-83.645634,9.576562],[-83.645992,9.576627],[-83.646167,9.576792],[-83.646333,9.577129],[-83.646681,9.577374],[-83.646936,9.577672],[-83.64723,9.57812],[-83.647646,9.578491],[-83.647697,9.578574],[-83.647744,9.578782],[-83.647856,9.57897],[-83.648107,9.579109],[-83.648245,9.579121],[-83.64837,9.57919],[-83.648531,9.579358],[-83.64871,9.579614],[-83.648905,9.579873],[-83.648992,9.579876],[-83.649188,9.579811],[-83.649424,9.579772],[-83.649851,9.579617],[-83.649962,9.57951],[-83.649895,9.579382],[-83.649942,9.579273],[-83.65,9.579239],[-83.650155,9.579226],[-83.650359,9.579341],[-83.650482,9.579324],[-83.650624,9.579188],[-83.650644,9.57907],[-83.650708,9.578967],[-83.650765,9.578944],[-83.650919,9.578995],[-83.65098,9.578962],[-83.651248,9.578657],[-83.651355,9.578601],[-83.651517,9.578569],[-83.651718,9.578286],[-83.651805,9.578208],[-83.651952,9.578185],[-83.652218,9.578312],[-83.652265,9.578102],[-83.652313,9.578012],[-83.652348,9.577978],[-83.652541,9.577932],[-83.652631,9.577779],[-83.652671,9.577601],[-83.652729,9.577507],[-83.652954,9.577367],[-83.653316,9.577321],[-83.65362,9.577359],[-83.653815,9.577456],[-83.654073,9.577672],[-83.654231,9.577677],[-83.65431,9.577625],[-83.6544,9.577485],[-83.654471,9.576981],[-83.654544,9.576835],[-83.654625,9.576775],[-83.654744,9.576748],[-83.655033,9.57677],[-83.655327,9.576917],[-83.65555,9.576951],[-83.655858,9.576658],[-83.656028,9.576537],[-83.656245,9.576475],[-83.656469,9.576449],[-83.657196,9.576341],[-83.657719,9.576095],[-83.657779,9.576033],[-83.657829,9.575898],[-83.657984,9.575906],[-83.658104,9.575968],[-83.658196,9.575956],[-83.658563,9.575553],[-83.659007,9.575291],[-83.659115,9.57527],[-83.659514,9.575282],[-83.659878,9.575194],[-83.660045,9.57509],[-83.660186,9.574902],[-83.660287,9.574686],[-83.660454,9.574653],[-83.660711,9.57455],[-83.660863,9.574424],[-83.660982,9.574266],[-83.661173,9.573874],[-83.661229,9.573683],[-83.66152,9.573306],[-83.661614,9.573125],[-83.661673,9.572824],[-83.661695,9.572395],[-83.661799,9.572089],[-83.661952,9.571949],[-83.662187,9.571825],[-83.662436,9.571548],[-83.662569,9.571512],[-83.662819,9.571516],[-83.662929,9.571486],[-83.662996,9.571305],[-83.663036,9.571217],[-83.663462,9.570787],[-83.663657,9.57043],[-83.663693,9.570306],[-83.663705,9.570172],[-83.663592,9.56991],[-83.663485,9.569547],[-83.663496,9.569397],[-83.663533,9.569314],[-83.663755,9.568947],[-83.663664,9.568769],[-83.663676,9.568664],[-83.663827,9.568505],[-83.664069,9.568424],[-83.664198,9.56835],[-83.664376,9.568199],[-83.664591,9.567941],[-83.664915,9.567834],[-83.664982,9.56777],[-83.665105,9.567529],[-83.665121,9.567265],[-83.665399,9.56699],[-83.665531,9.566667],[-83.665623,9.566423],[-83.665381,9.565985],[-83.665476,9.565708],[-83.665447,9.565551],[-83.665365,9.565399],[-83.665371,9.565331],[-83.665487,9.565155],[-83.665729,9.565026],[-83.665905,9.565005],[-83.666076,9.565076],[-83.666374,9.565307],[-83.666505,9.565446],[-83.666529,9.565519],[-83.666714,9.565664],[-83.666762,9.565737],[-83.666785,9.565893],[-83.666685,9.566123],[-83.666787,9.566271],[-83.666797,9.566369],[-83.666768,9.566425],[-83.666619,9.56645],[-83.666551,9.566497],[-83.666528,9.566667],[-83.666561,9.566941],[-83.666545,9.567047],[-83.666356,9.567231],[-83.666223,9.567462],[-83.666058,9.567539],[-83.665769,9.567544],[-83.665643,9.567603],[-83.665416,9.567931],[-83.66533,9.568171],[-83.665333,9.568291],[-83.66543,9.568606],[-83.665406,9.56874],[-83.665267,9.568844],[-83.665063,9.568863],[-83.664925,9.568911],[-83.664788,9.569001],[-83.664744,9.569102],[-83.664743,9.569205],[-83.664808,9.569437],[-83.664718,9.569765],[-83.66482,9.570072],[-83.664652,9.570441],[-83.664538,9.570608],[-83.664533,9.570716],[-83.664593,9.57076],[-83.664689,9.570768],[-83.665051,9.570653],[-83.665167,9.570646],[-83.665359,9.570693],[-83.665519,9.570757],[-83.665926,9.571021],[-83.666292,9.571206],[-83.666394,9.571369],[-83.666375,9.571578],[-83.666331,9.571678],[-83.666256,9.571756],[-83.665994,9.571786],[-83.6659,9.571852],[-83.665855,9.571907],[-83.665777,9.572156],[-83.665591,9.572373],[-83.665402,9.572507],[-83.665315,9.5727],[-83.665307,9.572758],[-83.665283,9.572957],[-83.665367,9.573362],[-83.665363,9.573483],[-83.665326,9.573773],[-83.66521,9.573927],[-83.665204,9.57406],[-83.665253,9.574118],[-83.665444,9.574209],[-83.665715,9.574163],[-83.665853,9.574195],[-83.665937,9.574281],[-83.665951,9.57439],[-83.66586,9.574566],[-83.665649,9.574744],[-83.665507,9.574783],[-83.665084,9.574795],[-83.665016,9.574848],[-83.664986,9.574939],[-83.665071,9.575195],[-83.665068,9.575392],[-83.665319,9.575635],[-83.665224,9.575708],[-83.665237,9.57577],[-83.665632,9.575992],[-83.665714,9.576149],[-83.665703,9.576265],[-83.665656,9.576325],[-83.665501,9.576395],[-83.665017,9.576502],[-83.6648,9.57659],[-83.664563,9.576876],[-83.66446,9.577209],[-83.664396,9.577316],[-83.664188,9.577531],[-83.663946,9.577677],[-83.663753,9.577954],[-83.663494,9.578169],[-83.663087,9.578311],[-83.662735,9.578326],[-83.662564,9.578233],[-83.662498,9.578133],[-83.662416,9.57789],[-83.662376,9.577874],[-83.662191,9.578115],[-83.662013,9.578291],[-83.661799,9.578548],[-83.660888,9.579007],[-83.660429,9.57928],[-83.660195,9.579393],[-83.65999,9.579443],[-83.659815,9.579565],[-83.659751,9.579694],[-83.659829,9.580032],[-83.659819,9.580216],[-83.659714,9.580463],[-83.659525,9.580679],[-83.659245,9.580727],[-83.659049,9.580916],[-83.658941,9.581077],[-83.658878,9.581323],[-83.658923,9.581565],[-83.659127,9.581894],[-83.658958,9.58217],[-83.658923,9.58233],[-83.659051,9.582759],[-83.65911,9.582862],[-83.659434,9.583049],[-83.660019,9.582991],[-83.660263,9.583017],[-83.660385,9.583086],[-83.660491,9.583208],[-83.660551,9.583333],[-83.660607,9.58344],[-83.660663,9.583546],[-83.66078,9.583641],[-83.660959,9.583636],[-83.661138,9.583631],[-83.661201,9.583651],[-83.661342,9.583744],[-83.661482,9.583836],[-83.661623,9.583929],[-83.661763,9.584022],[-83.661969,9.58404],[-83.662176,9.584059],[-83.662307,9.584146],[-83.662439,9.584233],[-83.662571,9.58432],[-83.662703,9.584407],[-83.662775,9.58456],[-83.662848,9.584714],[-83.66292,9.584867],[-83.662993,9.58502],[-83.663135,9.585116],[-83.663246,9.585158],[-83.663357,9.5852],[-83.663468,9.585243],[-83.663579,9.585285],[-83.663673,9.585387],[-83.663709,9.585475],[-83.663711,9.585633],[-83.663671,9.585745],[-83.663677,9.585874],[-83.663683,9.586003],[-83.663581,9.586106],[-83.663454,9.586165],[-83.663328,9.586224],[-83.663277,9.586303],[-83.66328,9.586351],[-83.663421,9.586519],[-83.663552,9.586625],[-83.663684,9.58673],[-83.66374,9.5869],[-83.663797,9.587071],[-83.663791,9.587196],[-83.663784,9.587321],[-83.663845,9.587471],[-83.663835,9.587521],[-83.663724,9.587613],[-83.663678,9.587762],[-83.663683,9.587844],[-83.663743,9.587951],[-83.663803,9.588058],[-83.663862,9.588165],[-83.663922,9.588272],[-83.663932,9.58837],[-83.663892,9.58848],[-83.663852,9.588591],[-83.663845,9.588802],[-83.663837,9.589014],[-83.663881,9.589132],[-83.663924,9.58925],[-83.664042,9.589384],[-83.664159,9.589518],[-83.664179,9.589631],[-83.664198,9.589744],[-83.66415,9.589871],[-83.664098,9.589899],[-83.663975,9.589895],[-83.663852,9.589891],[-83.663689,9.589927],[-83.663647,9.589986],[-83.663658,9.590163],[-83.66367,9.590341],[-83.663602,9.590453],[-83.663534,9.590564],[-83.663503,9.590754],[-83.663373,9.590888],[-83.663266,9.591053],[-83.66316,9.591218],[-83.663206,9.591337],[-83.663317,9.591429],[-83.663428,9.591522],[-83.663539,9.591615],[-83.66365,9.591707],[-83.663715,9.591858],[-83.663728,9.591968],[-83.663702,9.592123],[-83.663676,9.592277],[-83.663576,9.59248],[-83.663477,9.592684],[-83.663387,9.59283],[-83.663297,9.592977],[-83.663273,9.593141],[-83.663319,9.593269],[-83.663366,9.593397],[-83.663413,9.593525],[-83.66346,9.593653],[-83.663596,9.593795],[-83.663725,9.593877],[-83.663853,9.593959],[-83.663969,9.593888],[-83.664054,9.593876],[-83.664143,9.594003],[-83.664232,9.59413],[-83.66428,9.594143],[-83.664387,9.594099],[-83.664495,9.594055],[-83.664555,9.594174],[-83.664616,9.594292],[-83.664689,9.594334],[-83.664807,9.59434],[-83.664925,9.594346],[-83.665084,9.594412],[-83.665244,9.594478],[-83.665289,9.594572],[-83.665231,9.594709],[-83.665173,9.594845],[-83.665176,9.594896],[-83.665261,9.594991],[-83.665389,9.595087],[-83.665517,9.595183],[-83.665646,9.59528],[-83.665774,9.595376],[-83.665873,9.595564],[-83.665891,9.595648],[-83.665876,9.595787],[-83.665861,9.595925],[-83.665847,9.596063],[-83.665832,9.596201],[-83.665737,9.596279],[-83.665651,9.596305],[-83.665507,9.596325],[-83.665363,9.596346],[-83.66522,9.596366],[-83.665076,9.596387],[-83.664894,9.59635],[-83.664712,9.596313],[-83.66453,9.596276],[-83.664348,9.596239],[-83.664179,9.596187],[-83.664011,9.596136],[-83.663828,9.596011],[-83.663644,9.595887],[-83.663515,9.59584],[-83.663385,9.595793],[-83.663255,9.595747],[-83.663125,9.5957],[-83.662941,9.595587],[-83.662757,9.595475],[-83.662653,9.595376],[-83.66255,9.595278],[-83.662472,9.595172],[-83.662394,9.595067],[-83.662351,9.594966],[-83.662346,9.594792],[-83.662342,9.594619],[-83.662419,9.594486],[-83.662496,9.594353],[-83.662558,9.594176],[-83.662522,9.594024],[-83.662406,9.593935],[-83.66229,9.593846],[-83.662165,9.593804],[-83.66204,9.593761],[-83.661915,9.593718],[-83.66179,9.593676],[-83.661646,9.593562],[-83.661501,9.593448],[-83.661307,9.593342],[-83.661138,9.593299],[-83.660968,9.593256],[-83.660752,9.593249],[-83.660536,9.593242],[-83.660323,9.593255],[-83.66011,9.593268],[-83.659923,9.593316],[-83.659736,9.593363],[-83.659551,9.593471],[-83.659365,9.593578],[-83.659232,9.593588],[-83.659075,9.593479],[-83.659021,9.593375],[-83.658968,9.593271],[-83.658915,9.593167],[-83.658861,9.593063],[-83.658828,9.592912],[-83.658795,9.59276],[-83.65879,9.592645],[-83.658784,9.592529],[-83.658779,9.592414],[-83.658774,9.592298],[-83.658762,9.592237],[-83.658704,9.592177],[-83.658584,9.592197],[-83.658465,9.592218],[-83.658345,9.592238],[-83.658226,9.592259],[-83.658106,9.59228],[-83.657986,9.5923],[-83.657867,9.592321],[-83.657747,9.592341],[-83.657603,9.592342],[-83.657459,9.592342],[-83.657315,9.592342],[-83.657172,9.592342],[-83.657071,9.592406],[-83.65697,9.592469],[-83.656843,9.592508],[-83.656716,9.592547],[-83.656589,9.592586],[-83.656462,9.592625],[-83.656388,9.592719],[-83.656314,9.592812],[-83.65624,9.592906],[-83.656165,9.593],[-83.655988,9.593102],[-83.655811,9.593205],[-83.655709,9.593329],[-83.655607,9.593454],[-83.655556,9.593595],[-83.655504,9.593736],[-83.655453,9.593877],[-83.655402,9.594018],[-83.655265,9.594165],[-83.655117,9.594169],[-83.654975,9.59408],[-83.654833,9.593991],[-83.654673,9.593939],[-83.654498,9.593955],[-83.654322,9.593971],[-83.654119,9.593941],[-83.653946,9.593806],[-83.653895,9.593704],[-83.653844,9.593602],[-83.653838,9.593431],[-83.65387,9.593244],[-83.653952,9.593085],[-83.654034,9.592927],[-83.65414,9.59283],[-83.654246,9.592733],[-83.654421,9.592656],[-83.654638,9.59261],[-83.654821,9.59264],[-83.654924,9.592698],[-83.655026,9.592756],[-83.655126,9.592755],[-83.655214,9.592679],[-83.655238,9.592584],[-83.655224,9.592377],[-83.655155,9.59222],[-83.655042,9.592103],[-83.654929,9.591985],[-83.654818,9.591806],[-83.654781,9.591628],[-83.654794,9.59147],[-83.654807,9.591312],[-83.654742,9.591117],[-83.654677,9.590922],[-83.654673,9.590763],[-83.654669,9.590603],[-83.654527,9.59066],[-83.654424,9.590727],[-83.654322,9.590795],[-83.654219,9.590863],[-83.654117,9.59093],[-83.654023,9.590921],[-83.653825,9.590842],[-83.653672,9.59083],[-83.65358,9.590852],[-83.653461,9.590882],[-83.653341,9.590912],[-83.653172,9.590923],[-83.653003,9.590935],[-83.652889,9.590913],[-83.652775,9.590891],[-83.652661,9.590869],[-83.652547,9.590847],[-83.652434,9.590825],[-83.65232,9.590803],[-83.652206,9.590782],[-83.652093,9.59076],[-83.651989,9.59068],[-83.651955,9.590575],[-83.651972,9.590378],[-83.652045,9.590195],[-83.651896,9.590104],[-83.651749,9.590097],[-83.651602,9.59009],[-83.651487,9.589979],[-83.651371,9.589867],[-83.651266,9.589833],[-83.651182,9.589857],[-83.651062,9.589931],[-83.650942,9.590006],[-83.650787,9.590057],[-83.650633,9.590107],[-83.650469,9.590111],[-83.650355,9.590067],[-83.650242,9.590023],[-83.650076,9.590079],[-83.65,9.590063],[-83.649843,9.59005],[-83.649717,9.590202],[-83.649591,9.590354],[-83.649474,9.590419],[-83.649356,9.590483],[-83.649333,9.590525],[-83.649336,9.590718],[-83.649339,9.590912],[-83.649284,9.591027],[-83.649228,9.591142],[-83.649202,9.591344],[-83.64922,9.59151],[-83.649277,9.591707],[-83.649334,9.591904],[-83.649314,9.59209],[-83.64922,9.592205],[-83.649106,9.592266],[-83.648977,9.592264],[-83.648848,9.592262],[-83.648863,9.592376],[-83.648878,9.59249],[-83.648893,9.592604],[-83.648909,9.592718],[-83.648877,9.592844],[-83.648845,9.59297],[-83.648755,9.593113],[-83.648665,9.593256],[-83.648578,9.593353],[-83.64849,9.593451],[-83.648451,9.59367],[-83.648412,9.593889],[-83.648344,9.594008],[-83.648232,9.594089],[-83.648153,9.594084],[-83.648053,9.594028],[-83.647956,9.593935],[-83.647859,9.593841],[-83.647761,9.593705],[-83.647738,9.593647],[-83.647765,9.593566],[-83.647877,9.593465],[-83.64799,9.593365],[-83.64782,9.593249],[-83.647757,9.593108],[-83.647694,9.592967],[-83.647631,9.592827],[-83.647567,9.592686],[-83.647422,9.592587],[-83.64732,9.592571],[-83.647215,9.592626],[-83.647067,9.59274],[-83.64692,9.592855],[-83.646732,9.592959],[-83.64657,9.59299],[-83.646407,9.59302],[-83.64629,9.592993],[-83.646173,9.592965],[-83.646046,9.592879],[-83.64592,9.592793],[-83.64582,9.592657],[-83.645786,9.592534],[-83.645752,9.592412],[-83.645604,9.59251],[-83.645457,9.592608],[-83.645341,9.592662],[-83.645188,9.592685],[-83.645015,9.592623],[-83.644911,9.592554],[-83.644807,9.592486],[-83.644704,9.592418],[-83.6446,9.59235],[-83.644489,9.592334],[-83.644383,9.592385],[-83.644282,9.592518],[-83.644252,9.59266],[-83.644222,9.592803],[-83.644166,9.593008],[-83.644109,9.593213],[-83.644052,9.593418],[-83.643995,9.593623],[-83.643939,9.59373],[-83.643883,9.593837],[-83.643771,9.593883],[-83.643632,9.593866],[-83.643494,9.59385],[-83.643415,9.593796],[-83.643336,9.593651],[-83.643258,9.593505],[-83.643104,9.593353],[-83.642924,9.593297],[-83.642834,9.593296],[-83.642715,9.593328],[-83.642596,9.593361],[-83.642458,9.593327],[-83.642301,9.593215],[-83.642144,9.593102],[-83.641968,9.593007],[-83.641867,9.592898],[-83.641783,9.592742],[-83.641777,9.592627],[-83.64177,9.592513],[-83.641764,9.592399],[-83.641757,9.592284],[-83.641721,9.592114],[-83.641684,9.591944],[-83.641585,9.591813],[-83.641485,9.591736],[-83.641385,9.591659],[-83.641204,9.591571],[-83.641023,9.591482],[-83.640856,9.591341],[-83.640801,9.591257],[-83.640771,9.591119],[-83.640647,9.591017],[-83.640524,9.590916],[-83.640456,9.590804],[-83.640404,9.590684],[-83.640351,9.590563],[-83.640336,9.5904],[-83.640321,9.590237],[-83.640308,9.590085],[-83.640296,9.589933],[-83.640314,9.58971],[-83.640333,9.589486],[-83.640355,9.589316],[-83.640377,9.589146],[-83.640312,9.589001],[-83.640211,9.58896],[-83.640072,9.589047],[-83.639932,9.589134],[-83.63982,9.589218],[-83.639686,9.589374],[-83.639553,9.589529],[-83.639404,9.589621],[-83.639286,9.58964],[-83.639143,9.589761],[-83.639,9.589882],[-83.638909,9.590025],[-83.638818,9.590167],[-83.638728,9.59031],[-83.638637,9.590452],[-83.638535,9.590546],[-83.638422,9.590602],[-83.638242,9.5906],[-83.638105,9.590564],[-83.637922,9.590492],[-83.637738,9.59042],[-83.637636,9.59036],[-83.637535,9.590299],[-83.637433,9.590238],[-83.637332,9.590177],[-83.637231,9.590116],[-83.637129,9.590056],[-83.637028,9.589995],[-83.636926,9.589934],[-83.636826,9.589893],[-83.63672,9.589909],[-83.636617,9.590008],[-83.636515,9.590106],[-83.636412,9.590205],[-83.63631,9.590304],[-83.636305,9.590375],[-83.636337,9.590491],[-83.63637,9.590606],[-83.63629,9.590724],[-83.636211,9.590843],[-83.63621,9.590898],[-83.636338,9.590992],[-83.636466,9.591085],[-83.636594,9.591179],[-83.636722,9.591273],[-83.636851,9.59139],[-83.63698,9.591508],[-83.637095,9.591667],[-83.637162,9.591804],[-83.63723,9.59194],[-83.637251,9.592047],[-83.63722,9.592161],[-83.637189,9.592275],[-83.637116,9.592381],[-83.637043,9.592488],[-83.636948,9.592575],[-83.636825,9.592632],[-83.636702,9.592688],[-83.636555,9.592724],[-83.636409,9.592759],[-83.636235,9.592786],[-83.636125,9.592828],[-83.636015,9.59287],[-83.635881,9.592955],[-83.635773,9.593062],[-83.635666,9.59317],[-83.635548,9.593295],[-83.63543,9.593421],[-83.635313,9.593597],[-83.635233,9.593734],[-83.635198,9.593856],[-83.635163,9.593977],[-83.635207,9.594171],[-83.635251,9.594365],[-83.635249,9.594522],[-83.63534,9.594598],[-83.635432,9.594674],[-83.635524,9.59475],[-83.635616,9.594826],[-83.635702,9.594915],[-83.635789,9.595003],[-83.635881,9.595159],[-83.635907,9.59532],[-83.635932,9.595481],[-83.635888,9.595664],[-83.635819,9.595769],[-83.635702,9.595867],[-83.635563,9.595938],[-83.635397,9.595962],[-83.63523,9.595986],[-83.635064,9.59601],[-83.634898,9.596034],[-83.634751,9.596139],[-83.634604,9.596244],[-83.634492,9.596307],[-83.63438,9.596371],[-83.634268,9.596435],[-83.634156,9.596499],[-83.634013,9.596558],[-83.63387,9.596618],[-83.633727,9.596677],[-83.633585,9.596737],[-83.633408,9.596794],[-83.633231,9.596851],[-83.633104,9.596849],[-83.632977,9.596847],[-83.63285,9.596845],[-83.632723,9.596843],[-83.63258,9.596801],[-83.632437,9.596759],[-83.632294,9.596718],[-83.632151,9.596676],[-83.632073,9.596708],[-83.631976,9.59682],[-83.63191,9.596951],[-83.631843,9.597083],[-83.631777,9.597215],[-83.63171,9.597346],[-83.631711,9.597466],[-83.631712,9.597585],[-83.631713,9.597705],[-83.631714,9.597824],[-83.631753,9.597934],[-83.631792,9.598044],[-83.631928,9.598179],[-83.632065,9.598315],[-83.632173,9.598389],[-83.632281,9.598463],[-83.632389,9.598537],[-83.632497,9.59861],[-83.632644,9.598746],[-83.632747,9.59889],[-83.632803,9.59907],[-83.632782,9.599264],[-83.632736,9.599395],[-83.63267,9.599547],[-83.632604,9.599698],[-83.632538,9.599849],[-83.632472,9.6],[-83.632387,9.600199],[-83.632303,9.600397],[-83.632218,9.600596],[-83.632134,9.600795],[-83.63217,9.600874],[-83.632291,9.600902],[-83.632412,9.600931],[-83.632533,9.600959],[-83.632654,9.600987],[-83.632787,9.601068],[-83.632919,9.60115],[-83.633052,9.601231],[-83.633185,9.601312],[-83.633272,9.601397],[-83.63336,9.601482],[-83.633448,9.601566],[-83.633535,9.601651],[-83.633623,9.601736],[-83.63371,9.60182],[-83.633798,9.601905],[-83.633886,9.60199],[-83.633985,9.602186],[-83.634085,9.602382],[-83.634085,9.602509],[-83.634086,9.602635],[-83.634086,9.602762],[-83.634086,9.602889],[-83.634151,9.603034],[-83.634216,9.603179],[-83.634332,9.603303],[-83.634448,9.603428],[-83.634564,9.603553],[-83.63468,9.603677],[-83.634767,9.603814],[-83.634866,9.603911],[-83.634966,9.604007],[-83.63501,9.60409],[-83.635036,9.604288],[-83.635021,9.604423],[-83.635006,9.604558],[-83.634992,9.604692],[-83.634977,9.604827],[-83.634932,9.605022],[-83.634888,9.605217],[-83.634828,9.605328],[-83.634769,9.605439],[-83.63474,9.605609],[-83.634712,9.60578],[-83.634661,9.605915],[-83.634599,9.606019],[-83.634538,9.606123],[-83.634476,9.606227],[-83.634415,9.606331],[-83.634472,9.606523],[-83.634528,9.606715],[-83.634501,9.606901],[-83.634377,9.607049],[-83.634193,9.60716],[-83.634009,9.607271],[-83.633898,9.607353],[-83.633786,9.607435],[-83.633674,9.607517],[-83.633563,9.607599],[-83.63345,9.607635],[-83.633338,9.607672],[-83.633225,9.607709],[-83.633113,9.607745],[-83.633001,9.607782],[-83.632888,9.607819],[-83.632776,9.607855],[-83.632663,9.607892],[-83.632532,9.607949],[-83.632401,9.608006],[-83.63227,9.608063],[-83.632139,9.60812],[-83.631916,9.608108],[-83.631692,9.608096],[-83.63154,9.608072],[-83.631388,9.608049],[-83.631254,9.608049],[-83.631121,9.608048],[-83.630988,9.608048],[-83.630855,9.608048],[-83.63077,9.608073],[-83.630635,9.608218],[-83.630501,9.608364],[-83.630502,9.608438],[-83.630611,9.608571],[-83.630657,9.608737],[-83.630703,9.608903],[-83.630678,9.609108],[-83.630653,9.609314],[-83.630746,9.609453],[-83.630812,9.609631],[-83.630878,9.609809],[-83.630841,9.609932],[-83.630767,9.610025],[-83.630692,9.610117],[-83.630542,9.610235],[-83.63036,9.610289],[-83.63019,9.61025],[-83.630045,9.610211],[-83.629894,9.610175],[-83.629742,9.61014],[-83.629621,9.610095],[-83.629499,9.610051],[-83.629377,9.610007],[-83.629255,9.609962],[-83.629076,9.609842],[-83.628931,9.609784],[-83.628796,9.609782],[-83.628661,9.609779],[-83.628506,9.609688],[-83.628408,9.609571],[-83.628342,9.609551],[-83.628276,9.609617],[-83.628233,9.609729],[-83.628189,9.609841],[-83.628123,9.609929],[-83.628011,9.610024],[-83.627907,9.610072],[-83.627804,9.61012],[-83.6277,9.610168],[-83.627597,9.610215],[-83.627506,9.61035],[-83.627415,9.610484],[-83.627342,9.61065],[-83.627369,9.610781],[-83.627396,9.610912],[-83.627364,9.610974],[-83.62729,9.611022],[-83.627219,9.611029],[-83.627111,9.610967],[-83.627067,9.610813],[-83.626989,9.610727],[-83.626914,9.610729],[-83.626804,9.610784],[-83.626671,9.610785],[-83.626605,9.61083],[-83.626543,9.610985],[-83.626481,9.61114],[-83.626419,9.611294],[-83.626357,9.611449],[-83.626289,9.611546],[-83.626222,9.611642],[-83.626154,9.611738],[-83.626086,9.611835],[-83.626102,9.612056],[-83.626072,9.612187],[-83.626043,9.612317],[-83.626013,9.612448],[-83.625984,9.612578],[-83.625852,9.612702],[-83.625725,9.612791],[-83.625598,9.61288],[-83.625471,9.612969],[-83.625344,9.613057],[-83.625222,9.61317],[-83.6251,9.613283],[-83.625,9.613313],[-83.624981,9.613314],[-83.624927,9.61329],[-83.624803,9.613207],[-83.624755,9.613191],[-83.624707,9.6132],[-83.624684,9.613223],[-83.624663,9.613287],[-83.62461,9.613404],[-83.624625,9.613562],[-83.624656,9.613637],[-83.624675,9.613712],[-83.624668,9.613803],[-83.624595,9.613957],[-83.624577,9.614025],[-83.624575,9.614091],[-83.624598,9.614247],[-83.624617,9.614335],[-83.624748,9.614578],[-83.624754,9.614651],[-83.624747,9.614709],[-83.624716,9.614753],[-83.624688,9.614778],[-83.624497,9.614837],[-83.624422,9.61489],[-83.624375,9.614953],[-83.624377,9.61504],[-83.624411,9.615119],[-83.624421,9.615197],[-83.624406,9.615279],[-83.624394,9.615399],[-83.6244,9.615559],[-83.624423,9.615739],[-83.624431,9.61604],[-83.624438,9.616167],[-83.624433,9.616294],[-83.624405,9.616381],[-83.624362,9.616453],[-83.624319,9.616561],[-83.624304,9.616667],[-83.624314,9.616769],[-83.624348,9.61685],[-83.624404,9.616917],[-83.624493,9.616983],[-83.624656,9.617041],[-83.624704,9.617045],[-83.624745,9.617036],[-83.624799,9.617008],[-83.624864,9.617009],[-83.62492,9.617026],[-83.625,9.617081],[-83.625107,9.617149],[-83.625213,9.617217],[-83.625327,9.617163],[-83.625484,9.617033],[-83.625643,9.616903],[-83.625771,9.616853],[-83.625947,9.616843],[-83.626123,9.616833],[-83.626299,9.616823],[-83.626475,9.616813],[-83.626588,9.616859],[-83.626617,9.616913],[-83.626597,9.617055],[-83.626532,9.617188],[-83.626468,9.617321],[-83.626403,9.617454],[-83.626339,9.617587],[-83.626233,9.617701],[-83.626127,9.617815],[-83.626046,9.617935],[-83.625965,9.618055],[-83.625884,9.618174],[-83.625803,9.618294],[-83.625745,9.618432],[-83.625686,9.618569],[-83.62562,9.618664],[-83.625554,9.618759],[-83.625489,9.618855],[-83.625423,9.61895],[-83.625342,9.619112],[-83.625171,9.61924],[-83.625,9.619367],[-83.62488,9.619509],[-83.624818,9.619564],[-83.624719,9.619612],[-83.624653,9.619653],[-83.624626,9.619682],[-83.624618,9.619788],[-83.624778,9.620168],[-83.624793,9.62026],[-83.624782,9.620336],[-83.624754,9.6204],[-83.624712,9.620451],[-83.624656,9.620506],[-83.624606,9.620546],[-83.624463,9.620656],[-83.624152,9.620873],[-83.624119,9.620918],[-83.624113,9.620973],[-83.624132,9.621048],[-83.624164,9.621112],[-83.624319,9.62126],[-83.624462,9.621357],[-83.62475,9.621468],[-83.624801,9.621507],[-83.62494,9.621675],[-83.625,9.621733],[-83.625144,9.621866],[-83.625172,9.621958],[-83.625116,9.622134],[-83.62506,9.62231],[-83.625,9.622413],[-83.624983,9.622437],[-83.62488,9.622533],[-83.624819,9.622557],[-83.624753,9.622552],[-83.624706,9.622526],[-83.624628,9.622454],[-83.624585,9.622427],[-83.624507,9.622416],[-83.624359,9.622416],[-83.624208,9.62245],[-83.624126,9.622484],[-83.624031,9.622514],[-83.623847,9.622559],[-83.623655,9.622604],[-83.623578,9.622612],[-83.623526,9.622613],[-83.623467,9.622593],[-83.623416,9.622556],[-83.623378,9.622516],[-83.623294,9.622413],[-83.623225,9.622318],[-83.6232,9.622299],[-83.623168,9.622289],[-83.623153,9.622292],[-83.623134,9.622303],[-83.623088,9.62237],[-83.623048,9.622508],[-83.623013,9.622571],[-83.622924,9.622704],[-83.622883,9.62278],[-83.62285,9.622863],[-83.622796,9.623157],[-83.622759,9.623229],[-83.622674,9.623346],[-83.622639,9.623419],[-83.622612,9.623495],[-83.622583,9.623687],[-83.622556,9.623742],[-83.622521,9.623796],[-83.622476,9.623842],[-83.622428,9.623881],[-83.622315,9.623943],[-83.62212,9.624091],[-83.622065,9.624151],[-83.622001,9.624204],[-83.621941,9.62423],[-83.621875,9.624248],[-83.621803,9.624255],[-83.62175,9.624258],[-83.621642,9.624287],[-83.621596,9.624291],[-83.621573,9.624278],[-83.621546,9.62425],[-83.621526,9.624218],[-83.621483,9.624171],[-83.621424,9.624118],[-83.621381,9.624092],[-83.621032,9.623984],[-83.620962,9.623971],[-83.620889,9.623977],[-83.620738,9.624047],[-83.620563,9.624155],[-83.620486,9.624186],[-83.620451,9.624196],[-83.620421,9.624194],[-83.62038,9.624187],[-83.620226,9.624092],[-83.62007,9.624001],[-83.619982,9.623989],[-83.619921,9.624003],[-83.619865,9.624045],[-83.61977,9.624176],[-83.619674,9.624299],[-83.619632,9.624337],[-83.619591,9.624367],[-83.619543,9.624389],[-83.619469,9.62441],[-83.619297,9.624433],[-83.619204,9.624442],[-83.619165,9.624459],[-83.619138,9.624481],[-83.619102,9.624536],[-83.619063,9.624627],[-83.619042,9.62466],[-83.618938,9.624762],[-83.618905,9.624804],[-83.618822,9.624932],[-83.618708,9.625099],[-83.61867,9.625144],[-83.618623,9.625174],[-83.618483,9.625238],[-83.618451,9.625259],[-83.618422,9.625292],[-83.618395,9.625337],[-83.618372,9.625388],[-83.618346,9.62551],[-83.61832,9.625692],[-83.618353,9.625888],[-83.618437,9.626054],[-83.618459,9.626128],[-83.618457,9.626159],[-83.618442,9.626191],[-83.61838,9.626248],[-83.618318,9.626297],[-83.61822,9.626314],[-83.618103,9.626279],[-83.618052,9.626283],[-83.618017,9.626308],[-83.617994,9.62634],[-83.617956,9.626456],[-83.617928,9.626498],[-83.617884,9.626525],[-83.617833,9.626532],[-83.617782,9.626523],[-83.617703,9.626483],[-83.617636,9.626474],[-83.617584,9.626478],[-83.61752,9.6265],[-83.617335,9.626591],[-83.617059,9.626751],[-83.616979,9.626786],[-83.616882,9.626792],[-83.616802,9.626782],[-83.616675,9.626751],[-83.616597,9.626726],[-83.616506,9.626716],[-83.61642,9.626723],[-83.616338,9.626737],[-83.616235,9.626736],[-83.616173,9.626725],[-83.616119,9.626705],[-83.615998,9.626648],[-83.615954,9.626616],[-83.615885,9.626548],[-83.615805,9.626492],[-83.615593,9.626408],[-83.615523,9.626393],[-83.615472,9.626368],[-83.615421,9.626332],[-83.615372,9.626275],[-83.615353,9.626224],[-83.615341,9.626173],[-83.615338,9.626108],[-83.615349,9.626013],[-83.615324,9.62578],[-83.615323,9.6257],[-83.615334,9.625592],[-83.615307,9.625462],[-83.615277,9.625416],[-83.615232,9.625386],[-83.615197,9.62538],[-83.615103,9.625405],[-83.615074,9.625441],[-83.615028,9.625539],[-83.614992,9.625589],[-83.614957,9.625627],[-83.614941,9.625634],[-83.614886,9.625631],[-83.614835,9.625614],[-83.61481,9.625592],[-83.614761,9.625494],[-83.61474,9.625429],[-83.614732,9.62534],[-83.614717,9.625292],[-83.61469,9.62527],[-83.614632,9.625263],[-83.614521,9.625297],[-83.614446,9.625305],[-83.614404,9.625298],[-83.614382,9.625266],[-83.614366,9.625203],[-83.614364,9.625125],[-83.614414,9.624946],[-83.614512,9.62472],[-83.61454,9.624693],[-83.614586,9.624667],[-83.614677,9.624645],[-83.614774,9.624608],[-83.615126,9.624381],[-83.615161,9.624349],[-83.615194,9.624351],[-83.615229,9.624363],[-83.615248,9.624387],[-83.615288,9.624473],[-83.615349,9.624642],[-83.615401,9.624708],[-83.615454,9.624756],[-83.615503,9.624767],[-83.61554,9.624761],[-83.615589,9.624725],[-83.615657,9.624703],[-83.615721,9.624703],[-83.615829,9.624671],[-83.615882,9.624635],[-83.616019,9.624469],[-83.616049,9.624417],[-83.616107,9.624378],[-83.616173,9.62437],[-83.616248,9.624375],[-83.616295,9.624395],[-83.616376,9.624395],[-83.616446,9.624354],[-83.61648,9.624315],[-83.616565,9.624189],[-83.61661,9.624137],[-83.616642,9.62412],[-83.616696,9.624117],[-83.616758,9.624137],[-83.616838,9.624173],[-83.616899,9.624192],[-83.616954,9.624188],[-83.61697,9.624169],[-83.616979,9.624148],[-83.616998,9.623983],[-83.616992,9.62392],[-83.617008,9.623836],[-83.617047,9.623761],[-83.617149,9.623681],[-83.617181,9.623639],[-83.6172,9.623603],[-83.617177,9.623369],[-83.617155,9.623291],[-83.617131,9.623233],[-83.617107,9.623157],[-83.617093,9.62309],[-83.617093,9.623022],[-83.617099,9.622942],[-83.617141,9.622751],[-83.617222,9.622566],[-83.617303,9.62245],[-83.617402,9.622374],[-83.617476,9.622339],[-83.617796,9.622343],[-83.617916,9.622326],[-83.61794,9.622298],[-83.617947,9.622255],[-83.617929,9.622123],[-83.617877,9.621867],[-83.617882,9.621831],[-83.617904,9.621787],[-83.617949,9.621752],[-83.61811,9.62169],[-83.618144,9.621669],[-83.618153,9.621658],[-83.618156,9.621604],[-83.618077,9.621469],[-83.617966,9.621372],[-83.617932,9.621338],[-83.617893,9.621305],[-83.617727,9.621217],[-83.617658,9.621193],[-83.617588,9.621146],[-83.617519,9.621087],[-83.617273,9.620909],[-83.617176,9.620854],[-83.617103,9.620804],[-83.617046,9.620748],[-83.616993,9.620682],[-83.616938,9.620622],[-83.616798,9.620486],[-83.616763,9.620429],[-83.616742,9.620366],[-83.616748,9.620306],[-83.616767,9.620236],[-83.616813,9.620099],[-83.616888,9.61991],[-83.616938,9.619865],[-83.616992,9.619853],[-83.617069,9.619856],[-83.617124,9.619873],[-83.617192,9.619911],[-83.617311,9.619949],[-83.617488,9.619984],[-83.617676,9.620009],[-83.617939,9.620028],[-83.618202,9.620027],[-83.618273,9.620014],[-83.618303,9.619984],[-83.618323,9.619941],[-83.61832,9.619921],[-83.618289,9.61981],[-83.618273,9.619766],[-83.618261,9.619703],[-83.618221,9.619542],[-83.618209,9.619414],[-83.618192,9.619301],[-83.618147,9.619194],[-83.618125,9.619154],[-83.618133,9.619103],[-83.618145,9.619059],[-83.618205,9.618963],[-83.61826,9.618907],[-83.618311,9.618862],[-83.61843,9.61877],[-83.618517,9.61873],[-83.618807,9.618612],[-83.618992,9.618537],[-83.619094,9.618501],[-83.619146,9.618466],[-83.619222,9.618396],[-83.619393,9.618177],[-83.619463,9.61802],[-83.619466,9.618004],[-83.619459,9.617992],[-83.619397,9.617965],[-83.619272,9.617964],[-83.619198,9.617958],[-83.61905,9.617899],[-83.61893,9.61787],[-83.618858,9.61786],[-83.618814,9.61787],[-83.618767,9.617866],[-83.618713,9.617839],[-83.618665,9.617752],[-83.618606,9.617682],[-83.618548,9.617646],[-83.618498,9.617597],[-83.618456,9.617537],[-83.618424,9.617479],[-83.618333,9.617392],[-83.618194,9.617268],[-83.618156,9.617258],[-83.618125,9.617281],[-83.618102,9.617309],[-83.618081,9.617356],[-83.618069,9.617397],[-83.618027,9.617438],[-83.617996,9.617442],[-83.61785,9.617367],[-83.617785,9.617326],[-83.617715,9.617262],[-83.617673,9.617213],[-83.617585,9.617003],[-83.61755,9.61694],[-83.617495,9.616869],[-83.617432,9.616798],[-83.617413,9.616763],[-83.61735,9.616667],[-83.617329,9.616607],[-83.617348,9.616466],[-83.617359,9.616418],[-83.61744,9.616225],[-83.617447,9.616127],[-83.617426,9.616046],[-83.617403,9.615977],[-83.617334,9.615846],[-83.617288,9.615782],[-83.61724,9.615732],[-83.617184,9.615701],[-83.617139,9.615673],[-83.6171,9.61563],[-83.617093,9.61558],[-83.617116,9.615524],[-83.617161,9.615471],[-83.617202,9.615415],[-83.617214,9.615349],[-83.617191,9.615302],[-83.617148,9.615244],[-83.617137,9.615183],[-83.617144,9.615108],[-83.617139,9.615032],[-83.617123,9.614956],[-83.617079,9.614912],[-83.617026,9.6149],[-83.616975,9.614923],[-83.616925,9.61498],[-83.616876,9.615014],[-83.616805,9.615026],[-83.616714,9.61502],[-83.616636,9.615022],[-83.616561,9.615048],[-83.616484,9.615108],[-83.616436,9.615166],[-83.61634,9.615403],[-83.616321,9.615486],[-83.616287,9.615721],[-83.616255,9.616039],[-83.616236,9.61612],[-83.616202,9.616182],[-83.616165,9.616218],[-83.61612,9.616234],[-83.616087,9.616234],[-83.616019,9.616219],[-83.615962,9.616187],[-83.615894,9.616101],[-83.615803,9.615941],[-83.615751,9.615782],[-83.61573,9.615744],[-83.615691,9.615638],[-83.615676,9.615519],[-83.615673,9.615406],[-83.615652,9.615325],[-83.61561,9.615241],[-83.615545,9.615165],[-83.615438,9.615102],[-83.615381,9.615063],[-83.61533,9.614994],[-83.615306,9.614914],[-83.615279,9.614855],[-83.615254,9.61484],[-83.615235,9.614847],[-83.615215,9.614878],[-83.615188,9.614941],[-83.615157,9.615036],[-83.615143,9.615127],[-83.615114,9.615207],[-83.61507,9.615249],[-83.615026,9.61527],[-83.615008,9.615273],[-83.614836,9.615156],[-83.614663,9.615086],[-83.614502,9.615068],[-83.61443,9.615077],[-83.614341,9.615074],[-83.61426,9.615048],[-83.614187,9.615006],[-83.614062,9.614914],[-83.614031,9.614883],[-83.614021,9.614857],[-83.614023,9.614839],[-83.614061,9.614791],[-83.614109,9.614742],[-83.614286,9.614574],[-83.614335,9.614516],[-83.6144,9.614427],[-83.614443,9.614359],[-83.614452,9.614261],[-83.614442,9.614202],[-83.614406,9.614114],[-83.614373,9.614052],[-83.614365,9.614],[-83.61437,9.613946],[-83.61439,9.6139],[-83.614431,9.613849],[-83.614482,9.613801],[-83.614511,9.613747],[-83.614534,9.613668],[-83.614559,9.613515],[-83.614549,9.613452],[-83.614517,9.613347],[-83.614464,9.613279],[-83.614429,9.613255],[-83.614395,9.613223],[-83.614372,9.613176],[-83.614366,9.61312],[-83.614371,9.613041],[-83.614442,9.612881],[-83.614539,9.612751],[-83.614601,9.612676],[-83.614643,9.612615],[-83.614668,9.612566],[-83.614687,9.612512],[-83.614831,9.612198],[-83.614817,9.612172],[-83.614801,9.612164],[-83.614764,9.612163],[-83.614686,9.612187],[-83.614601,9.612208],[-83.614535,9.612201],[-83.614482,9.612182],[-83.614451,9.612176],[-83.614411,9.612189],[-83.614348,9.612219],[-83.614295,9.612264],[-83.614237,9.612321],[-83.614156,9.612356],[-83.614104,9.612383],[-83.614041,9.61244],[-83.613942,9.612569],[-83.613889,9.612611],[-83.613799,9.612621],[-83.61376,9.612602],[-83.613725,9.612559],[-83.613655,9.612441],[-83.613583,9.612383],[-83.613533,9.612313],[-83.613517,9.612202],[-83.613521,9.612151],[-83.613511,9.61206],[-83.613495,9.611976],[-83.613512,9.611874],[-83.61357,9.61172],[-83.613594,9.611603],[-83.613612,9.611545],[-83.613648,9.611483],[-83.613691,9.611425],[-83.613753,9.611381],[-83.613901,9.61121],[-83.613951,9.611144],[-83.613961,9.611085],[-83.613947,9.611019],[-83.613919,9.610958],[-83.61384,9.610814],[-83.613824,9.610758],[-83.613843,9.610708],[-83.613881,9.610657],[-83.613905,9.610606],[-83.613913,9.610554],[-83.613953,9.610398],[-83.613945,9.610271],[-83.613948,9.610167],[-83.613918,9.610104],[-83.613893,9.610091],[-83.613841,9.610112],[-83.613803,9.610146],[-83.613737,9.610193],[-83.613688,9.610246],[-83.61364,9.610325],[-83.613615,9.610409],[-83.613556,9.610647],[-83.613531,9.610692],[-83.613481,9.610762],[-83.613435,9.610816],[-83.613402,9.610816],[-83.613349,9.610737],[-83.613339,9.610701],[-83.613345,9.610557],[-83.613363,9.61036],[-83.613363,9.610274],[-83.613309,9.61014],[-83.61329,9.61008],[-83.613259,9.610051],[-83.613226,9.610006],[-83.613211,9.610002],[-83.613192,9.610001],[-83.613146,9.610084],[-83.613125,9.610239],[-83.61308,9.610418],[-83.61306,9.610446],[-83.613018,9.610484],[-83.61298,9.610503],[-83.61293,9.610511],[-83.612888,9.610489],[-83.612747,9.610325],[-83.612671,9.610275],[-83.612654,9.610286],[-83.612634,9.610319],[-83.612616,9.610378],[-83.612589,9.610425],[-83.612556,9.610454],[-83.612511,9.610482],[-83.612473,9.610516],[-83.612456,9.610551],[-83.612452,9.61057],[-83.612479,9.610611],[-83.612532,9.61064],[-83.612632,9.610703],[-83.61267,9.610754],[-83.61269,9.610806],[-83.612695,9.610863],[-83.612687,9.61088],[-83.612662,9.610889],[-83.612526,9.610909],[-83.61246,9.610943],[-83.612421,9.61098],[-83.612377,9.611065],[-83.612371,9.611102],[-83.612378,9.61118],[-83.612424,9.611343],[-83.612431,9.611408],[-83.61242,9.611459],[-83.612388,9.611504],[-83.612358,9.611541],[-83.612338,9.611551],[-83.612302,9.611545],[-83.612247,9.611519],[-83.61217,9.611477],[-83.612064,9.611411],[-83.611911,9.611308],[-83.611862,9.611283],[-83.6118,9.611281],[-83.611723,9.611288],[-83.611656,9.611277],[-83.611618,9.611248],[-83.611583,9.611208],[-83.611534,9.611139],[-83.611489,9.611084],[-83.611411,9.611039],[-83.61137,9.611042],[-83.611362,9.611056],[-83.611357,9.611117],[-83.611367,9.611191],[-83.611405,9.611346],[-83.611441,9.611455],[-83.611488,9.611579],[-83.611518,9.611689],[-83.611519,9.611757],[-83.611505,9.611809],[-83.611483,9.611857],[-83.61143,9.612071],[-83.611429,9.612179],[-83.611438,9.612265],[-83.611461,9.612353],[-83.611577,9.612681],[-83.611617,9.612813],[-83.611626,9.612881],[-83.611614,9.612909],[-83.611585,9.612938],[-83.611474,9.612993],[-83.611416,9.613031],[-83.611289,9.613134],[-83.611251,9.613193],[-83.611172,9.613517],[-83.611154,9.61361],[-83.611138,9.613678],[-83.611112,9.61373],[-83.611053,9.613823],[-83.611032,9.61385],[-83.611013,9.613861],[-83.610992,9.613856],[-83.610958,9.613834],[-83.610843,9.613718],[-83.610726,9.613584],[-83.61066,9.613516],[-83.610614,9.613424],[-83.610591,9.613356],[-83.610508,9.613185],[-83.61046,9.613139],[-83.610403,9.613101],[-83.610324,9.613063],[-83.610298,9.613055],[-83.610264,9.613057],[-83.610238,9.613073],[-83.610206,9.613117],[-83.610177,9.613194],[-83.610175,9.613274],[-83.610168,9.613346],[-83.610146,9.613389],[-83.610128,9.613406],[-83.609971,9.613513],[-83.609926,9.613532],[-83.609901,9.613562],[-83.609871,9.613615],[-83.609859,9.613669],[-83.609864,9.613719],[-83.609884,9.613767],[-83.609911,9.613843],[-83.609905,9.613914],[-83.609881,9.613976],[-83.60985,9.614032],[-83.609807,9.614061],[-83.609726,9.614084],[-83.60966,9.614113],[-83.60961,9.614154],[-83.609559,9.614226],[-83.609542,9.614283],[-83.609508,9.614339],[-83.609451,9.614375],[-83.609404,9.614388],[-83.609339,9.614399],[-83.609285,9.614399],[-83.609253,9.614378],[-83.609241,9.614354],[-83.609189,9.614193],[-83.609175,9.614117],[-83.60915,9.614068],[-83.609073,9.61395],[-83.609022,9.613803],[-83.608974,9.613614],[-83.608951,9.613541],[-83.608949,9.613508],[-83.608962,9.613471],[-83.609027,9.613384],[-83.609071,9.613251],[-83.609087,9.613138],[-83.609077,9.613054],[-83.609073,9.612977],[-83.609094,9.612925],[-83.609195,9.612785],[-83.609238,9.612718],[-83.609268,9.612646],[-83.609272,9.612575],[-83.609263,9.612518],[-83.609244,9.61248],[-83.609142,9.61236],[-83.609061,9.612276],[-83.609029,9.612252],[-83.609003,9.612212],[-83.608993,9.612168],[-83.608996,9.612102],[-83.609012,9.612055],[-83.609084,9.611947],[-83.609156,9.611863],[-83.609224,9.611752],[-83.609341,9.611476],[-83.60939,9.61139],[-83.609553,9.611201],[-83.609612,9.611143],[-83.609676,9.611103],[-83.6098,9.611047],[-83.609802,9.611014],[-83.609789,9.610972],[-83.609754,9.610944],[-83.609703,9.610917],[-83.609599,9.610854],[-83.609544,9.610815],[-83.609522,9.610784],[-83.609513,9.610735],[-83.609516,9.61067],[-83.60954,9.610633],[-83.609599,9.61057],[-83.609746,9.610401],[-83.609759,9.610348],[-83.609765,9.610257],[-83.609757,9.61015],[-83.609739,9.610035],[-83.609697,9.609905],[-83.609667,9.609782],[-83.60967,9.609687],[-83.60969,9.609595],[-83.609709,9.609489],[-83.609725,9.609421],[-83.609713,9.609393],[-83.609697,9.609384],[-83.609655,9.609407],[-83.609564,9.609537],[-83.609513,9.609623],[-83.609457,9.609826],[-83.609421,9.609942],[-83.609381,9.610003],[-83.609324,9.610046],[-83.609247,9.610078],[-83.609186,9.610086],[-83.609126,9.610053],[-83.609092,9.610018],[-83.609053,9.609955],[-83.608988,9.609876],[-83.608916,9.609802],[-83.608757,9.609727],[-83.608688,9.609701],[-83.608601,9.609674],[-83.608529,9.609655],[-83.608381,9.6096],[-83.608302,9.609582],[-83.608209,9.60954],[-83.608125,9.609483],[-83.607988,9.609398],[-83.607899,9.609348],[-83.607763,9.609245],[-83.60774,9.609234],[-83.607713,9.609265],[-83.607698,9.609327],[-83.607679,9.609561],[-83.607649,9.609636],[-83.607511,9.609847],[-83.607477,9.609936],[-83.607462,9.610023],[-83.607395,9.610211],[-83.607372,9.610307],[-83.607355,9.610405],[-83.607373,9.610661],[-83.607384,9.610728],[-83.607368,9.610807],[-83.607338,9.610851],[-83.607298,9.610873],[-83.607217,9.610886],[-83.607022,9.610886],[-83.606865,9.610874],[-83.606799,9.61085],[-83.606722,9.6108],[-83.606518,9.610713],[-83.606457,9.61069],[-83.60642,9.610686],[-83.606373,9.610702],[-83.606339,9.610737],[-83.606319,9.610793],[-83.606303,9.610845],[-83.606275,9.610892],[-83.606233,9.610928],[-83.606164,9.610955],[-83.606075,9.610969],[-83.605882,9.610976],[-83.605832,9.61101],[-83.605818,9.611039],[-83.605821,9.611079],[-83.605916,9.611338],[-83.605991,9.611494],[-83.606024,9.611555],[-83.606094,9.611783],[-83.606116,9.611911],[-83.606119,9.612003],[-83.606109,9.612035],[-83.606089,9.612068],[-83.606072,9.612108],[-83.606066,9.61214],[-83.606065,9.612184],[-83.606082,9.612256],[-83.606087,9.612295],[-83.606083,9.612327],[-83.606072,9.612356],[-83.606047,9.612393],[-83.606019,9.612422],[-83.605986,9.612441],[-83.605954,9.612448],[-83.605891,9.612443],[-83.605759,9.612451],[-83.605658,9.612452],[-83.605616,9.612446],[-83.605545,9.612429],[-83.605516,9.612438],[-83.605498,9.612462],[-83.605479,9.612503],[-83.605455,9.612535],[-83.605353,9.612626],[-83.605328,9.612662],[-83.60531,9.612699],[-83.605324,9.612805],[-83.60532,9.612848],[-83.605312,9.612866],[-83.605281,9.612921],[-83.605272,9.612931],[-83.605252,9.612932],[-83.605186,9.612885],[-83.605153,9.612855],[-83.605127,9.612816],[-83.60511,9.612782],[-83.605084,9.612758],[-83.605048,9.612744],[-83.604933,9.612715],[-83.604905,9.612699],[-83.604884,9.612683],[-83.604824,9.612598],[-83.604784,9.612562],[-83.604713,9.612507],[-83.6047,9.612489],[-83.604593,9.61241],[-83.604561,9.612373],[-83.604493,9.612243],[-83.604482,9.612214],[-83.604474,9.612173],[-83.604465,9.61207],[-83.60445,9.612026],[-83.604428,9.611987],[-83.604355,9.611901],[-83.604182,9.611612],[-83.604162,9.611526],[-83.604165,9.611435],[-83.604172,9.611378],[-83.604164,9.611319],[-83.604104,9.611212],[-83.604073,9.611141],[-83.604057,9.611063],[-83.60403,9.610978],[-83.603979,9.610904],[-83.603823,9.610751],[-83.603745,9.610695],[-83.603707,9.610676],[-83.603621,9.610653],[-83.603604,9.610655],[-83.60355,9.610674],[-83.603497,9.610706],[-83.603421,9.610738],[-83.603323,9.610804],[-83.603274,9.610825],[-83.603246,9.610824],[-83.603171,9.610795],[-83.603096,9.610749],[-83.602965,9.610621],[-83.602799,9.610491],[-83.602707,9.610461],[-83.602686,9.610467],[-83.602644,9.610521],[-83.60255,9.610696],[-83.602409,9.610828],[-83.602292,9.610929],[-83.602247,9.610946],[-83.602185,9.610954],[-83.602099,9.610946],[-83.602024,9.61092],[-83.601958,9.61085],[-83.601934,9.610795],[-83.601939,9.610682],[-83.601927,9.610566],[-83.601922,9.610402],[-83.601892,9.610318],[-83.601826,9.610178],[-83.601797,9.610123],[-83.601699,9.609988],[-83.60164,9.609841],[-83.601622,9.609754],[-83.601615,9.609622],[-83.60158,9.609557],[-83.601548,9.609523],[-83.601511,9.609501],[-83.601371,9.609442],[-83.601329,9.609449],[-83.60127,9.609484],[-83.601218,9.60954],[-83.601135,9.609611],[-83.601054,9.60965],[-83.600978,9.609657],[-83.600906,9.609647],[-83.600867,9.609619],[-83.600847,9.60959],[-83.60085,9.60953],[-83.600871,9.609478],[-83.600928,9.609418],[-83.600993,9.609362],[-83.601055,9.609281],[-83.601081,9.609227],[-83.601133,9.609066],[-83.601116,9.609033],[-83.601061,9.609],[-83.600977,9.608997],[-83.60084,9.609003],[-83.600766,9.609001],[-83.6007,9.608984],[-83.60066,9.608963],[-83.600645,9.608943],[-83.600628,9.608902],[-83.600643,9.608849],[-83.600705,9.608731],[-83.600748,9.608669],[-83.600789,9.608597],[-83.600822,9.608527],[-83.600824,9.608495],[-83.600803,9.608472],[-83.600779,9.608459],[-83.600564,9.608412],[-83.600482,9.608385],[-83.600427,9.608387],[-83.600373,9.608378],[-83.600334,9.608341],[-83.600341,9.608296],[-83.600363,9.608255],[-83.600456,9.608115],[-83.600484,9.608059],[-83.600475,9.608042],[-83.600437,9.608003],[-83.600398,9.607999],[-83.600254,9.608046],[-83.600128,9.608075],[-83.599961,9.608097],[-83.599902,9.608087],[-83.599829,9.608057],[-83.599739,9.607996],[-83.599663,9.607927],[-83.5996,9.607878],[-83.599526,9.607834],[-83.599448,9.607801],[-83.599265,9.60771],[-83.599191,9.607652],[-83.599096,9.607472],[-83.598963,9.607324],[-83.598839,9.607235],[-83.598791,9.607182],[-83.598767,9.607129],[-83.598774,9.607063],[-83.5988,9.606972],[-83.598817,9.606883],[-83.598836,9.606702],[-83.598836,9.606616],[-83.598846,9.606511],[-83.598878,9.606417],[-83.598951,9.606308],[-83.599047,9.606195],[-83.599086,9.606157],[-83.59905,9.606076],[-83.598903,9.605959],[-83.598828,9.605872],[-83.598787,9.605793],[-83.598771,9.605721],[-83.598812,9.605561],[-83.598844,9.605494],[-83.598892,9.605418],[-83.598959,9.605359],[-83.599007,9.60534],[-83.59905,9.605354],[-83.599082,9.605393],[-83.599141,9.605488],[-83.599241,9.605677],[-83.599279,9.605787],[-83.599298,9.605972],[-83.599307,9.606036],[-83.599322,9.606074],[-83.599357,9.6061],[-83.599441,9.606135],[-83.599503,9.606149],[-83.599554,9.606164],[-83.599601,9.606189],[-83.599823,9.606347],[-83.599854,9.606376],[-83.599882,9.606397],[-83.599937,9.606414],[-83.6,9.606427],[-83.600205,9.606479],[-83.600299,9.606492],[-83.600396,9.606524],[-83.600491,9.606592],[-83.600538,9.606672],[-83.600565,9.606762],[-83.600579,9.606862],[-83.600564,9.60704],[-83.600577,9.607109],[-83.600618,9.607194],[-83.60069,9.607259],[-83.600793,9.607327],[-83.600906,9.607377],[-83.600996,9.607407],[-83.601102,9.60743],[-83.601188,9.607443],[-83.60179,9.607302],[-83.601817,9.607292],[-83.601877,9.60729],[-83.601909,9.607312],[-83.601926,9.607341],[-83.602051,9.607659],[-83.602073,9.607703],[-83.602132,9.607719],[-83.602215,9.607711],[-83.602324,9.607675],[-83.602549,9.607586],[-83.602648,9.607522],[-83.602721,9.607501],[-83.602761,9.607506],[-83.602808,9.60753],[-83.602866,9.60758],[-83.602912,9.607636],[-83.603037,9.607973],[-83.60312,9.608061],[-83.603177,9.608086],[-83.603239,9.608087],[-83.603292,9.608071],[-83.603367,9.608041],[-83.60353,9.608006],[-83.603678,9.607909],[-83.603731,9.607863],[-83.603814,9.607751],[-83.60388,9.60769],[-83.60394,9.607653],[-83.604022,9.607626],[-83.604168,9.607628],[-83.604221,9.607599],[-83.604265,9.607545],[-83.604365,9.607314],[-83.604418,9.607214],[-83.604472,9.607139],[-83.604536,9.60707],[-83.604605,9.607009],[-83.604694,9.606945],[-83.604766,9.606883],[-83.604838,9.606797],[-83.604893,9.606725],[-83.604943,9.606674],[-83.605065,9.606584],[-83.605138,9.606547],[-83.6052,9.606539],[-83.605255,9.606555],[-83.60531,9.606588],[-83.605375,9.606641],[-83.605557,9.606742],[-83.605629,9.606767],[-83.605701,9.606781],[-83.605779,9.606781],[-83.605882,9.606792],[-83.606041,9.606848],[-83.606117,9.606866],[-83.606224,9.606861],[-83.606298,9.606835],[-83.606385,9.606793],[-83.606451,9.606781],[-83.6065,9.606785],[-83.60655,9.606811],[-83.606628,9.606872],[-83.606655,9.606902],[-83.606825,9.607027],[-83.606882,9.607061],[-83.606963,9.607092],[-83.607046,9.607102],[-83.60715,9.607097],[-83.607197,9.607091],[-83.607275,9.607063],[-83.607368,9.606999],[-83.607442,9.606964],[-83.607498,9.606958],[-83.607759,9.606962],[-83.607846,9.606977],[-83.607913,9.606971],[-83.607964,9.606951],[-83.607982,9.606927],[-83.608005,9.606871],[-83.608021,9.60679],[-83.608033,9.60663],[-83.608056,9.606577],[-83.608081,9.606504],[-83.608138,9.606333],[-83.60815,9.60628],[-83.608164,9.606235],[-83.608188,9.606201],[-83.608214,9.606172],[-83.608244,9.606151],[-83.608282,9.606117],[-83.608406,9.605958],[-83.608437,9.605914],[-83.60847,9.60589],[-83.608496,9.605886],[-83.608512,9.605893],[-83.608532,9.605915],[-83.608613,9.606067],[-83.60863,9.606122],[-83.608703,9.606262],[-83.60875,9.606324],[-83.608802,9.606377],[-83.608843,9.606403],[-83.608912,9.606433],[-83.608959,9.606435],[-83.60906,9.60637],[-83.60908,9.606348],[-83.60911,9.606293],[-83.609109,9.60616],[-83.609101,9.605974],[-83.609106,9.605923],[-83.609115,9.60588],[-83.60914,9.605838],[-83.609182,9.605798],[-83.609232,9.605775],[-83.609274,9.605749],[-83.609304,9.60572],[-83.609339,9.605656],[-83.609357,9.605605],[-83.609329,9.605445],[-83.60933,9.605382],[-83.609345,9.605321],[-83.609365,9.605264],[-83.609386,9.605229],[-83.609414,9.605205],[-83.609436,9.605199],[-83.609449,9.6052],[-83.609466,9.605205],[-83.609491,9.60522],[-83.609524,9.605245],[-83.609649,9.605363],[-83.609692,9.605418],[-83.609724,9.605468],[-83.609761,9.605553],[-83.609786,9.605621],[-83.609814,9.605812],[-83.609819,9.605876],[-83.609831,9.605931],[-83.609851,9.605974],[-83.609878,9.606008],[-83.609912,9.606035],[-83.609993,9.60609],[-83.610077,9.606124],[-83.610126,9.606151],[-83.610192,9.606222],[-83.610184,9.606288],[-83.610149,9.606371],[-83.610127,9.60645],[-83.610102,9.606643],[-83.610104,9.606729],[-83.610111,9.606802],[-83.610142,9.606879],[-83.610214,9.607005],[-83.610242,9.607084],[-83.61025,9.607174],[-83.610278,9.607389],[-83.610294,9.607485],[-83.610313,9.607533],[-83.610325,9.607556],[-83.610485,9.607623],[-83.610561,9.607643],[-83.610637,9.607685],[-83.610681,9.607735],[-83.610728,9.607816],[-83.610819,9.608032],[-83.610895,9.608144],[-83.610948,9.608239],[-83.611001,9.60843],[-83.611013,9.608502],[-83.611026,9.608537],[-83.611049,9.608558],[-83.611081,9.60856],[-83.611112,9.608541],[-83.611416,9.608391],[-83.611505,9.608367],[-83.611586,9.608364],[-83.611658,9.608372],[-83.611738,9.608392],[-83.611826,9.608441],[-83.611913,9.608498],[-83.611981,9.608538],[-83.612051,9.608568],[-83.612237,9.608605],[-83.612369,9.60869],[-83.612455,9.608716],[-83.612517,9.608717],[-83.612699,9.608689],[-83.612741,9.608688],[-83.61278,9.608703],[-83.612822,9.60874],[-83.61285,9.608788],[-83.612874,9.608837],[-83.612901,9.608866],[-83.612955,9.608895],[-83.613001,9.608911],[-83.613094,9.608916],[-83.61313,9.608909],[-83.613205,9.608877],[-83.613232,9.608856],[-83.613249,9.608831],[-83.613289,9.60871],[-83.61331,9.608654],[-83.613431,9.608548],[-83.613467,9.608495],[-83.61352,9.608439],[-83.613567,9.608407],[-83.61359,9.608384],[-83.613619,9.608337],[-83.613636,9.608275],[-83.613651,9.608199],[-83.613692,9.608072],[-83.613844,9.607758],[-83.613877,9.607698],[-83.613913,9.607649],[-83.613961,9.607629],[-83.613993,9.607626],[-83.614027,9.607637],[-83.614059,9.607662],[-83.614076,9.607712],[-83.614108,9.607775],[-83.614152,9.607815],[-83.614188,9.607838],[-83.614245,9.607842],[-83.61431,9.607835],[-83.614368,9.607791],[-83.614439,9.607711],[-83.614531,9.607599],[-83.614554,9.607552],[-83.614576,9.607486],[-83.614587,9.607406],[-83.614615,9.607362],[-83.614651,9.607342],[-83.614764,9.607313],[-83.614819,9.607305],[-83.614876,9.607301],[-83.615011,9.60733],[-83.615172,9.607348],[-83.615224,9.607362],[-83.615311,9.607409],[-83.615448,9.607474],[-83.615548,9.607493],[-83.615705,9.607497],[-83.615757,9.607486],[-83.615799,9.607465],[-83.61583,9.607455],[-83.61586,9.60746],[-83.61601,9.607519],[-83.616059,9.607528],[-83.61612,9.607523],[-83.616183,9.607498],[-83.616286,9.607435],[-83.616315,9.607429],[-83.616357,9.60744],[-83.616382,9.607455],[-83.616423,9.607503],[-83.616442,9.607563],[-83.616464,9.607615],[-83.616512,9.607668],[-83.616582,9.607719],[-83.616655,9.607747],[-83.616739,9.607771],[-83.616973,9.607844],[-83.617106,9.607932],[-83.617158,9.607985],[-83.617207,9.608054],[-83.617268,9.608175],[-83.617372,9.608335],[-83.617455,9.608394],[-83.617496,9.608413],[-83.617528,9.608417],[-83.617637,9.608405],[-83.617707,9.608386],[-83.617891,9.608303],[-83.618077,9.608262],[-83.618155,9.608269],[-83.618203,9.608277],[-83.618248,9.608299],[-83.618294,9.608328],[-83.618327,9.60836],[-83.618359,9.608411],[-83.618385,9.608444],[-83.618413,9.608461],[-83.618423,9.608455],[-83.618438,9.608365],[-83.618448,9.608337],[-83.618463,9.60832],[-83.618494,9.608309],[-83.618636,9.608285],[-83.61869,9.608284],[-83.618733,9.608291],[-83.618769,9.608305],[-83.618853,9.608365],[-83.618898,9.608401],[-83.618928,9.608437],[-83.618951,9.608473],[-83.619023,9.608521],[-83.619078,9.608546],[-83.619103,9.608548],[-83.619147,9.608538],[-83.619207,9.608485],[-83.61922,9.608464],[-83.619242,9.608449],[-83.619279,9.608463],[-83.619367,9.608525],[-83.619425,9.608562],[-83.619474,9.608579],[-83.619495,9.608578],[-83.619556,9.608546],[-83.619591,9.6085],[-83.619609,9.608452],[-83.619629,9.608333],[-83.619653,9.608246],[-83.619699,9.608169],[-83.619721,9.608156],[-83.619752,9.608144],[-83.619789,9.608137],[-83.619876,9.608136],[-83.619913,9.608156],[-83.619936,9.608187],[-83.619935,9.608228],[-83.61992,9.608256],[-83.619888,9.60829],[-83.619869,9.608369],[-83.619891,9.608515],[-83.619899,9.608533],[-83.619982,9.608614],[-83.620122,9.608673],[-83.620176,9.608711],[-83.62021,9.608755],[-83.620222,9.6088],[-83.620225,9.608863],[-83.620235,9.608915],[-83.620258,9.608956],[-83.620289,9.608979],[-83.620318,9.608993],[-83.620398,9.609013],[-83.620519,9.609002],[-83.620637,9.608962],[-83.620834,9.608912],[-83.620908,9.608874],[-83.620992,9.608845],[-83.621083,9.608828],[-83.621161,9.608828],[-83.621215,9.608845],[-83.621256,9.60887],[-83.621367,9.60902],[-83.62143,9.609204],[-83.621471,9.609238],[-83.621527,9.609235],[-83.621576,9.609208],[-83.621737,9.609133],[-83.621774,9.609087],[-83.621836,9.608967],[-83.621875,9.608927],[-83.62192,9.608917],[-83.621971,9.608929],[-83.622038,9.608961],[-83.622214,9.609076],[-83.622261,9.609092],[-83.622319,9.609089],[-83.622466,9.609043],[-83.622523,9.609022],[-83.622546,9.608996],[-83.622561,9.608947],[-83.622554,9.608854],[-83.622556,9.608761],[-83.622542,9.608669],[-83.622502,9.608507],[-83.62246,9.608378],[-83.622461,9.608345],[-83.622474,9.608313],[-83.622497,9.608291],[-83.622541,9.608271],[-83.622761,9.608228],[-83.622814,9.6082],[-83.622856,9.608162],[-83.62289,9.608106],[-83.622889,9.608076],[-83.62286,9.608055],[-83.62267,9.607975],[-83.622658,9.607957],[-83.622652,9.60793],[-83.622656,9.607865],[-83.622648,9.607791],[-83.622647,9.607747],[-83.622637,9.607717],[-83.622617,9.6077],[-83.622601,9.6077],[-83.62253,9.60772],[-83.622496,9.607723],[-83.622474,9.607714],[-83.62245,9.607692],[-83.622441,9.607663],[-83.622438,9.607637],[-83.622428,9.607608],[-83.622408,9.607587],[-83.622327,9.607556],[-83.622247,9.607543],[-83.62218,9.607548],[-83.622102,9.607585],[-83.622051,9.607587],[-83.622001,9.607564],[-83.621965,9.607513],[-83.621958,9.607448],[-83.621966,9.607385],[-83.62199,9.607316],[-83.622022,9.60727],[-83.622054,9.607236],[-83.622152,9.607138],[-83.622202,9.6071],[-83.62225,9.607054],[-83.622278,9.607003],[-83.622282,9.606966],[-83.622364,9.606875],[-83.622393,9.606853],[-83.622488,9.606808],[-83.622554,9.60679],[-83.622665,9.606767],[-83.62278,9.606726],[-83.622905,9.606665],[-83.623076,9.606616],[-83.62327,9.606568],[-83.623323,9.606529],[-83.623327,9.606473],[-83.623284,9.606336],[-83.623237,9.606202],[-83.623246,9.606102],[-83.623295,9.606026],[-83.623385,9.605952],[-83.623706,9.605825],[-83.623858,9.605731],[-83.624024,9.605648],[-83.624139,9.60562],[-83.624284,9.605654],[-83.624357,9.60565],[-83.624362,9.605611],[-83.624273,9.605407],[-83.624232,9.605301],[-83.624214,9.605155],[-83.624235,9.605059],[-83.624251,9.604956],[-83.62422,9.604861],[-83.624169,9.604744],[-83.623921,9.60413],[-83.623835,9.603951],[-83.623745,9.603816],[-83.623599,9.603673],[-83.623316,9.603461],[-83.623187,9.603359],[-83.623085,9.603253],[-83.623025,9.603119],[-83.623,9.603033],[-83.622982,9.60276],[-83.622948,9.602573],[-83.622951,9.602264],[-83.622929,9.602137],[-83.622874,9.602026],[-83.622763,9.601958],[-83.622651,9.601934],[-83.622563,9.601941],[-83.622468,9.601973],[-83.62238,9.602028],[-83.622304,9.60208],[-83.622253,9.602096],[-83.622165,9.602094],[-83.622062,9.602055],[-83.621942,9.601981],[-83.621823,9.601892],[-83.621571,9.601692],[-83.62141,9.601614],[-83.621269,9.601579],[-83.621159,9.601602],[-83.621037,9.601672],[-83.62094,9.601718],[-83.620875,9.601734],[-83.620804,9.601687],[-83.620791,9.601622],[-83.620821,9.601541],[-83.620887,9.601438],[-83.620992,9.601311],[-83.621028,9.60125],[-83.621049,9.601166],[-83.621042,9.601046],[-83.621071,9.600947],[-83.621103,9.600882],[-83.621149,9.600845],[-83.621235,9.60082],[-83.621343,9.600803],[-83.621441,9.600773],[-83.621522,9.600732],[-83.621614,9.600692],[-83.621746,9.60067],[-83.621829,9.600672],[-83.621892,9.600619],[-83.621944,9.600522],[-83.621978,9.600412],[-83.621986,9.6003],[-83.621983,9.600168],[-83.621993,9.600012],[-83.622021,9.599935],[-83.622069,9.599841],[-83.622175,9.599705],[-83.622227,9.599659],[-83.622378,9.599586],[-83.622484,9.599543],[-83.622577,9.599432],[-83.622675,9.599301],[-83.622755,9.599217],[-83.622866,9.599159],[-83.62306,9.599138],[-83.623221,9.599127],[-83.623411,9.599128],[-83.623481,9.59909],[-83.623524,9.599009],[-83.62353,9.598941],[-83.623527,9.598845],[-83.623554,9.59875],[-83.62362,9.598656],[-83.623646,9.598564],[-83.623624,9.598497],[-83.623565,9.598445],[-83.623446,9.598388],[-83.623277,9.598265],[-83.623119,9.598177],[-83.622886,9.597954],[-83.622785,9.597875],[-83.622629,9.597824],[-83.622535,9.597827],[-83.62239,9.597848],[-83.622059,9.597818],[-83.621865,9.597775],[-83.621582,9.597674],[-83.62144,9.59759],[-83.621287,9.597518],[-83.62108,9.597392],[-83.620942,9.597321],[-83.620843,9.597321],[-83.620636,9.597388],[-83.620496,9.597476],[-83.620363,9.597566],[-83.620259,9.597672],[-83.620141,9.59776],[-83.620095,9.597769],[-83.619955,9.597757],[-83.619784,9.597682],[-83.619623,9.597515],[-83.619417,9.59724],[-83.619264,9.59709],[-83.61907,9.596986],[-83.618761,9.596865],[-83.61854,9.596746],[-83.618293,9.596593],[-83.618054,9.59638],[-83.617933,9.596267],[-83.617884,9.596171],[-83.617898,9.596105],[-83.617946,9.596055],[-83.618023,9.596024],[-83.618176,9.596011],[-83.618343,9.595985],[-83.61852,9.595947],[-83.618748,9.59588],[-83.618897,9.595812],[-83.619101,9.595729],[-83.619237,9.595657],[-83.619369,9.59557],[-83.619643,9.595273],[-83.619913,9.594906],[-83.619991,9.594816],[-83.620072,9.594681],[-83.620115,9.594558],[-83.620195,9.594399],[-83.62044,9.594029],[-83.620549,9.593932],[-83.620786,9.593741],[-83.620873,9.593634],[-83.620954,9.593527],[-83.621048,9.593422],[-83.621166,9.593298],[-83.621192,9.593197],[-83.621173,9.593155],[-83.621001,9.593033],[-83.620862,9.592974],[-83.620701,9.592941],[-83.620099,9.592564],[-83.619948,9.592414],[-83.619836,9.59228],[-83.619795,9.59219],[-83.619812,9.592104],[-83.619869,9.592071],[-83.61997,9.592046],[-83.62017,9.591967],[-83.620333,9.591879],[-83.620946,9.591595],[-83.621031,9.591497],[-83.621104,9.591403],[-83.621157,9.591327],[-83.62127,9.591218],[-83.621345,9.591154],[-83.621436,9.5911],[-83.621568,9.591035],[-83.621663,9.591005],[-83.621694,9.590952],[-83.621715,9.590864],[-83.621741,9.590797],[-83.621759,9.590727],[-83.62174,9.590657],[-83.621616,9.590446],[-83.62159,9.590312],[-83.621616,9.590118],[-83.621702,9.589845],[-83.621787,9.589705],[-83.621866,9.589598],[-83.621955,9.589498],[-83.622034,9.589415],[-83.622113,9.589352],[-83.622207,9.5893],[-83.622326,9.589282],[-83.622404,9.589255],[-83.622481,9.589207],[-83.622541,9.589159],[-83.622584,9.589098],[-83.622623,9.58899],[-83.622644,9.588885],[-83.622689,9.588714],[-83.622722,9.588514],[-83.622757,9.588404],[-83.62278,9.588341],[-83.622836,9.588236],[-83.622876,9.588153],[-83.622886,9.588119],[-83.622895,9.587831],[-83.622919,9.587665],[-83.622946,9.587534],[-83.622951,9.587467],[-83.622961,9.587412],[-83.623,9.587254],[-83.623069,9.586948],[-83.623178,9.586646],[-83.623219,9.586463],[-83.623231,9.586355],[-83.623219,9.586268],[-83.623192,9.586193],[-83.623188,9.586132],[-83.623198,9.586074],[-83.623193,9.58605],[-83.623135,9.586054],[-83.623067,9.586082],[-83.622971,9.586133],[-83.622865,9.586208],[-83.622763,9.586274],[-83.622641,9.58633],[-83.622511,9.586376],[-83.62239,9.586389],[-83.622297,9.586363],[-83.622226,9.586304],[-83.622195,9.586231],[-83.622205,9.586104],[-83.622249,9.58582],[-83.622313,9.58546],[-83.622417,9.585222],[-83.622488,9.585108],[-83.62262,9.584946],[-83.622628,9.584936],[-83.638825,9.571078]]]]}},{"type":"Feature","properties":{"origen":"PRCR05","nom_objeto":"CURVA_NIV INDICE","elevacion":3000,"codigo":"120101"},"geometry":{"type":"MultiPolygon","coordinates":[[[[-83.614831,9.633581],[-83.614815,9.633626],[-83.614792,9.633678],[-83.614756,9.633734],[-83.61463,9.633892],[-83.61454,9.633971],[-83.614476,9.634015],[-83.614449,9.634026],[-83.614387,9.634032],[-83.61427,9.634058],[-83.614196,9.634079],[-83.614163,9.634073],[-83.614146,9.634056],[-83.61412,9.634011],[-83.614117,9.633986],[-83.614099,9.63391],[-83.614063,9.63383],[-83.614033,9.633753],[-83.614018,9.633684],[-83.614011,9.633618],[-83.614039,9.633418],[-83.614045,9.633334],[-83.614047,9.633264],[-83.614031,9.633128],[-83.614027,9.633067],[-83.613996,9.63292],[-83.613989,9.632859],[-83.614008,9.632708],[-83.614009,9.632663],[-83.614021,9.632582],[-83.61402,9.632542],[-83.614012,9.632495],[-83.613981,9.632428],[-83.613954,9.632384],[-83.613937,9.632345],[-83.613927,9.632307],[-83.613926,9.632273],[-83.613945,9.632222],[-83.613969,9.632189],[-83.613988,9.632173],[-83.614015,9.632162],[-83.614046,9.632158],[-83.614087,9.632158],[-83.614124,9.632174],[-83.614158,9.632206],[-83.614185,9.632249],[-83.614192,9.632291],[-83.614192,9.632422],[-83.6142,9.632466],[-83.614213,9.632506],[-83.614232,9.63254],[-83.614283,9.632614],[-83.614285,9.632673],[-83.614293,9.632709],[-83.614315,9.632756],[-83.614346,9.632795],[-83.614416,9.63284],[-83.614527,9.632871],[-83.614567,9.632889],[-83.614651,9.63295],[-83.614688,9.632993],[-83.614712,9.633035],[-83.614726,9.633072],[-83.614754,9.633334],[-83.614789,9.633449],[-83.61481,9.633491],[-83.614827,9.633542],[-83.614831,9.633581]]]]}},{"type":"Feature","properties":{"origen":"PRCR05","nom_objeto":"CURVA_NIV INDICE","elevacion":3000,"codigo":"120101"},"geometry":{"type":"MultiPolygon","coordinates":[[[[-83.601424,9.613995],[-83.601418,9.614038],[-83.601403,9.614077],[-83.601333,9.614182],[-83.601299,9.614244],[-83.601245,9.614381],[-83.601154,9.614589],[-83.601139,9.614663],[-83.601128,9.614789],[-83.601112,9.614862],[-83.601076,9.614942],[-83.60104,9.615003],[-83.600961,9.615112],[-83.600924,9.615147],[-83.600894,9.615165],[-83.600837,9.615186],[-83.600814,9.615201],[-83.600795,9.615225],[-83.600784,9.61526],[-83.600766,9.615382],[-83.600771,9.615415],[-83.600788,9.615457],[-83.600814,9.615484],[-83.600841,9.615494],[-83.600862,9.615496],[-83.600889,9.615508],[-83.600911,9.61553],[-83.600946,9.615602],[-83.600959,9.615648],[-83.600993,9.615926],[-83.601018,9.616015],[-83.601021,9.616064],[-83.601012,9.616104],[-83.600999,9.616125],[-83.600959,9.616179],[-83.600931,9.61621],[-83.600911,9.616242],[-83.600898,9.616272],[-83.600876,9.616334],[-83.600864,9.616463],[-83.600858,9.616496],[-83.600839,9.616532],[-83.600814,9.616565],[-83.600778,9.616593],[-83.600747,9.616614],[-83.600687,9.616667],[-83.600646,9.616687],[-83.600608,9.616688],[-83.600571,9.616675],[-83.600561,9.616667],[-83.600486,9.616605],[-83.600457,9.616559],[-83.600437,9.61651],[-83.60043,9.616451],[-83.600435,9.6164],[-83.600435,9.61632],[-83.600428,9.616303],[-83.600415,9.616287],[-83.600398,9.616278],[-83.600382,9.61628],[-83.60036,9.616297],[-83.600336,9.616326],[-83.600303,9.616353],[-83.600123,9.616481],[-83.6001,9.616491],[-83.600073,9.616493],[-83.600046,9.616479],[-83.6,9.616433],[-83.599945,9.616385],[-83.599884,9.616321],[-83.59985,9.6163],[-83.5998,9.616294],[-83.599614,9.616322],[-83.599568,9.616319],[-83.599525,9.616313],[-83.599478,9.616311],[-83.599399,9.616325],[-83.599333,9.616317],[-83.599285,9.6163],[-83.599182,9.616255],[-83.599132,9.616215],[-83.59909,9.616161],[-83.599046,9.616129],[-83.598993,9.616104],[-83.598959,9.616082],[-83.598934,9.616052],[-83.598918,9.616009],[-83.598919,9.615978],[-83.598931,9.615935],[-83.599026,9.61576],[-83.599046,9.615701],[-83.599043,9.615677],[-83.599001,9.615612],[-83.598893,9.615548],[-83.598841,9.615524],[-83.598793,9.61551],[-83.598768,9.615491],[-83.59874,9.615458],[-83.598737,9.61542],[-83.598802,9.615279],[-83.598881,9.615068],[-83.598917,9.614842],[-83.598924,9.614768],[-83.59889,9.614623],[-83.598837,9.614579],[-83.598787,9.614554],[-83.598715,9.614566],[-83.598635,9.614606],[-83.598493,9.614659],[-83.598453,9.614661],[-83.598395,9.614653],[-83.598327,9.614629],[-83.598303,9.614609],[-83.598283,9.614578],[-83.598276,9.61453],[-83.598292,9.614458],[-83.598302,9.614374],[-83.598284,9.614327],[-83.598228,9.614251],[-83.598169,9.614193],[-83.598111,9.61414],[-83.598099,9.614104],[-83.5981,9.614083],[-83.598121,9.614056],[-83.598265,9.613984],[-83.598344,9.613885],[-83.598353,9.613817],[-83.598357,9.613638],[-83.598346,9.61343],[-83.598308,9.613322],[-83.59827,9.613243],[-83.598217,9.61318],[-83.598047,9.613084],[-83.597976,9.613065],[-83.597875,9.613056],[-83.597786,9.613044],[-83.597598,9.612926],[-83.597528,9.612873],[-83.597488,9.612836],[-83.597433,9.612763],[-83.597396,9.612677],[-83.597371,9.612571],[-83.597379,9.612472],[-83.597402,9.612387],[-83.597438,9.612313],[-83.597492,9.612219],[-83.597559,9.61214],[-83.597636,9.612073],[-83.597704,9.612027],[-83.597799,9.611998],[-83.59789,9.611996],[-83.59799,9.612022],[-83.598085,9.612072],[-83.598356,9.61223],[-83.598457,9.612301],[-83.598816,9.612607],[-83.598872,9.612644],[-83.599103,9.612703],[-83.599338,9.612754],[-83.599437,9.61274],[-83.599526,9.61271],[-83.599728,9.61257],[-83.599784,9.612527],[-83.599857,9.612492],[-83.599923,9.612479],[-83.6,9.612474],[-83.600097,9.612501],[-83.6002,9.612552],[-83.600459,9.612709],[-83.600574,9.612767],[-83.600677,9.612808],[-83.600769,9.612849],[-83.600867,9.612914],[-83.600943,9.61298],[-83.600998,9.613057],[-83.601193,9.61329],[-83.601276,9.613383],[-83.601348,9.613513],[-83.601364,9.613575],[-83.601354,9.613688],[-83.601353,9.613761],[-83.601364,9.613819],[-83.601419,9.613959],[-83.601424,9.613995]]]]}},{"type":"Feature","properties":{"origen":"PRCR05","nom_objeto":"CURVA_NIV INDICE","elevacion":3000,"codigo":"120101"},"geometry":{"type":"MultiPolygon","coordinates":[[[[-83.591823,9.617573],[-83.591775,9.617649],[-83.591718,9.617691],[-83.591654,9.617724],[-83.591577,9.617756],[-83.591501,9.617779],[-83.59137,9.617811],[-83.591324,9.617862],[-83.591308,9.617906],[-83.591303,9.617968],[-83.591326,9.618031],[-83.591371,9.618081],[-83.591425,9.618115],[-83.591498,9.618149],[-83.591543,9.618182],[-83.591577,9.618225],[-83.591609,9.618284],[-83.591609,9.618326],[-83.591605,9.618378],[-83.591596,9.618425],[-83.591577,9.618483],[-83.591494,9.618623],[-83.591439,9.618725],[-83.591381,9.618886],[-83.591386,9.618914],[-83.591376,9.618949],[-83.591382,9.618979],[-83.591428,9.619143],[-83.591443,9.619207],[-83.591439,9.619251],[-83.591433,9.619281],[-83.591406,9.619334],[-83.591371,9.619373],[-83.591318,9.619403],[-83.591279,9.619421],[-83.591231,9.619437],[-83.591022,9.619402],[-83.590925,9.619404],[-83.590875,9.619422],[-83.590785,9.619488],[-83.590559,9.61962],[-83.59053,9.619645],[-83.590414,9.619727],[-83.590374,9.619751],[-83.590346,9.619763],[-83.59031,9.619768],[-83.59027,9.619763],[-83.590242,9.619754],[-83.590214,9.619735],[-83.590201,9.619715],[-83.5902,9.619685],[-83.590214,9.61965],[-83.590279,9.619562],[-83.590333,9.61948],[-83.59036,9.619422],[-83.590366,9.619362],[-83.590357,9.619324],[-83.590328,9.619282],[-83.590313,9.619272],[-83.590294,9.619265],[-83.590258,9.619267],[-83.590189,9.619286],[-83.590089,9.619333],[-83.590052,9.619342],[-83.590021,9.619341],[-83.589988,9.619335],[-83.589898,9.619288],[-83.589821,9.619228],[-83.589726,9.619193],[-83.589664,9.619189],[-83.589507,9.619192],[-83.589339,9.619211],[-83.589264,9.619207],[-83.589236,9.619188],[-83.589221,9.619158],[-83.589225,9.619114],[-83.589246,9.619044],[-83.589336,9.618875],[-83.589409,9.61868],[-83.589537,9.618312],[-83.589574,9.618192],[-83.589587,9.618108],[-83.589583,9.618036],[-83.58956,9.617925],[-83.589552,9.617843],[-83.589507,9.617587],[-83.589497,9.617426],[-83.589488,9.617337],[-83.589496,9.617252],[-83.589519,9.617136],[-83.589542,9.617043],[-83.58956,9.616947],[-83.589572,9.616859],[-83.589573,9.616772],[-83.58956,9.616703],[-83.589547,9.616667],[-83.589478,9.616483],[-83.589413,9.616355],[-83.589388,9.616312],[-83.589335,9.616251],[-83.589309,9.616234],[-83.589247,9.616202],[-83.589195,9.616166],[-83.589146,9.616107],[-83.58913,9.616052],[-83.589156,9.616011],[-83.589197,9.615976],[-83.58928,9.615969],[-83.589363,9.615988],[-83.589475,9.616057],[-83.589517,9.616111],[-83.589615,9.616246],[-83.589676,9.616295],[-83.589765,9.616311],[-83.589847,9.616292],[-83.589902,9.616256],[-83.589927,9.616193],[-83.589927,9.616085],[-83.589917,9.615982],[-83.589915,9.615897],[-83.589925,9.615837],[-83.589969,9.615759],[-83.590026,9.615699],[-83.59011,9.615654],[-83.590305,9.615632],[-83.590354,9.615645],[-83.59041,9.615677],[-83.590469,9.615722],[-83.59051,9.615779],[-83.590553,9.615879],[-83.590566,9.615965],[-83.590617,9.616213],[-83.590649,9.616403],[-83.590661,9.616532],[-83.59066,9.616604],[-83.590641,9.616714],[-83.590547,9.616949],[-83.590476,9.61706],[-83.590449,9.61713],[-83.590431,9.617192],[-83.590408,9.617325],[-83.590452,9.617376],[-83.590683,9.617536],[-83.590702,9.617555],[-83.590731,9.617595],[-83.590755,9.617621],[-83.590803,9.617657],[-83.590848,9.617686],[-83.590886,9.617698],[-83.590917,9.617692],[-83.59096,9.617675],[-83.590991,9.617656],[-83.591082,9.617578],[-83.591201,9.617493],[-83.591257,9.617464],[-83.591331,9.617432],[-83.591462,9.617398],[-83.591529,9.617395],[-83.591574,9.617401],[-83.591651,9.617419],[-83.591705,9.617445],[-83.591752,9.617482],[-83.591796,9.617525],[-83.591819,9.617554],[-83.591823,9.617573]]]]}},{"type":"Feature","properties":{"origen":"PRCR05","nom_objeto":"CURVA_NIV INDICE","elevacion":3000,"codigo":"120101"},"geometry":{"type":"MultiPolygon","coordinates":[[[[-83.598619,9.605075],[-83.598614,9.605114],[-83.598598,9.605164],[-83.598587,9.60519],[-83.59856,9.605251],[-83.598528,9.605295],[-83.598484,9.605309],[-83.598428,9.605282],[-83.598357,9.605171],[-83.598299,9.605021],[-83.59826,9.604898],[-83.598231,9.60483],[-83.598192,9.604755],[-83.598154,9.604662],[-83.598151,9.604566],[-83.598159,9.60447],[-83.59818,9.604406],[-83.598228,9.604344],[-83.598326,9.604304],[-83.598435,9.604304],[-83.598506,9.604331],[-83.598566,9.604408],[-83.598577,9.604514],[-83.598534,9.604695],[-83.598525,9.604769],[-83.598541,9.604836],[-83.598576,9.60489],[-83.598602,9.604943],[-83.598613,9.605004],[-83.598619,9.605075]]]]}},{"type":"Feature","properties":{"origen":"PRCR05","nom_objeto":"CURVA_NIV INDICE","elevacion":3000,"codigo":"120101"},"geometry":{"type":"MultiPolygon","coordinates":[[[[-83.599117,9.616915],[-83.599109,9.61694],[-83.599095,9.616967],[-83.599086,9.616994],[-83.599063,9.617122],[-83.599049,9.617154],[-83.599036,9.617164],[-83.599021,9.617165],[-83.598995,9.617151],[-83.598978,9.617129],[-83.598941,9.617051],[-83.598924,9.617032],[-83.598879,9.616992],[-83.598848,9.616938],[-83.598837,9.616896],[-83.598849,9.616854],[-83.598865,9.61683],[-83.59889,9.616804],[-83.598915,9.616796],[-83.598954,9.6168],[-83.599018,9.616826],[-83.599081,9.616856],[-83.599114,9.6169],[-83.599117,9.616915]]]]}},{"type":"Feature","properties":{"origen":"PRCR05","nom_objeto":"CURVA_NIV INDICE","elevacion":3000,"codigo":"120101"},"geometry":{"type":"MultiPolygon","coordinates":[[[[-83.667017,9.596762],[-83.666974,9.596844],[-83.666831,9.596907],[-83.666697,9.596919],[-83.666563,9.59693],[-83.666429,9.596942],[-83.666294,9.596953],[-83.666195,9.59693],[-83.666079,9.596834],[-83.666112,9.596733],[-83.666213,9.596655],[-83.666357,9.596645],[-83.666502,9.596635],[-83.666646,9.596625],[-83.666791,9.596615],[-83.666944,9.596675],[-83.667017,9.596762]]]]}},{"type":"Feature","properties":{"origen":"TERRA","nom_objeto":"CURVA_NIV INDICE","elevacion":3000,"codigo":"120101"},"geometry":{"type":"MultiPolygon","coordinates":[[[[-83.708679,9.560472],[-83.70864,9.560341],[-83.708526,9.560266],[-83.708427,9.560318],[-83.708446,9.56047],[-83.708509,9.560527],[-83.708581,9.560637],[-83.70863,9.560653],[-83.708666,9.560625],[-83.708679,9.560472]]]]}}]}